rs_type,rs_ref,rs_text,citation_tree,citable_unit_cite_type,citable_unit_id,document_uri
person,gnd-118538969,Salomon Geßner,published_page,page,s03-pg85,http://rs4.ethz.ch/dts/document/?resource=https%3A%2F%2Fexample.org%2Fdts%2Fcollections%2Fhwgw%2Fs03%2Fed&ref=s03-pg85&tree=published_page
person,gnd-11701348X,J.J. Hottinger,published_page,page,s03-pg85,http://rs4.ethz.ch/dts/document/?resource=https%3A%2F%2Fexample.org%2Fdts%2Fcollections%2Fhwgw%2Fs03%2Fed&ref=s03-pg85&tree=published_page
person,gnd-116782544,Adolf Frey,published_page,page,s03-pg85,http://rs4.ethz.ch/dts/document/?resource=https%3A%2F%2Fexample.org%2Fdts%2Fcollections%2Fhwgw%2Fs03%2Fed&ref=s03-pg85&tree=published_page
person,gnd-118567780,Kürschnersche,published_page,page,s03-pg85,http://rs4.ethz.ch/dts/document/?resource=https%3A%2F%2Fexample.org%2Fdts%2Fcollections%2Fhwgw%2Fs03%2Fed&ref=s03-pg85&tree=published_page
organisation,gnd-500580-2,Künstlergesellschaft,published_page,page,s03-pg85,http://rs4.ethz.ch/dts/document/?resource=https%3A%2F%2Fexample.org%2Fdts%2Fcollections%2Fhwgw%2Fs03%2Fed&ref=s03-pg85&tree=published_page
person,gnd-116782544,Frey,published_page,page,s03-pg85,http://rs4.ethz.ch/dts/document/?resource=https%3A%2F%2Fexample.org%2Fdts%2Fcollections%2Fhwgw%2Fs03%2Fed&ref=s03-pg85&tree=published_page
person,gnd-118634496,Wölfflin,published_page,page,s03-pg85,http://rs4.ethz.ch/dts/document/?resource=https%3A%2F%2Fexample.org%2Fdts%2Fcollections%2Fhwgw%2Fs03%2Fed&ref=s03-pg85&tree=published_page
person,gnd-118634496,Wölfflins,published_page,page,s03-pg85,http://rs4.ethz.ch/dts/document/?resource=https%3A%2F%2Fexample.org%2Fdts%2Fcollections%2Fhwgw%2Fs03%2Fed&ref=s03-pg85&tree=published_page
person,gnd-117373192,Emil Sulger,published_page,page,s03-pg85,http://rs4.ethz.ch/dts/document/?resource=https%3A%2F%2Fexample.org%2Fdts%2Fcollections%2Fhwgw%2Fs03%2Fed&ref=s03-pg85&tree=published_page
person,gnd-118731890,Matthison,published_page,page,s03-pg85,http://rs4.ethz.ch/dts/document/?resource=https%3A%2F%2Fexample.org%2Fdts%2Fcollections%2Fhwgw%2Fs03%2Fed&ref=s03-pg85&tree=published_page
person,gnd-118731890,Matthisons,published_page,page,s03-pg85,http://rs4.ethz.ch/dts/document/?resource=https%3A%2F%2Fexample.org%2Fdts%2Fcollections%2Fhwgw%2Fs03%2Fed&ref=s03-pg85&tree=published_page
person,gnd-118538969,Geßner,published_page,page,s03-pg85,http://rs4.ethz.ch/dts/document/?resource=https%3A%2F%2Fexample.org%2Fdts%2Fcollections%2Fhwgw%2Fs03%2Fed&ref=s03-pg85&tree=published_page
person,gnd-1299578438,Geßner,published_page,page,s03-pg85,http://rs4.ethz.ch/dts/document/?resource=https%3A%2F%2Fexample.org%2Fdts%2Fcollections%2Fhwgw%2Fs03%2Fed&ref=s03-pg85&tree=published_page
place,gnd-4051993-4,Schaffhausen,published_page,page,s03-pg85,http://rs4.ethz.ch/dts/document/?resource=https%3A%2F%2Fexample.org%2Fdts%2Fcollections%2Fhwgw%2Fs03%2Fed&ref=s03-pg85&tree=published_page
organisation,gnd-1012546-2,ZB ZH,published_page,page,s03-pg85,http://rs4.ethz.ch/dts/document/?resource=https%3A%2F%2Fexample.org%2Fdts%2Fcollections%2Fhwgw%2Fs03%2Fed&ref=s03-pg85&tree=published_page
person,gnd-119059614,Ramlers,published_page,page,s03-pg85,http://rs4.ethz.ch/dts/document/?resource=https%3A%2F%2Fexample.org%2Fdts%2Fcollections%2Fhwgw%2Fs03%2Fed&ref=s03-pg85&tree=published_page
person,gnd-118538969,Geßner,published_page,page,s03-pg85,http://rs4.ethz.ch/dts/document/?resource=https%3A%2F%2Fexample.org%2Fdts%2Fcollections%2Fhwgw%2Fs03%2Fed&ref=s03-pg85&tree=published_page
organisation,gnd-17078-1,Stadtbibliothek,published_page,page,s03-pg85,http://rs4.ethz.ch/dts/document/?resource=https%3A%2F%2Fexample.org%2Fdts%2Fcollections%2Fhwgw%2Fs03%2Fed&ref=s03-pg85&tree=published_page
place,gnd-4068038-1,Zürich,published_page,page,s03-pg85,http://rs4.ethz.ch/dts/document/?resource=https%3A%2F%2Fexample.org%2Fdts%2Fcollections%2Fhwgw%2Fs03%2Fed&ref=s03-pg85&tree=published_page
organisation,gnd-1012546-2,ZB ZH,published_page,page,s03-pg85,http://rs4.ethz.ch/dts/document/?resource=https%3A%2F%2Fexample.org%2Fdts%2Fcollections%2Fhwgw%2Fs03%2Fed&ref=s03-pg85&tree=published_page
person,gnd-119059614,Karl Wilhelm Ramlers,published_page,page,s03-pg85,http://rs4.ethz.ch/dts/document/?resource=https%3A%2F%2Fexample.org%2Fdts%2Fcollections%2Fhwgw%2Fs03%2Fed&ref=s03-pg85&tree=published_page
person,gnd-118538969,Salomon Gessner,published_page,page,s03-pg85,http://rs4.ethz.ch/dts/document/?resource=https%3A%2F%2Fexample.org%2Fdts%2Fcollections%2Fhwgw%2Fs03%2Fed&ref=s03-pg85&tree=published_page
person,gnd-1299578438,Arnold Gessner,published_page,page,s03-pg85,http://rs4.ethz.ch/dts/document/?resource=https%3A%2F%2Fexample.org%2Fdts%2Fcollections%2Fhwgw%2Fs03%2Fed&ref=s03-pg85&tree=published_page
person,gnd-118538969,Geßner,published_page,page,s03-pg85,http://rs4.ethz.ch/dts/document/?resource=https%3A%2F%2Fexample.org%2Fdts%2Fcollections%2Fhwgw%2Fs03%2Fed&ref=s03-pg85&tree=published_page
person,gnd-1299578438,Geßner,published_page,page,s03-pg85,http://rs4.ethz.ch/dts/document/?resource=https%3A%2F%2Fexample.org%2Fdts%2Fcollections%2Fhwgw%2Fs03%2Fed&ref=s03-pg85&tree=published_page
person,gnd-118538969,Gessners,published_page,page,s03-pg85,http://rs4.ethz.ch/dts/document/?resource=https%3A%2F%2Fexample.org%2Fdts%2Fcollections%2Fhwgw%2Fs03%2Fed&ref=s03-pg85&tree=published_page
person,gnd-117184934,Johann Georg Schulthess,published_page,page,s03-pg85,http://rs4.ethz.ch/dts/document/?resource=https%3A%2F%2Fexample.org%2Fdts%2Fcollections%2Fhwgw%2Fs03%2Fed&ref=s03-pg85&tree=published_page
organisation,gnd-1012546-2,ZB ZH,published_page,page,s03-pg85,http://rs4.ethz.ch/dts/document/?resource=https%3A%2F%2Fexample.org%2Fdts%2Fcollections%2Fhwgw%2Fs03%2Fed&ref=s03-pg85&tree=published_page
person,gnd-118538969,Geßners,published_page,page,s03-pg85,http://rs4.ethz.ch/dts/document/?resource=https%3A%2F%2Fexample.org%2Fdts%2Fcollections%2Fhwgw%2Fs03%2Fed&ref=s03-pg85&tree=published_page
person,gnd-118538969,Geßner,published_page,page,s03-pg85,http://rs4.ethz.ch/dts/document/?resource=https%3A%2F%2Fexample.org%2Fdts%2Fcollections%2Fhwgw%2Fs03%2Fed&ref=s03-pg85&tree=published_page
person,gnd-102121982,Steinbrüchels,published_page,page,s03-pg85,http://rs4.ethz.ch/dts/document/?resource=https%3A%2F%2Fexample.org%2Fdts%2Fcollections%2Fhwgw%2Fs03%2Fed&ref=s03-pg85&tree=published_page
person,gnd-118717758,Gleims,published_page,page,s03-pg85,http://rs4.ethz.ch/dts/document/?resource=https%3A%2F%2Fexample.org%2Fdts%2Fcollections%2Fhwgw%2Fs03%2Fed&ref=s03-pg85&tree=published_page
person,gnd-118674315,Bronners,published_page,page,s03-pg85,http://rs4.ethz.ch/dts/document/?resource=https%3A%2F%2Fexample.org%2Fdts%2Fcollections%2Fhwgw%2Fs03%2Fed&ref=s03-pg85&tree=published_page
person,gnd-118538969,Gessner,published_page,page,s03-pg85,http://rs4.ethz.ch/dts/document/?resource=https%3A%2F%2Fexample.org%2Fdts%2Fcollections%2Fhwgw%2Fs03%2Fed&ref=s03-pg85&tree=published_page
person,gnd-118634496,Wölfflin,published_page,page,s03-pg85,http://rs4.ethz.ch/dts/document/?resource=https%3A%2F%2Fexample.org%2Fdts%2Fcollections%2Fhwgw%2Fs03%2Fed&ref=s03-pg85&tree=published_page
person,gnd-118538969,Geßner,published_page,page,s03-pg85,http://rs4.ethz.ch/dts/document/?resource=https%3A%2F%2Fexample.org%2Fdts%2Fcollections%2Fhwgw%2Fs03%2Fed&ref=s03-pg85&tree=published_page
person,gnd-119068583,Collins,published_page,page,s03-pg86,http://rs4.ethz.ch/dts/document/?resource=https%3A%2F%2Fexample.org%2Fdts%2Fcollections%2Fhwgw%2Fs03%2Fed&ref=s03-pg86&tree=published_page
person,gnd-1011278642,Nüscheler,published_page,page,s03-pg86,http://rs4.ethz.ch/dts/document/?resource=https%3A%2F%2Fexample.org%2Fdts%2Fcollections%2Fhwgw%2Fs03%2Fed&ref=s03-pg86&tree=published_page
person,gnd-118538969,Geßner,published_page,page,s03-pg86,http://rs4.ethz.ch/dts/document/?resource=https%3A%2F%2Fexample.org%2Fdts%2Fcollections%2Fhwgw%2Fs03%2Fed&ref=s03-pg86&tree=published_page
person,gnd-118634496,Wölfflin,published_page,page,s03-pg86,http://rs4.ethz.ch/dts/document/?resource=https%3A%2F%2Fexample.org%2Fdts%2Fcollections%2Fhwgw%2Fs03%2Fed&ref=s03-pg86&tree=published_page
person,gnd-118634496,Wölfflin,published_page,page,s03-pg86,http://rs4.ethz.ch/dts/document/?resource=https%3A%2F%2Fexample.org%2Fdts%2Fcollections%2Fhwgw%2Fs03%2Fed&ref=s03-pg86&tree=published_page
person,gnd-118634496,Wölfflin,published_page,page,s03-pg86,http://rs4.ethz.ch/dts/document/?resource=https%3A%2F%2Fexample.org%2Fdts%2Fcollections%2Fhwgw%2Fs03%2Fed&ref=s03-pg86&tree=published_page
person,gnd-118723499,Kleist,published_page,page,s03-pg86,http://rs4.ethz.ch/dts/document/?resource=https%3A%2F%2Fexample.org%2Fdts%2Fcollections%2Fhwgw%2Fs03%2Fed&ref=s03-pg86&tree=published_page
person,gnd-118500074,Abbt,published_page,page,s03-pg86,http://rs4.ethz.ch/dts/document/?resource=https%3A%2F%2Fexample.org%2Fdts%2Fcollections%2Fhwgw%2Fs03%2Fed&ref=s03-pg86&tree=published_page
person,gnd-118605747,Sauer,published_page,page,s03-pg86,http://rs4.ethz.ch/dts/document/?resource=https%3A%2F%2Fexample.org%2Fdts%2Fcollections%2Fhwgw%2Fs03%2Fed&ref=s03-pg86&tree=published_page
person,gnd-116782544,Frey,published_page,page,s03-pg86,http://rs4.ethz.ch/dts/document/?resource=https%3A%2F%2Fexample.org%2Fdts%2Fcollections%2Fhwgw%2Fs03%2Fed&ref=s03-pg86&tree=published_page
person,gnd-118636979,Zimmermann,published_page,page,s03-pg86,http://rs4.ethz.ch/dts/document/?resource=https%3A%2F%2Fexample.org%2Fdts%2Fcollections%2Fhwgw%2Fs03%2Fed&ref=s03-pg86&tree=published_page
person,gnd-118500074,Abbts,published_page,page,s03-pg86,http://rs4.ethz.ch/dts/document/?resource=https%3A%2F%2Fexample.org%2Fdts%2Fcollections%2Fhwgw%2Fs03%2Fed&ref=s03-pg86&tree=published_page
person,gnd-118723499,Kleists,published_page,page,s03-pg86,http://rs4.ethz.ch/dts/document/?resource=https%3A%2F%2Fexample.org%2Fdts%2Fcollections%2Fhwgw%2Fs03%2Fed&ref=s03-pg86&tree=published_page
person,gnd-118587668,Nicolais,published_page,page,s03-pg86,http://rs4.ethz.ch/dts/document/?resource=https%3A%2F%2Fexample.org%2Fdts%2Fcollections%2Fhwgw%2Fs03%2Fed&ref=s03-pg86&tree=published_page
person,gnd-118634496,Wölfflin,published_page,page,s03-pg86,http://rs4.ethz.ch/dts/document/?resource=https%3A%2F%2Fexample.org%2Fdts%2Fcollections%2Fhwgw%2Fs03%2Fed&ref=s03-pg86&tree=published_page
person,gnd-118538969,Gessners,published_page,page,s03-pg86,http://rs4.ethz.ch/dts/document/?resource=https%3A%2F%2Fexample.org%2Fdts%2Fcollections%2Fhwgw%2Fs03%2Fed&ref=s03-pg86&tree=published_page
person,gnd-118636979,Zimmermann,published_page,page,s03-pg86,http://rs4.ethz.ch/dts/document/?resource=https%3A%2F%2Fexample.org%2Fdts%2Fcollections%2Fhwgw%2Fs03%2Fed&ref=s03-pg86&tree=published_page
person,gnd-118587668,Nicolai,published_page,page,s03-pg86,http://rs4.ethz.ch/dts/document/?resource=https%3A%2F%2Fexample.org%2Fdts%2Fcollections%2Fhwgw%2Fs03%2Fed&ref=s03-pg86&tree=published_page
person,gnd-118538969,Geßner,published_page,page,s03-pg86,http://rs4.ethz.ch/dts/document/?resource=https%3A%2F%2Fexample.org%2Fdts%2Fcollections%2Fhwgw%2Fs03%2Fed&ref=s03-pg86&tree=published_page
person,gnd-118525263,Diderots,published_page,page,s03-pg86,http://rs4.ethz.ch/dts/document/?resource=https%3A%2F%2Fexample.org%2Fdts%2Fcollections%2Fhwgw%2Fs03%2Fed&ref=s03-pg86&tree=published_page
person,gnd-118525263,Diderot,published_page,page,s03-pg86,http://rs4.ethz.ch/dts/document/?resource=https%3A%2F%2Fexample.org%2Fdts%2Fcollections%2Fhwgw%2Fs03%2Fed&ref=s03-pg86&tree=published_page
person,gnd-118538969,Gessner,published_page,page,s03-pg86,http://rs4.ethz.ch/dts/document/?resource=https%3A%2F%2Fexample.org%2Fdts%2Fcollections%2Fhwgw%2Fs03%2Fed&ref=s03-pg86&tree=published_page
person,gnd-118634496,Wölfflin,published_page,page,s03-pg86,http://rs4.ethz.ch/dts/document/?resource=https%3A%2F%2Fexample.org%2Fdts%2Fcollections%2Fhwgw%2Fs03%2Fed&ref=s03-pg86&tree=published_page
person,gnd-118525263,Diderots,published_page,page,s03-pg86,http://rs4.ethz.ch/dts/document/?resource=https%3A%2F%2Fexample.org%2Fdts%2Fcollections%2Fhwgw%2Fs03%2Fed&ref=s03-pg86&tree=published_page
person,gnd-116137258,Bernays,published_page,page,s03-pg86,http://rs4.ethz.ch/dts/document/?resource=https%3A%2F%2Fexample.org%2Fdts%2Fcollections%2Fhwgw%2Fs03%2Fed&ref=s03-pg86&tree=published_page
place,gnd-4127793-4,München,published_page,page,s03-pg86,http://rs4.ethz.ch/dts/document/?resource=https%3A%2F%2Fexample.org%2Fdts%2Fcollections%2Fhwgw%2Fs03%2Fed&ref=s03-pg86&tree=published_page
person,gnd-118538969,Salomon Gessner,published_page,page,s03-pg86,http://rs4.ethz.ch/dts/document/?resource=https%3A%2F%2Fexample.org%2Fdts%2Fcollections%2Fhwgw%2Fs03%2Fed&ref=s03-pg86&tree=published_page
person,gnd-118634496,Wölfflins,published_page,page,s03-pg86,http://rs4.ethz.ch/dts/document/?resource=https%3A%2F%2Fexample.org%2Fdts%2Fcollections%2Fhwgw%2Fs03%2Fed&ref=s03-pg86&tree=published_page
person,gnd-116137258,Michael Bernays’,published_page,page,s03-pg86,http://rs4.ethz.ch/dts/document/?resource=https%3A%2F%2Fexample.org%2Fdts%2Fcollections%2Fhwgw%2Fs03%2Fed&ref=s03-pg86&tree=published_page
place,gnd-4127793-4,München,published_page,page,s03-pg86,http://rs4.ethz.ch/dts/document/?resource=https%3A%2F%2Fexample.org%2Fdts%2Fcollections%2Fhwgw%2Fs03%2Fed&ref=s03-pg86&tree=published_page
person,gnd-118634496,Wölfflin,published_page,page,s03-pg86,http://rs4.ethz.ch/dts/document/?resource=https%3A%2F%2Fexample.org%2Fdts%2Fcollections%2Fhwgw%2Fs03%2Fed&ref=s03-pg86&tree=published_page
person,gnd-118538969,Geßner,published_page,page,s03-pg86,http://rs4.ethz.ch/dts/document/?resource=https%3A%2F%2Fexample.org%2Fdts%2Fcollections%2Fhwgw%2Fs03%2Fed&ref=s03-pg86&tree=published_page
person,gnd-117453471,Eltern,published_page,page,s03-pg86,http://rs4.ethz.ch/dts/document/?resource=https%3A%2F%2Fexample.org%2Fdts%2Fcollections%2Fhwgw%2Fs03%2Fed&ref=s03-pg86&tree=published_page
person,gnd-116137258,Bernays,published_page,page,s03-pg86,http://rs4.ethz.ch/dts/document/?resource=https%3A%2F%2Fexample.org%2Fdts%2Fcollections%2Fhwgw%2Fs03%2Fed&ref=s03-pg86&tree=published_page
person,gnd-118634496,Wölfflins,published_page,page,s03-pg86,http://rs4.ethz.ch/dts/document/?resource=https%3A%2F%2Fexample.org%2Fdts%2Fcollections%2Fhwgw%2Fs03%2Fed&ref=s03-pg86&tree=published_page
person,gnd-1089910436,Eltern,published_page,page,s03-pg86,http://rs4.ethz.ch/dts/document/?resource=https%3A%2F%2Fexample.org%2Fdts%2Fcollections%2Fhwgw%2Fs03%2Fed&ref=s03-pg86&tree=published_page
person,gnd-11856109X,Gottfried Keller,published_page,page,s03-pg86,http://rs4.ethz.ch/dts/document/?resource=https%3A%2F%2Fexample.org%2Fdts%2Fcollections%2Fhwgw%2Fs03%2Fed&ref=s03-pg86&tree=published_page
person,gnd-118634496,Wölfflins,published_page,page,s03-pg86,http://rs4.ethz.ch/dts/document/?resource=https%3A%2F%2Fexample.org%2Fdts%2Fcollections%2Fhwgw%2Fs03%2Fed&ref=s03-pg86&tree=published_page
person,gnd-118512374,Böcklin,published_page,page,s03-pg86,http://rs4.ethz.ch/dts/document/?resource=https%3A%2F%2Fexample.org%2Fdts%2Fcollections%2Fhwgw%2Fs03%2Fed&ref=s03-pg86&tree=published_page
person,gnd-118538969,Geßner,published_page,page,s03-pg86,http://rs4.ethz.ch/dts/document/?resource=https%3A%2F%2Fexample.org%2Fdts%2Fcollections%2Fhwgw%2Fs03%2Fed&ref=s03-pg86&tree=published_page
person,gnd-118766759,Welti (A.),published_page,page,s03-pg86,http://rs4.ethz.ch/dts/document/?resource=https%3A%2F%2Fexample.org%2Fdts%2Fcollections%2Fhwgw%2Fs03%2Fed&ref=s03-pg86&tree=published_page
person,gnd-118512374,Böcklin,published_page,page,s03-pg86,http://rs4.ethz.ch/dts/document/?resource=https%3A%2F%2Fexample.org%2Fdts%2Fcollections%2Fhwgw%2Fs03%2Fed&ref=s03-pg86&tree=published_page
place,gnd-4050471-2,Rom,published_page,page,s03-pg86,http://rs4.ethz.ch/dts/document/?resource=https%3A%2F%2Fexample.org%2Fdts%2Fcollections%2Fhwgw%2Fs03%2Fed&ref=s03-pg86&tree=published_page
place,gnd-4127793-4,München,published_page,page,s03-pg86,http://rs4.ethz.ch/dts/document/?resource=https%3A%2F%2Fexample.org%2Fdts%2Fcollections%2Fhwgw%2Fs03%2Fed&ref=s03-pg86&tree=published_page
person,gnd-118634496,H. Wölfflin,published_page,page,s03-pg86,http://rs4.ethz.ch/dts/document/?resource=https%3A%2F%2Fexample.org%2Fdts%2Fcollections%2Fhwgw%2Fs03%2Fed&ref=s03-pg86&tree=published_page
person,gnd-118538969,Salomon Gessner,published_page,page,s03-pg89,http://rs4.ethz.ch/dts/document/?resource=https%3A%2F%2Fexample.org%2Fdts%2Fcollections%2Fhwgw%2Fs03%2Fed&ref=s03-pg89&tree=published_page
object,object-Junger-Bacchus-u-54,"Junger Bacchus umarmt kleines Mädchen, in Kartusche mit flötendem Faunkind und Putte {HW: Knabe ein Mädchen überwältigend}",published_page,page,s03-pg89,http://rs4.ethz.ch/dts/document/?resource=https%3A%2F%2Fexample.org%2Fdts%2Fcollections%2Fhwgw%2Fs03%2Fed&ref=s03-pg89&tree=published_page
person,gnd-118634496,Wölfflins,published_page,page,s03-pg89,http://rs4.ethz.ch/dts/document/?resource=https%3A%2F%2Fexample.org%2Fdts%2Fcollections%2Fhwgw%2Fs03%2Fed&ref=s03-pg89&tree=published_page
person,gnd-118538969,Geßner,published_page,page,s03-pg89,http://rs4.ethz.ch/dts/document/?resource=https%3A%2F%2Fexample.org%2Fdts%2Fcollections%2Fhwgw%2Fs03%2Fed&ref=s03-pg89&tree=published_page
place,gnd-4068038-1,Zürich,published_page,page,s03-pg89,http://rs4.ethz.ch/dts/document/?resource=https%3A%2F%2Fexample.org%2Fdts%2Fcollections%2Fhwgw%2Fs03%2Fed&ref=s03-pg89&tree=published_page
person,gnd-116898186,H. Lempertz,published_page,page,s03-pg89,http://rs4.ethz.ch/dts/document/?resource=https%3A%2F%2Fexample.org%2Fdts%2Fcollections%2Fhwgw%2Fs03%2Fed&ref=s03-pg89&tree=published_page
place,gnd-4031483-2,Köln,published_page,page,s03-pg89,http://rs4.ethz.ch/dts/document/?resource=https%3A%2F%2Fexample.org%2Fdts%2Fcollections%2Fhwgw%2Fs03%2Fed&ref=s03-pg89&tree=published_page
person,gnd-116898186,Lempertz,published_page,page,s03-pg89,http://rs4.ethz.ch/dts/document/?resource=https%3A%2F%2Fexample.org%2Fdts%2Fcollections%2Fhwgw%2Fs03%2Fed&ref=s03-pg89&tree=published_page
person,gnd-118553569,Horaz,published_page,page,s03-pg89,http://rs4.ethz.ch/dts/document/?resource=https%3A%2F%2Fexample.org%2Fdts%2Fcollections%2Fhwgw%2Fs03%2Fed&ref=s03-pg89&tree=published_page
person,gnd-118634496,Wölfflin,published_page,page,s03-pg89,http://rs4.ethz.ch/dts/document/?resource=https%3A%2F%2Fexample.org%2Fdts%2Fcollections%2Fhwgw%2Fs03%2Fed&ref=s03-pg89&tree=published_page
person,gnd-118553569,Horaz,published_page,page,s03-pg89,http://rs4.ethz.ch/dts/document/?resource=https%3A%2F%2Fexample.org%2Fdts%2Fcollections%2Fhwgw%2Fs03%2Fed&ref=s03-pg89&tree=published_page
person,gnd-118538969,Gessner,published_page,page,s03-pg89,http://rs4.ethz.ch/dts/document/?resource=https%3A%2F%2Fexample.org%2Fdts%2Fcollections%2Fhwgw%2Fs03%2Fed&ref=s03-pg89&tree=published_page
person,gnd-118538969,Geßner,published_page,page,s03-pg89,http://rs4.ethz.ch/dts/document/?resource=https%3A%2F%2Fexample.org%2Fdts%2Fcollections%2Fhwgw%2Fs03%2Fed&ref=s03-pg89&tree=published_page
person,gnd-118538969,Geßners,published_page,page,s03-pg89,http://rs4.ethz.ch/dts/document/?resource=https%3A%2F%2Fexample.org%2Fdts%2Fcollections%2Fhwgw%2Fs03%2Fed&ref=s03-pg89&tree=published_page
person,gnd-118540238,Goethes,published_page,page,s03-pg90,http://rs4.ethz.ch/dts/document/?resource=https%3A%2F%2Fexample.org%2Fdts%2Fcollections%2Fhwgw%2Fs03%2Fed&ref=s03-pg90&tree=published_page
person,gnd-118538969,Geßner,published_page,page,s03-pg90,http://rs4.ethz.ch/dts/document/?resource=https%3A%2F%2Fexample.org%2Fdts%2Fcollections%2Fhwgw%2Fs03%2Fed&ref=s03-pg90&tree=published_page
person,gnd-118538969,Salomon Geßner,published_page,page,s03-pg90,http://rs4.ethz.ch/dts/document/?resource=https%3A%2F%2Fexample.org%2Fdts%2Fcollections%2Fhwgw%2Fs03%2Fed&ref=s03-pg90&tree=published_page
place,gnd-4068038-1,Zürich,published_page,page,s03-pg90,http://rs4.ethz.ch/dts/document/?resource=https%3A%2F%2Fexample.org%2Fdts%2Fcollections%2Fhwgw%2Fs03%2Fed&ref=s03-pg90&tree=published_page
person,gnd-1089433735,Conrad Geßner,published_page,page,s03-pg90,http://rs4.ethz.ch/dts/document/?resource=https%3A%2F%2Fexample.org%2Fdts%2Fcollections%2Fhwgw%2Fs03%2Fed&ref=s03-pg90&tree=published_page
organisation,gnd-1089037147,Großen Rats,published_page,page,s03-pg90,http://rs4.ethz.ch/dts/document/?resource=https%3A%2F%2Fexample.org%2Fdts%2Fcollections%2Fhwgw%2Fs03%2Fed&ref=s03-pg90&tree=published_page
person,gnd-129957923X,Esther,published_page,page,s03-pg90,http://rs4.ethz.ch/dts/document/?resource=https%3A%2F%2Fexample.org%2Fdts%2Fcollections%2Fhwgw%2Fs03%2Fed&ref=s03-pg90&tree=published_page
person,gnd-129957923X,Esther Geßner,published_page,page,s03-pg90,http://rs4.ethz.ch/dts/document/?resource=https%3A%2F%2Fexample.org%2Fdts%2Fcollections%2Fhwgw%2Fs03%2Fed&ref=s03-pg90&tree=published_page
place,gnd-4053881-3,Schweiz,published_page,page,s03-pg90,http://rs4.ethz.ch/dts/document/?resource=https%3A%2F%2Fexample.org%2Fdts%2Fcollections%2Fhwgw%2Fs03%2Fed&ref=s03-pg90&tree=published_page
place,gnd-4068038-1,Zürich,published_page,page,s03-pg90,http://rs4.ethz.ch/dts/document/?resource=https%3A%2F%2Fexample.org%2Fdts%2Fcollections%2Fhwgw%2Fs03%2Fed&ref=s03-pg90&tree=published_page
person,gnd-118694413,Conrad Geßner,published_page,page,s03-pg90,http://rs4.ethz.ch/dts/document/?resource=https%3A%2F%2Fexample.org%2Fdts%2Fcollections%2Fhwgw%2Fs03%2Fed&ref=s03-pg90&tree=published_page
person,gnd-119331136,Johannes,published_page,page,s03-pg90,http://rs4.ethz.ch/dts/document/?resource=https%3A%2F%2Fexample.org%2Fdts%2Fcollections%2Fhwgw%2Fs03%2Fed&ref=s03-pg90&tree=published_page
person,gnd-118545140,Haller,published_page,page,s03-pg90,http://rs4.ethz.ch/dts/document/?resource=https%3A%2F%2Fexample.org%2Fdts%2Fcollections%2Fhwgw%2Fs03%2Fed&ref=s03-pg90&tree=published_page
person,gnd-118538969,Geßner,published_page,page,s03-pg90,http://rs4.ethz.ch/dts/document/?resource=https%3A%2F%2Fexample.org%2Fdts%2Fcollections%2Fhwgw%2Fs03%2Fed&ref=s03-pg90&tree=published_page
person,gnd-118694413,Conrad Geßner,published_page,page,s03-pg90,http://rs4.ethz.ch/dts/document/?resource=https%3A%2F%2Fexample.org%2Fdts%2Fcollections%2Fhwgw%2Fs03%2Fed&ref=s03-pg90&tree=published_page
person,gnd-118538969,Salomon,published_page,page,s03-pg90,http://rs4.ethz.ch/dts/document/?resource=https%3A%2F%2Fexample.org%2Fdts%2Fcollections%2Fhwgw%2Fs03%2Fed&ref=s03-pg90&tree=published_page
person,gnd-118538969,Geßners,published_page,page,s03-pg90,http://rs4.ethz.ch/dts/document/?resource=https%3A%2F%2Fexample.org%2Fdts%2Fcollections%2Fhwgw%2Fs03%2Fed&ref=s03-pg90&tree=published_page
person,gnd-11701348X,Hottinger,published_page,page,s03-pg90,http://rs4.ethz.ch/dts/document/?resource=https%3A%2F%2Fexample.org%2Fdts%2Fcollections%2Fhwgw%2Fs03%2Fed&ref=s03-pg90&tree=published_page
place,gnd-1302307541,Geßnerschen Hause,published_page,page,s03-pg90,http://rs4.ethz.ch/dts/document/?resource=https%3A%2F%2Fexample.org%2Fdts%2Fcollections%2Fhwgw%2Fs03%2Fed&ref=s03-pg90&tree=published_page
person,gnd-118538969,Geßner,published_page,page,s03-pg91,http://rs4.ethz.ch/dts/document/?resource=https%3A%2F%2Fexample.org%2Fdts%2Fcollections%2Fhwgw%2Fs03%2Fed&ref=s03-pg91&tree=published_page
person,gnd-11701348X,J.J. Hottinger,published_page,page,s03-pg91,http://rs4.ethz.ch/dts/document/?resource=https%3A%2F%2Fexample.org%2Fdts%2Fcollections%2Fhwgw%2Fs03%2Fed&ref=s03-pg91&tree=published_page
person,gnd-1089570317,Vögeli,published_page,page,s03-pg91,http://rs4.ethz.ch/dts/document/?resource=https%3A%2F%2Fexample.org%2Fdts%2Fcollections%2Fhwgw%2Fs03%2Fed&ref=s03-pg91&tree=published_page
place,gnd-4543293-4,Berg am Irchel,published_page,page,s03-pg91,http://rs4.ethz.ch/dts/document/?resource=https%3A%2F%2Fexample.org%2Fdts%2Fcollections%2Fhwgw%2Fs03%2Fed&ref=s03-pg91&tree=published_page
place,gnd-4068038-1,Zürich,published_page,page,s03-pg91,http://rs4.ethz.ch/dts/document/?resource=https%3A%2F%2Fexample.org%2Fdts%2Fcollections%2Fhwgw%2Fs03%2Fed&ref=s03-pg91&tree=published_page
person,gnd-118538969,Salomon,published_page,page,s03-pg91,http://rs4.ethz.ch/dts/document/?resource=https%3A%2F%2Fexample.org%2Fdts%2Fcollections%2Fhwgw%2Fs03%2Fed&ref=s03-pg91&tree=published_page
place,gnd-1302308904,Pfarrhaus,published_page,page,s03-pg91,http://rs4.ethz.ch/dts/document/?resource=https%3A%2F%2Fexample.org%2Fdts%2Fcollections%2Fhwgw%2Fs03%2Fed&ref=s03-pg91&tree=published_page
place,gnd-1302309501,Bergland des Irchel,published_page,page,s03-pg91,http://rs4.ethz.ch/dts/document/?resource=https%3A%2F%2Fexample.org%2Fdts%2Fcollections%2Fhwgw%2Fs03%2Fed&ref=s03-pg91&tree=published_page
person,gnd-1089570317,Pfarrers,published_page,page,s03-pg91,http://rs4.ethz.ch/dts/document/?resource=https%3A%2F%2Fexample.org%2Fdts%2Fcollections%2Fhwgw%2Fs03%2Fed&ref=s03-pg91&tree=published_page
place,gnd-4543293-4,Berg,published_page,page,s03-pg91,http://rs4.ethz.ch/dts/document/?resource=https%3A%2F%2Fexample.org%2Fdts%2Fcollections%2Fhwgw%2Fs03%2Fed&ref=s03-pg91&tree=published_page
person,gnd-1089570317,Pfarrer,published_page,page,s03-pg91,http://rs4.ethz.ch/dts/document/?resource=https%3A%2F%2Fexample.org%2Fdts%2Fcollections%2Fhwgw%2Fs03%2Fed&ref=s03-pg91&tree=published_page
person,gnd-118515586,Brockes,published_page,page,s03-pg91,http://rs4.ethz.ch/dts/document/?resource=https%3A%2F%2Fexample.org%2Fdts%2Fcollections%2Fhwgw%2Fs03%2Fed&ref=s03-pg91&tree=published_page
person,gnd-1089433735,Vater,published_page,page,s03-pg91,http://rs4.ethz.ch/dts/document/?resource=https%3A%2F%2Fexample.org%2Fdts%2Fcollections%2Fhwgw%2Fs03%2Fed&ref=s03-pg91&tree=published_page
place,gnd-4068038-1,Zürich,published_page,page,s03-pg91,http://rs4.ethz.ch/dts/document/?resource=https%3A%2F%2Fexample.org%2Fdts%2Fcollections%2Fhwgw%2Fs03%2Fed&ref=s03-pg91&tree=published_page
person,gnd-140109234,Bürcklj,published_page,page,s03-pg91,http://rs4.ethz.ch/dts/document/?resource=https%3A%2F%2Fexample.org%2Fdts%2Fcollections%2Fhwgw%2Fs03%2Fed&ref=s03-pg91&tree=published_page
person,gnd-1089570317,Vögeli,published_page,page,s03-pg91,http://rs4.ethz.ch/dts/document/?resource=https%3A%2F%2Fexample.org%2Fdts%2Fcollections%2Fhwgw%2Fs03%2Fed&ref=s03-pg91&tree=published_page
person,gnd-118538969,Salomon,published_page,page,s03-pg91,http://rs4.ethz.ch/dts/document/?resource=https%3A%2F%2Fexample.org%2Fdts%2Fcollections%2Fhwgw%2Fs03%2Fed&ref=s03-pg91&tree=published_page
person,gnd-1089433735,Vater,published_page,page,s03-pg92,http://rs4.ethz.ch/dts/document/?resource=https%3A%2F%2Fexample.org%2Fdts%2Fcollections%2Fhwgw%2Fs03%2Fed&ref=s03-pg92&tree=published_page
person,gnd-118538969,Geßners,published_page,page,s03-pg92,http://rs4.ethz.ch/dts/document/?resource=https%3A%2F%2Fexample.org%2Fdts%2Fcollections%2Fhwgw%2Fs03%2Fed&ref=s03-pg92&tree=published_page
place,gnd-4543293-4,Berg,published_page,page,s03-pg92,http://rs4.ethz.ch/dts/document/?resource=https%3A%2F%2Fexample.org%2Fdts%2Fcollections%2Fhwgw%2Fs03%2Fed&ref=s03-pg92&tree=published_page
place,gnd-4068038-1,Stadt,published_page,page,s03-pg92,http://rs4.ethz.ch/dts/document/?resource=https%3A%2F%2Fexample.org%2Fdts%2Fcollections%2Fhwgw%2Fs03%2Fed&ref=s03-pg92&tree=published_page
person,gnd-11701348X,Hottinger,published_page,page,s03-pg92,http://rs4.ethz.ch/dts/document/?resource=https%3A%2F%2Fexample.org%2Fdts%2Fcollections%2Fhwgw%2Fs03%2Fed&ref=s03-pg92&tree=published_page
person,gnd-11701348X,Hottinger,published_page,page,s03-pg92,http://rs4.ethz.ch/dts/document/?resource=https%3A%2F%2Fexample.org%2Fdts%2Fcollections%2Fhwgw%2Fs03%2Fed&ref=s03-pg92&tree=published_page
person,gnd-118538969,Sohn,published_page,page,s03-pg92,http://rs4.ethz.ch/dts/document/?resource=https%3A%2F%2Fexample.org%2Fdts%2Fcollections%2Fhwgw%2Fs03%2Fed&ref=s03-pg92&tree=published_page
person,gnd-118538969,Gessners,published_page,page,s03-pg92,http://rs4.ethz.ch/dts/document/?resource=https%3A%2F%2Fexample.org%2Fdts%2Fcollections%2Fhwgw%2Fs03%2Fed&ref=s03-pg92&tree=published_page
person,gnd-1089433735,Vater,published_page,page,s03-pg92,http://rs4.ethz.ch/dts/document/?resource=https%3A%2F%2Fexample.org%2Fdts%2Fcollections%2Fhwgw%2Fs03%2Fed&ref=s03-pg92&tree=published_page
place,gnd-4543293-4,Berg am Irchel,published_page,page,s03-pg92,http://rs4.ethz.ch/dts/document/?resource=https%3A%2F%2Fexample.org%2Fdts%2Fcollections%2Fhwgw%2Fs03%2Fed&ref=s03-pg92&tree=published_page
person,gnd-118538969,Geßner,published_page,page,s03-pg92,http://rs4.ethz.ch/dts/document/?resource=https%3A%2F%2Fexample.org%2Fdts%2Fcollections%2Fhwgw%2Fs03%2Fed&ref=s03-pg92&tree=published_page
person,gnd-118515586,Brockes,published_page,page,s03-pg92,http://rs4.ethz.ch/dts/document/?resource=https%3A%2F%2Fexample.org%2Fdts%2Fcollections%2Fhwgw%2Fs03%2Fed&ref=s03-pg92&tree=published_page
person,gnd-118515586,Brockes,published_page,page,s03-pg92,http://rs4.ethz.ch/dts/document/?resource=https%3A%2F%2Fexample.org%2Fdts%2Fcollections%2Fhwgw%2Fs03%2Fed&ref=s03-pg92&tree=published_page
person,gnd-118634496,Wölfflin,published_page,page,s03-pg92,http://rs4.ethz.ch/dts/document/?resource=https%3A%2F%2Fexample.org%2Fdts%2Fcollections%2Fhwgw%2Fs03%2Fed&ref=s03-pg92&tree=published_page
person,gnd-118515586,Brockesschen,published_page,page,s03-pg92,http://rs4.ethz.ch/dts/document/?resource=https%3A%2F%2Fexample.org%2Fdts%2Fcollections%2Fhwgw%2Fs03%2Fed&ref=s03-pg92&tree=published_page
person,gnd-118717758,Gleim,published_page,page,s03-pg92,http://rs4.ethz.ch/dts/document/?resource=https%3A%2F%2Fexample.org%2Fdts%2Fcollections%2Fhwgw%2Fs03%2Fed&ref=s03-pg92&tree=published_page
person,gnd-118627813,Voltaire,published_page,page,s03-pg92,http://rs4.ethz.ch/dts/document/?resource=https%3A%2F%2Fexample.org%2Fdts%2Fcollections%2Fhwgw%2Fs03%2Fed&ref=s03-pg92&tree=published_page
person,gnd-118538969,Geßner,published_page,page,s03-pg93,http://rs4.ethz.ch/dts/document/?resource=https%3A%2F%2Fexample.org%2Fdts%2Fcollections%2Fhwgw%2Fs03%2Fed&ref=s03-pg93&tree=published_page
person,gnd-118717758,Gleimischer,published_page,page,s03-pg93,http://rs4.ethz.ch/dts/document/?resource=https%3A%2F%2Fexample.org%2Fdts%2Fcollections%2Fhwgw%2Fs03%2Fed&ref=s03-pg93&tree=published_page
person,gnd-118634496,Wölfflin,published_page,page,s03-pg93,http://rs4.ethz.ch/dts/document/?resource=https%3A%2F%2Fexample.org%2Fdts%2Fcollections%2Fhwgw%2Fs03%2Fed&ref=s03-pg93&tree=published_page
person,gnd-118717758,Gleimisch,published_page,page,s03-pg93,http://rs4.ethz.ch/dts/document/?resource=https%3A%2F%2Fexample.org%2Fdts%2Fcollections%2Fhwgw%2Fs03%2Fed&ref=s03-pg93&tree=published_page
person,gnd-11701348X,Hottinger,published_page,page,s03-pg93,http://rs4.ethz.ch/dts/document/?resource=https%3A%2F%2Fexample.org%2Fdts%2Fcollections%2Fhwgw%2Fs03%2Fed&ref=s03-pg93&tree=published_page
person,gnd-11708820X,Mörikofer,published_page,page,s03-pg93,http://rs4.ethz.ch/dts/document/?resource=https%3A%2F%2Fexample.org%2Fdts%2Fcollections%2Fhwgw%2Fs03%2Fed&ref=s03-pg93&tree=published_page
person,gnd-118634496,Wölfflin,published_page,page,s03-pg93,http://rs4.ethz.ch/dts/document/?resource=https%3A%2F%2Fexample.org%2Fdts%2Fcollections%2Fhwgw%2Fs03%2Fed&ref=s03-pg93&tree=published_page
person,gnd-118634496,Wölfflin,published_page,page,s03-pg93,http://rs4.ethz.ch/dts/document/?resource=https%3A%2F%2Fexample.org%2Fdts%2Fcollections%2Fhwgw%2Fs03%2Fed&ref=s03-pg93&tree=published_page
person,gnd-118538969,Geßners,published_page,page,s03-pg94,http://rs4.ethz.ch/dts/document/?resource=https%3A%2F%2Fexample.org%2Fdts%2Fcollections%2Fhwgw%2Fs03%2Fed&ref=s03-pg94&tree=published_page
person,gnd-11701348X,Hottinger,published_page,page,s03-pg94,http://rs4.ethz.ch/dts/document/?resource=https%3A%2F%2Fexample.org%2Fdts%2Fcollections%2Fhwgw%2Fs03%2Fed&ref=s03-pg94&tree=published_page
person,gnd-11701348X,Hottinger,published_page,page,s03-pg94,http://rs4.ethz.ch/dts/document/?resource=https%3A%2F%2Fexample.org%2Fdts%2Fcollections%2Fhwgw%2Fs03%2Fed&ref=s03-pg94&tree=published_page
person,gnd-118908154,Hagedorns,published_page,page,s03-pg94,http://rs4.ethz.ch/dts/document/?resource=https%3A%2F%2Fexample.org%2Fdts%2Fcollections%2Fhwgw%2Fs03%2Fed&ref=s03-pg94&tree=published_page
person,gnd-11701348X,Hottinger,published_page,page,s03-pg94,http://rs4.ethz.ch/dts/document/?resource=https%3A%2F%2Fexample.org%2Fdts%2Fcollections%2Fhwgw%2Fs03%2Fed&ref=s03-pg94&tree=published_page
person,gnd-118515586,Brockes,published_page,page,s03-pg94,http://rs4.ethz.ch/dts/document/?resource=https%3A%2F%2Fexample.org%2Fdts%2Fcollections%2Fhwgw%2Fs03%2Fed&ref=s03-pg94&tree=published_page
person,gnd-118908154,Hagedorn,published_page,page,s03-pg94,http://rs4.ethz.ch/dts/document/?resource=https%3A%2F%2Fexample.org%2Fdts%2Fcollections%2Fhwgw%2Fs03%2Fed&ref=s03-pg94&tree=published_page
person,gnd-118908154,Hagedorn,published_page,page,s03-pg94,http://rs4.ethz.ch/dts/document/?resource=https%3A%2F%2Fexample.org%2Fdts%2Fcollections%2Fhwgw%2Fs03%2Fed&ref=s03-pg94&tree=published_page
person,gnd-118538969,Geßner,published_page,page,s03-pg94,http://rs4.ethz.ch/dts/document/?resource=https%3A%2F%2Fexample.org%2Fdts%2Fcollections%2Fhwgw%2Fs03%2Fed&ref=s03-pg94&tree=published_page
person,gnd-118538969,Geßnern,published_page,page,s03-pg94,http://rs4.ethz.ch/dts/document/?resource=https%3A%2F%2Fexample.org%2Fdts%2Fcollections%2Fhwgw%2Fs03%2Fed&ref=s03-pg94&tree=published_page
person,gnd-118538969,Geßner,published_page,page,s03-pg94,http://rs4.ethz.ch/dts/document/?resource=https%3A%2F%2Fexample.org%2Fdts%2Fcollections%2Fhwgw%2Fs03%2Fed&ref=s03-pg94&tree=published_page
place,gnd-4543293-4,Berg,published_page,page,s03-pg94,http://rs4.ethz.ch/dts/document/?resource=https%3A%2F%2Fexample.org%2Fdts%2Fcollections%2Fhwgw%2Fs03%2Fed&ref=s03-pg94&tree=published_page
organisation,gnd-6146476-4,väterliche Buchhandlung,published_page,page,s03-pg94,http://rs4.ethz.ch/dts/document/?resource=https%3A%2F%2Fexample.org%2Fdts%2Fcollections%2Fhwgw%2Fs03%2Fed&ref=s03-pg94&tree=published_page
person,gnd-118600346,Richardson,published_page,page,s03-pg94,http://rs4.ethz.ch/dts/document/?resource=https%3A%2F%2Fexample.org%2Fdts%2Fcollections%2Fhwgw%2Fs03%2Fed&ref=s03-pg94&tree=published_page
place,gnd-4068038-1,Zürich,published_page,page,s03-pg94,http://rs4.ethz.ch/dts/document/?resource=https%3A%2F%2Fexample.org%2Fdts%2Fcollections%2Fhwgw%2Fs03%2Fed&ref=s03-pg94&tree=published_page
place,gnd-4068038-1,Stadt,published_page,page,s03-pg94,http://rs4.ethz.ch/dts/document/?resource=https%3A%2F%2Fexample.org%2Fdts%2Fcollections%2Fhwgw%2Fs03%2Fed&ref=s03-pg94&tree=published_page
person,gnd-118512315,Bodmer,published_page,page,s03-pg94,http://rs4.ethz.ch/dts/document/?resource=https%3A%2F%2Fexample.org%2Fdts%2Fcollections%2Fhwgw%2Fs03%2Fed&ref=s03-pg94&tree=published_page
person,gnd-118540238,Goetheschen,published_page,page,s03-pg94,http://rs4.ethz.ch/dts/document/?resource=https%3A%2F%2Fexample.org%2Fdts%2Fcollections%2Fhwgw%2Fs03%2Fed&ref=s03-pg94&tree=published_page
person,gnd-118540238,Goethe,published_page,page,s03-pg94,http://rs4.ethz.ch/dts/document/?resource=https%3A%2F%2Fexample.org%2Fdts%2Fcollections%2Fhwgw%2Fs03%2Fed&ref=s03-pg94&tree=published_page
person,gnd-118512315,Bodmer,published_page,page,s03-pg94,http://rs4.ethz.ch/dts/document/?resource=https%3A%2F%2Fexample.org%2Fdts%2Fcollections%2Fhwgw%2Fs03%2Fed&ref=s03-pg94&tree=published_page
person,gnd-118632477,Wieland,published_page,page,s03-pg94,http://rs4.ethz.ch/dts/document/?resource=https%3A%2F%2Fexample.org%2Fdts%2Fcollections%2Fhwgw%2Fs03%2Fed&ref=s03-pg94&tree=published_page
person,gnd-118512315,Bodmer,published_page,page,s03-pg94,http://rs4.ethz.ch/dts/document/?resource=https%3A%2F%2Fexample.org%2Fdts%2Fcollections%2Fhwgw%2Fs03%2Fed&ref=s03-pg94&tree=published_page
person,gnd-118538969,Geßnerschen,published_page,page,s03-pg94,http://rs4.ethz.ch/dts/document/?resource=https%3A%2F%2Fexample.org%2Fdts%2Fcollections%2Fhwgw%2Fs03%2Fed&ref=s03-pg94&tree=published_page
person,gnd-118538969,Geßners,published_page,page,s03-pg94,http://rs4.ethz.ch/dts/document/?resource=https%3A%2F%2Fexample.org%2Fdts%2Fcollections%2Fhwgw%2Fs03%2Fed&ref=s03-pg94&tree=published_page
person,gnd-118515586,Brockes,published_page,page,s03-pg94,http://rs4.ethz.ch/dts/document/?resource=https%3A%2F%2Fexample.org%2Fdts%2Fcollections%2Fhwgw%2Fs03%2Fed&ref=s03-pg94&tree=published_page
person,gnd-118515586,Brocks,published_page,page,s03-pg94,http://rs4.ethz.ch/dts/document/?resource=https%3A%2F%2Fexample.org%2Fdts%2Fcollections%2Fhwgw%2Fs03%2Fed&ref=s03-pg94&tree=published_page
person,gnd-118717758,Gleims,published_page,page,s03-pg95,http://rs4.ethz.ch/dts/document/?resource=https%3A%2F%2Fexample.org%2Fdts%2Fcollections%2Fhwgw%2Fs03%2Fed&ref=s03-pg95&tree=published_page
person,gnd-118908154,Hagedorns,published_page,page,s03-pg95,http://rs4.ethz.ch/dts/document/?resource=https%3A%2F%2Fexample.org%2Fdts%2Fcollections%2Fhwgw%2Fs03%2Fed&ref=s03-pg95&tree=published_page
person,gnd-118582607,miltonischer,published_page,page,s03-pg95,http://rs4.ethz.ch/dts/document/?resource=https%3A%2F%2Fexample.org%2Fdts%2Fcollections%2Fhwgw%2Fs03%2Fed&ref=s03-pg95&tree=published_page
person,gnd-117184934,J.G. Schultheß,published_page,page,s03-pg95,http://rs4.ethz.ch/dts/document/?resource=https%3A%2F%2Fexample.org%2Fdts%2Fcollections%2Fhwgw%2Fs03%2Fed&ref=s03-pg95&tree=published_page
person,gnd-118538969,Geßner,published_page,page,s03-pg95,http://rs4.ethz.ch/dts/document/?resource=https%3A%2F%2Fexample.org%2Fdts%2Fcollections%2Fhwgw%2Fs03%2Fed&ref=s03-pg95&tree=published_page
person,gnd-118512315,literarischen Haupte,published_page,page,s03-pg95,http://rs4.ethz.ch/dts/document/?resource=https%3A%2F%2Fexample.org%2Fdts%2Fcollections%2Fhwgw%2Fs03%2Fed&ref=s03-pg95&tree=published_page
place,gnd-4068038-1,Stadt,published_page,page,s03-pg95,http://rs4.ethz.ch/dts/document/?resource=https%3A%2F%2Fexample.org%2Fdts%2Fcollections%2Fhwgw%2Fs03%2Fed&ref=s03-pg95&tree=published_page
person,gnd-118512315,Bodmer,published_page,page,s03-pg95,http://rs4.ethz.ch/dts/document/?resource=https%3A%2F%2Fexample.org%2Fdts%2Fcollections%2Fhwgw%2Fs03%2Fed&ref=s03-pg95&tree=published_page
person,gnd-118563386,Klopstock,published_page,page,s03-pg95,http://rs4.ethz.ch/dts/document/?resource=https%3A%2F%2Fexample.org%2Fdts%2Fcollections%2Fhwgw%2Fs03%2Fed&ref=s03-pg95&tree=published_page
person,gnd-118538969,Geßner,published_page,page,s03-pg95,http://rs4.ethz.ch/dts/document/?resource=https%3A%2F%2Fexample.org%2Fdts%2Fcollections%2Fhwgw%2Fs03%2Fed&ref=s03-pg95&tree=published_page
person,gnd-118538969,Geßners,published_page,page,s03-pg95,http://rs4.ethz.ch/dts/document/?resource=https%3A%2F%2Fexample.org%2Fdts%2Fcollections%2Fhwgw%2Fs03%2Fed&ref=s03-pg95&tree=published_page
person,gnd-118538969,Geßner,published_page,page,s03-pg95,http://rs4.ethz.ch/dts/document/?resource=https%3A%2F%2Fexample.org%2Fdts%2Fcollections%2Fhwgw%2Fs03%2Fed&ref=s03-pg95&tree=published_page
person,gnd-118512315,Bodmern,published_page,page,s03-pg95,http://rs4.ethz.ch/dts/document/?resource=https%3A%2F%2Fexample.org%2Fdts%2Fcollections%2Fhwgw%2Fs03%2Fed&ref=s03-pg95&tree=published_page
person,gnd-118512315,Bodmer,published_page,page,s03-pg95,http://rs4.ethz.ch/dts/document/?resource=https%3A%2F%2Fexample.org%2Fdts%2Fcollections%2Fhwgw%2Fs03%2Fed&ref=s03-pg95&tree=published_page
person,gnd-118538969,Geßner,published_page,page,s03-pg95,http://rs4.ethz.ch/dts/document/?resource=https%3A%2F%2Fexample.org%2Fdts%2Fcollections%2Fhwgw%2Fs03%2Fed&ref=s03-pg95&tree=published_page
place,gnd-4068038-1,Zürich,published_page,page,s03-pg95,http://rs4.ethz.ch/dts/document/?resource=https%3A%2F%2Fexample.org%2Fdts%2Fcollections%2Fhwgw%2Fs03%2Fed&ref=s03-pg95&tree=published_page
person,gnd-107609936X,Rahnischen,published_page,page,s03-pg95,http://rs4.ethz.ch/dts/document/?resource=https%3A%2F%2Fexample.org%2Fdts%2Fcollections%2Fhwgw%2Fs03%2Fed&ref=s03-pg95&tree=published_page
person,gnd-118563386,Klopstock,published_page,page,s03-pg95,http://rs4.ethz.ch/dts/document/?resource=https%3A%2F%2Fexample.org%2Fdts%2Fcollections%2Fhwgw%2Fs03%2Fed&ref=s03-pg95&tree=published_page
person,gnd-102121982,Steinbrüchel,published_page,page,s03-pg95,http://rs4.ethz.ch/dts/document/?resource=https%3A%2F%2Fexample.org%2Fdts%2Fcollections%2Fhwgw%2Fs03%2Fed&ref=s03-pg95&tree=published_page
person,gnd-117184934,Schultheß,published_page,page,s03-pg95,http://rs4.ethz.ch/dts/document/?resource=https%3A%2F%2Fexample.org%2Fdts%2Fcollections%2Fhwgw%2Fs03%2Fed&ref=s03-pg95&tree=published_page
person,gnd-1089433735,Vater,published_page,page,s03-pg95,http://rs4.ethz.ch/dts/document/?resource=https%3A%2F%2Fexample.org%2Fdts%2Fcollections%2Fhwgw%2Fs03%2Fed&ref=s03-pg95&tree=published_page
person,gnd-118538969,Jungen,published_page,page,s03-pg95,http://rs4.ethz.ch/dts/document/?resource=https%3A%2F%2Fexample.org%2Fdts%2Fcollections%2Fhwgw%2Fs03%2Fed&ref=s03-pg95&tree=published_page
place,gnd-4005728-8,Berlin,published_page,page,s03-pg95,http://rs4.ethz.ch/dts/document/?resource=https%3A%2F%2Fexample.org%2Fdts%2Fcollections%2Fhwgw%2Fs03%2Fed&ref=s03-pg95&tree=published_page
organisation,gnd-10010164-1,Spenersche Buchhandlung,published_page,page,s03-pg95,http://rs4.ethz.ch/dts/document/?resource=https%3A%2F%2Fexample.org%2Fdts%2Fcollections%2Fhwgw%2Fs03%2Fed&ref=s03-pg95&tree=published_page
person,gnd-11879941X,Sulzer,published_page,page,s03-pg95,http://rs4.ethz.ch/dts/document/?resource=https%3A%2F%2Fexample.org%2Fdts%2Fcollections%2Fhwgw%2Fs03%2Fed&ref=s03-pg95&tree=published_page
person,gnd-118512315,Bodmer,published_page,page,s03-pg95,http://rs4.ethz.ch/dts/document/?resource=https%3A%2F%2Fexample.org%2Fdts%2Fcollections%2Fhwgw%2Fs03%2Fed&ref=s03-pg95&tree=published_page
person,gnd-118538969,Geßner,published_page,page,s03-pg95,http://rs4.ethz.ch/dts/document/?resource=https%3A%2F%2Fexample.org%2Fdts%2Fcollections%2Fhwgw%2Fs03%2Fed&ref=s03-pg95&tree=published_page
person,gnd-135926165,Spener,published_page,page,s03-pg95,http://rs4.ethz.ch/dts/document/?resource=https%3A%2F%2Fexample.org%2Fdts%2Fcollections%2Fhwgw%2Fs03%2Fed&ref=s03-pg95&tree=published_page
person,gnd-11879941X,Sulzers,published_page,page,s03-pg95,http://rs4.ethz.ch/dts/document/?resource=https%3A%2F%2Fexample.org%2Fdts%2Fcollections%2Fhwgw%2Fs03%2Fed&ref=s03-pg95&tree=published_page
person,gnd-118512315,Bodmer,published_page,page,s03-pg95,http://rs4.ethz.ch/dts/document/?resource=https%3A%2F%2Fexample.org%2Fdts%2Fcollections%2Fhwgw%2Fs03%2Fed&ref=s03-pg95&tree=published_page
person,gnd-11879941X,Sulzer,published_page,page,s03-pg95,http://rs4.ethz.ch/dts/document/?resource=https%3A%2F%2Fexample.org%2Fdts%2Fcollections%2Fhwgw%2Fs03%2Fed&ref=s03-pg95&tree=published_page
person,gnd-135926165,Spener,published_page,page,s03-pg95,http://rs4.ethz.ch/dts/document/?resource=https%3A%2F%2Fexample.org%2Fdts%2Fcollections%2Fhwgw%2Fs03%2Fed&ref=s03-pg95&tree=published_page
person,gnd-118634496,Wölfflins,published_page,page,s03-pg95,http://rs4.ethz.ch/dts/document/?resource=https%3A%2F%2Fexample.org%2Fdts%2Fcollections%2Fhwgw%2Fs03%2Fed&ref=s03-pg95&tree=published_page
organisation,gnd-10010164-1,Haude und Spener,published_page,page,s03-pg95,http://rs4.ethz.ch/dts/document/?resource=https%3A%2F%2Fexample.org%2Fdts%2Fcollections%2Fhwgw%2Fs03%2Fed&ref=s03-pg95&tree=published_page
person,gnd-135926165,Johann Karl Spener,published_page,page,s03-pg95,http://rs4.ethz.ch/dts/document/?resource=https%3A%2F%2Fexample.org%2Fdts%2Fcollections%2Fhwgw%2Fs03%2Fed&ref=s03-pg95&tree=published_page
person,gnd-1071239708,Susanne Eleonore Haude,published_page,page,s03-pg95,http://rs4.ethz.ch/dts/document/?resource=https%3A%2F%2Fexample.org%2Fdts%2Fcollections%2Fhwgw%2Fs03%2Fed&ref=s03-pg95&tree=published_page
person,gnd-118538969,Salomon,published_page,page,s03-pg95,http://rs4.ethz.ch/dts/document/?resource=https%3A%2F%2Fexample.org%2Fdts%2Fcollections%2Fhwgw%2Fs03%2Fed&ref=s03-pg95&tree=published_page
place,gnd-4005728-8,Berlin,published_page,page,s03-pg95,http://rs4.ethz.ch/dts/document/?resource=https%3A%2F%2Fexample.org%2Fdts%2Fcollections%2Fhwgw%2Fs03%2Fed&ref=s03-pg95&tree=published_page
place,gnd-4005728-8,Berlin,published_page,page,s03-pg95,http://rs4.ethz.ch/dts/document/?resource=https%3A%2F%2Fexample.org%2Fdts%2Fcollections%2Fhwgw%2Fs03%2Fed&ref=s03-pg95&tree=published_page
person,gnd-118538969,Geßner,published_page,page,s03-pg96,http://rs4.ethz.ch/dts/document/?resource=https%3A%2F%2Fexample.org%2Fdts%2Fcollections%2Fhwgw%2Fs03%2Fed&ref=s03-pg96&tree=published_page
place,gnd-4005728-8,Berlin,published_page,page,s03-pg96,http://rs4.ethz.ch/dts/document/?resource=https%3A%2F%2Fexample.org%2Fdts%2Fcollections%2Fhwgw%2Fs03%2Fed&ref=s03-pg96&tree=published_page
place,gnd-4005728-8,Berlin,published_page,page,s03-pg96,http://rs4.ethz.ch/dts/document/?resource=https%3A%2F%2Fexample.org%2Fdts%2Fcollections%2Fhwgw%2Fs03%2Fed&ref=s03-pg96&tree=published_page
person,gnd-11879941X,Sulzer,published_page,page,s03-pg96,http://rs4.ethz.ch/dts/document/?resource=https%3A%2F%2Fexample.org%2Fdts%2Fcollections%2Fhwgw%2Fs03%2Fed&ref=s03-pg96&tree=published_page
place,gnd-4068038-1,Zürichs,published_page,page,s03-pg96,http://rs4.ethz.ch/dts/document/?resource=https%3A%2F%2Fexample.org%2Fdts%2Fcollections%2Fhwgw%2Fs03%2Fed&ref=s03-pg96&tree=published_page
place,gnd-4068038-1,Zürich,published_page,page,s03-pg96,http://rs4.ethz.ch/dts/document/?resource=https%3A%2F%2Fexample.org%2Fdts%2Fcollections%2Fhwgw%2Fs03%2Fed&ref=s03-pg96&tree=published_page
person,gnd-118512315,Bodmer,published_page,page,s03-pg96,http://rs4.ethz.ch/dts/document/?resource=https%3A%2F%2Fexample.org%2Fdts%2Fcollections%2Fhwgw%2Fs03%2Fed&ref=s03-pg96&tree=published_page
person,gnd-118541013,Gottscheds,published_page,page,s03-pg96,http://rs4.ethz.ch/dts/document/?resource=https%3A%2F%2Fexample.org%2Fdts%2Fcollections%2Fhwgw%2Fs03%2Fed&ref=s03-pg96&tree=published_page
place,gnd-4075454-6,Norddeutschland,published_page,page,s03-pg96,http://rs4.ethz.ch/dts/document/?resource=https%3A%2F%2Fexample.org%2Fdts%2Fcollections%2Fhwgw%2Fs03%2Fed&ref=s03-pg96&tree=published_page
person,gnd-118538969,Geßner,published_page,page,s03-pg96,http://rs4.ethz.ch/dts/document/?resource=https%3A%2F%2Fexample.org%2Fdts%2Fcollections%2Fhwgw%2Fs03%2Fed&ref=s03-pg96&tree=published_page
person,gnd-119020890,Caspar Hirzel,published_page,page,s03-pg96,http://rs4.ethz.ch/dts/document/?resource=https%3A%2F%2Fexample.org%2Fdts%2Fcollections%2Fhwgw%2Fs03%2Fed&ref=s03-pg96&tree=published_page
person,gnd-117184934,J.G. Schultheß,published_page,page,s03-pg96,http://rs4.ethz.ch/dts/document/?resource=https%3A%2F%2Fexample.org%2Fdts%2Fcollections%2Fhwgw%2Fs03%2Fed&ref=s03-pg96&tree=published_page
person,gnd-118512315,Bodmers,published_page,page,s03-pg96,http://rs4.ethz.ch/dts/document/?resource=https%3A%2F%2Fexample.org%2Fdts%2Fcollections%2Fhwgw%2Fs03%2Fed&ref=s03-pg96&tree=published_page
person,gnd-118538969,Geßner,published_page,page,s03-pg96,http://rs4.ethz.ch/dts/document/?resource=https%3A%2F%2Fexample.org%2Fdts%2Fcollections%2Fhwgw%2Fs03%2Fed&ref=s03-pg96&tree=published_page
person,gnd-11879941X,Sulzer,published_page,page,s03-pg96,http://rs4.ethz.ch/dts/document/?resource=https%3A%2F%2Fexample.org%2Fdts%2Fcollections%2Fhwgw%2Fs03%2Fed&ref=s03-pg96&tree=published_page
person,gnd-119059614,Ramler,published_page,page,s03-pg96,http://rs4.ethz.ch/dts/document/?resource=https%3A%2F%2Fexample.org%2Fdts%2Fcollections%2Fhwgw%2Fs03%2Fed&ref=s03-pg96&tree=published_page
person,gnd-119059614,Ramler,published_page,page,s03-pg96,http://rs4.ethz.ch/dts/document/?resource=https%3A%2F%2Fexample.org%2Fdts%2Fcollections%2Fhwgw%2Fs03%2Fed&ref=s03-pg96&tree=published_page
person,gnd-118538969,Geßner,published_page,page,s03-pg96,http://rs4.ethz.ch/dts/document/?resource=https%3A%2F%2Fexample.org%2Fdts%2Fcollections%2Fhwgw%2Fs03%2Fed&ref=s03-pg96&tree=published_page
person,gnd-119059614,Ramlers,published_page,page,s03-pg96,http://rs4.ethz.ch/dts/document/?resource=https%3A%2F%2Fexample.org%2Fdts%2Fcollections%2Fhwgw%2Fs03%2Fed&ref=s03-pg96&tree=published_page
person,gnd-118538969,Geßnern,published_page,page,s03-pg96,http://rs4.ethz.ch/dts/document/?resource=https%3A%2F%2Fexample.org%2Fdts%2Fcollections%2Fhwgw%2Fs03%2Fed&ref=s03-pg96&tree=published_page
person,gnd-118538969,Geßners,published_page,page,s03-pg96,http://rs4.ethz.ch/dts/document/?resource=https%3A%2F%2Fexample.org%2Fdts%2Fcollections%2Fhwgw%2Fs03%2Fed&ref=s03-pg96&tree=published_page
person,gnd-118538969,Geßner,published_page,page,s03-pg96,http://rs4.ethz.ch/dts/document/?resource=https%3A%2F%2Fexample.org%2Fdts%2Fcollections%2Fhwgw%2Fs03%2Fed&ref=s03-pg96&tree=published_page
person,gnd-118717758,Gleim,published_page,page,s03-pg96,http://rs4.ethz.ch/dts/document/?resource=https%3A%2F%2Fexample.org%2Fdts%2Fcollections%2Fhwgw%2Fs03%2Fed&ref=s03-pg96&tree=published_page
person,gnd-118572121,Lessing,published_page,page,s03-pg96,http://rs4.ethz.ch/dts/document/?resource=https%3A%2F%2Fexample.org%2Fdts%2Fcollections%2Fhwgw%2Fs03%2Fed&ref=s03-pg96&tree=published_page
place,gnd-4051993-4,Schaffhausen,published_page,page,s03-pg96,http://rs4.ethz.ch/dts/document/?resource=https%3A%2F%2Fexample.org%2Fdts%2Fcollections%2Fhwgw%2Fs03%2Fed&ref=s03-pg96&tree=published_page
person,gnd-119059614,Ramler,published_page,page,s03-pg96,http://rs4.ethz.ch/dts/document/?resource=https%3A%2F%2Fexample.org%2Fdts%2Fcollections%2Fhwgw%2Fs03%2Fed&ref=s03-pg96&tree=published_page
person,gnd-118538969,Gessner,published_page,page,s03-pg96,http://rs4.ethz.ch/dts/document/?resource=https%3A%2F%2Fexample.org%2Fdts%2Fcollections%2Fhwgw%2Fs03%2Fed&ref=s03-pg96&tree=published_page
place,gnd-4005728-8,Berlin,published_page,page,s03-pg96,http://rs4.ethz.ch/dts/document/?resource=https%3A%2F%2Fexample.org%2Fdts%2Fcollections%2Fhwgw%2Fs03%2Fed&ref=s03-pg96&tree=published_page
organisation,gnd-1012546-2,ZB ZH,published_page,page,s03-pg96,http://rs4.ethz.ch/dts/document/?resource=https%3A%2F%2Fexample.org%2Fdts%2Fcollections%2Fhwgw%2Fs03%2Fed&ref=s03-pg96&tree=published_page
place,gnd-4005728-8,Berlin,published_page,page,s03-pg96,http://rs4.ethz.ch/dts/document/?resource=https%3A%2F%2Fexample.org%2Fdts%2Fcollections%2Fhwgw%2Fs03%2Fed&ref=s03-pg96&tree=published_page
person,gnd-119059614,Ramler,published_page,page,s03-pg97,http://rs4.ethz.ch/dts/document/?resource=https%3A%2F%2Fexample.org%2Fdts%2Fcollections%2Fhwgw%2Fs03%2Fed&ref=s03-pg97&tree=published_page
person,gnd-118538969,Gessner,published_page,page,s03-pg97,http://rs4.ethz.ch/dts/document/?resource=https%3A%2F%2Fexample.org%2Fdts%2Fcollections%2Fhwgw%2Fs03%2Fed&ref=s03-pg97&tree=published_page
person,gnd-118717758,Gleim,published_page,page,s03-pg97,http://rs4.ethz.ch/dts/document/?resource=https%3A%2F%2Fexample.org%2Fdts%2Fcollections%2Fhwgw%2Fs03%2Fed&ref=s03-pg97&tree=published_page
person,gnd-118538969,Geßnern,published_page,page,s03-pg97,http://rs4.ethz.ch/dts/document/?resource=https%3A%2F%2Fexample.org%2Fdts%2Fcollections%2Fhwgw%2Fs03%2Fed&ref=s03-pg97&tree=published_page
place,gnd-4005728-8,Berlin,published_page,page,s03-pg97,http://rs4.ethz.ch/dts/document/?resource=https%3A%2F%2Fexample.org%2Fdts%2Fcollections%2Fhwgw%2Fs03%2Fed&ref=s03-pg97&tree=published_page
place,gnd-4022987-7,Halberstadt,published_page,page,s03-pg97,http://rs4.ethz.ch/dts/document/?resource=https%3A%2F%2Fexample.org%2Fdts%2Fcollections%2Fhwgw%2Fs03%2Fed&ref=s03-pg97&tree=published_page
person,gnd-118538969,Geßner,published_page,page,s03-pg97,http://rs4.ethz.ch/dts/document/?resource=https%3A%2F%2Fexample.org%2Fdts%2Fcollections%2Fhwgw%2Fs03%2Fed&ref=s03-pg97&tree=published_page
person,gnd-118717758,Gleims,published_page,page,s03-pg97,http://rs4.ethz.ch/dts/document/?resource=https%3A%2F%2Fexample.org%2Fdts%2Fcollections%2Fhwgw%2Fs03%2Fed&ref=s03-pg97&tree=published_page
person,gnd-118625756,Uz,published_page,page,s03-pg97,http://rs4.ethz.ch/dts/document/?resource=https%3A%2F%2Fexample.org%2Fdts%2Fcollections%2Fhwgw%2Fs03%2Fed&ref=s03-pg97&tree=published_page
person,gnd-118723499,Kleist,published_page,page,s03-pg97,http://rs4.ethz.ch/dts/document/?resource=https%3A%2F%2Fexample.org%2Fdts%2Fcollections%2Fhwgw%2Fs03%2Fed&ref=s03-pg97&tree=published_page
person,gnd-118538969,Geßner,published_page,page,s03-pg97,http://rs4.ethz.ch/dts/document/?resource=https%3A%2F%2Fexample.org%2Fdts%2Fcollections%2Fhwgw%2Fs03%2Fed&ref=s03-pg97&tree=published_page
place,gnd-4068038-1,Zürich,published_page,page,s03-pg97,http://rs4.ethz.ch/dts/document/?resource=https%3A%2F%2Fexample.org%2Fdts%2Fcollections%2Fhwgw%2Fs03%2Fed&ref=s03-pg97&tree=published_page
person,gnd-118572121,Lessingen,published_page,page,s03-pg97,http://rs4.ethz.ch/dts/document/?resource=https%3A%2F%2Fexample.org%2Fdts%2Fcollections%2Fhwgw%2Fs03%2Fed&ref=s03-pg97&tree=published_page
person,gnd-119059614,Ramler,published_page,page,s03-pg97,http://rs4.ethz.ch/dts/document/?resource=https%3A%2F%2Fexample.org%2Fdts%2Fcollections%2Fhwgw%2Fs03%2Fed&ref=s03-pg97&tree=published_page
place,gnd-4023118-5,Hamburg,published_page,page,s03-pg97,http://rs4.ethz.ch/dts/document/?resource=https%3A%2F%2Fexample.org%2Fdts%2Fcollections%2Fhwgw%2Fs03%2Fed&ref=s03-pg97&tree=published_page
person,gnd-118700421,Hagedorn,published_page,page,s03-pg97,http://rs4.ethz.ch/dts/document/?resource=https%3A%2F%2Fexample.org%2Fdts%2Fcollections%2Fhwgw%2Fs03%2Fed&ref=s03-pg97&tree=published_page
person,gnd-118515586,Brockes,published_page,page,s03-pg97,http://rs4.ethz.ch/dts/document/?resource=https%3A%2F%2Fexample.org%2Fdts%2Fcollections%2Fhwgw%2Fs03%2Fed&ref=s03-pg97&tree=published_page
person,gnd-118700421,Hagedorn,published_page,page,s03-pg97,http://rs4.ethz.ch/dts/document/?resource=https%3A%2F%2Fexample.org%2Fdts%2Fcollections%2Fhwgw%2Fs03%2Fed&ref=s03-pg97&tree=published_page
person,gnd-118717758,Gleim,published_page,page,s03-pg97,http://rs4.ethz.ch/dts/document/?resource=https%3A%2F%2Fexample.org%2Fdts%2Fcollections%2Fhwgw%2Fs03%2Fed&ref=s03-pg97&tree=published_page
person,gnd-118700421,Hagedorn,published_page,page,s03-pg97,http://rs4.ethz.ch/dts/document/?resource=https%3A%2F%2Fexample.org%2Fdts%2Fcollections%2Fhwgw%2Fs03%2Fed&ref=s03-pg97&tree=published_page
person,gnd-118717758,Gleim,published_page,page,s03-pg97,http://rs4.ethz.ch/dts/document/?resource=https%3A%2F%2Fexample.org%2Fdts%2Fcollections%2Fhwgw%2Fs03%2Fed&ref=s03-pg97&tree=published_page
person,gnd-118538969,Geßner,published_page,page,s03-pg97,http://rs4.ethz.ch/dts/document/?resource=https%3A%2F%2Fexample.org%2Fdts%2Fcollections%2Fhwgw%2Fs03%2Fed&ref=s03-pg97&tree=published_page
place,gnd-4005728-8,Berlin,published_page,page,s03-pg97,http://rs4.ethz.ch/dts/document/?resource=https%3A%2F%2Fexample.org%2Fdts%2Fcollections%2Fhwgw%2Fs03%2Fed&ref=s03-pg97&tree=published_page
person,gnd-118538969,Geßner,published_page,page,s03-pg97,http://rs4.ethz.ch/dts/document/?resource=https%3A%2F%2Fexample.org%2Fdts%2Fcollections%2Fhwgw%2Fs03%2Fed&ref=s03-pg97&tree=published_page
person,gnd-116782544,Frey,published_page,page,s03-pg97,http://rs4.ethz.ch/dts/document/?resource=https%3A%2F%2Fexample.org%2Fdts%2Fcollections%2Fhwgw%2Fs03%2Fed&ref=s03-pg97&tree=published_page
person,gnd-118700421,Hagedorns,published_page,page,s03-pg97,http://rs4.ethz.ch/dts/document/?resource=https%3A%2F%2Fexample.org%2Fdts%2Fcollections%2Fhwgw%2Fs03%2Fed&ref=s03-pg97&tree=published_page
person,gnd-118700421,Hagedorn,published_page,page,s03-pg97,http://rs4.ethz.ch/dts/document/?resource=https%3A%2F%2Fexample.org%2Fdts%2Fcollections%2Fhwgw%2Fs03%2Fed&ref=s03-pg97&tree=published_page
person,gnd-118538969,Geßner,published_page,page,s03-pg97,http://rs4.ethz.ch/dts/document/?resource=https%3A%2F%2Fexample.org%2Fdts%2Fcollections%2Fhwgw%2Fs03%2Fed&ref=s03-pg97&tree=published_page
person,gnd-118700421,Hagedorn,published_page,page,s03-pg97,http://rs4.ethz.ch/dts/document/?resource=https%3A%2F%2Fexample.org%2Fdts%2Fcollections%2Fhwgw%2Fs03%2Fed&ref=s03-pg97&tree=published_page
person,gnd-118634496,Wölfflin,published_page,page,s03-pg97,http://rs4.ethz.ch/dts/document/?resource=https%3A%2F%2Fexample.org%2Fdts%2Fcollections%2Fhwgw%2Fs03%2Fed&ref=s03-pg97&tree=published_page
person,gnd-118700421,Hagedorn,published_page,page,s03-pg97,http://rs4.ethz.ch/dts/document/?resource=https%3A%2F%2Fexample.org%2Fdts%2Fcollections%2Fhwgw%2Fs03%2Fed&ref=s03-pg97&tree=published_page
person,gnd-118634496,Wölfflin,published_page,page,s03-pg97,http://rs4.ethz.ch/dts/document/?resource=https%3A%2F%2Fexample.org%2Fdts%2Fcollections%2Fhwgw%2Fs03%2Fed&ref=s03-pg97&tree=published_page
person,gnd-118538969,Geßner,published_page,page,s03-pg97,http://rs4.ethz.ch/dts/document/?resource=https%3A%2F%2Fexample.org%2Fdts%2Fcollections%2Fhwgw%2Fs03%2Fed&ref=s03-pg97&tree=published_page
person,gnd-118538969,Geßner,published_page,page,s03-pg98,http://rs4.ethz.ch/dts/document/?resource=https%3A%2F%2Fexample.org%2Fdts%2Fcollections%2Fhwgw%2Fs03%2Fed&ref=s03-pg98&tree=published_page
place,gnd-4068038-1,Vaterstadt,published_page,page,s03-pg98,http://rs4.ethz.ch/dts/document/?resource=https%3A%2F%2Fexample.org%2Fdts%2Fcollections%2Fhwgw%2Fs03%2Fed&ref=s03-pg98&tree=published_page
person,gnd-118512315,Bodmer,published_page,page,s03-pg98,http://rs4.ethz.ch/dts/document/?resource=https%3A%2F%2Fexample.org%2Fdts%2Fcollections%2Fhwgw%2Fs03%2Fed&ref=s03-pg98&tree=published_page
person,gnd-118514881,Breitinger,published_page,page,s03-pg98,http://rs4.ethz.ch/dts/document/?resource=https%3A%2F%2Fexample.org%2Fdts%2Fcollections%2Fhwgw%2Fs03%2Fed&ref=s03-pg98&tree=published_page
person,gnd-118798588,H.v. Stein,published_page,page,s03-pg98,http://rs4.ethz.ch/dts/document/?resource=https%3A%2F%2Fexample.org%2Fdts%2Fcollections%2Fhwgw%2Fs03%2Fed&ref=s03-pg98&tree=published_page
person,gnd-118634496,Wölfflins,published_page,page,s03-pg98,http://rs4.ethz.ch/dts/document/?resource=https%3A%2F%2Fexample.org%2Fdts%2Fcollections%2Fhwgw%2Fs03%2Fed&ref=s03-pg98&tree=published_page
person,gnd-118798588,Steins,published_page,page,s03-pg98,http://rs4.ethz.ch/dts/document/?resource=https%3A%2F%2Fexample.org%2Fdts%2Fcollections%2Fhwgw%2Fs03%2Fed&ref=s03-pg98&tree=published_page
person,gnd-118634496,Wölfflin,published_page,page,s03-pg98,http://rs4.ethz.ch/dts/document/?resource=https%3A%2F%2Fexample.org%2Fdts%2Fcollections%2Fhwgw%2Fs03%2Fed&ref=s03-pg98&tree=published_page
person,gnd-116137258,Bernays,published_page,page,s03-pg98,http://rs4.ethz.ch/dts/document/?resource=https%3A%2F%2Fexample.org%2Fdts%2Fcollections%2Fhwgw%2Fs03%2Fed&ref=s03-pg98&tree=published_page
person,gnd-118538969,Geßner,published_page,page,s03-pg98,http://rs4.ethz.ch/dts/document/?resource=https%3A%2F%2Fexample.org%2Fdts%2Fcollections%2Fhwgw%2Fs03%2Fed&ref=s03-pg98&tree=published_page
place,gnd-4068038-1,Zürich,published_page,page,s03-pg98,http://rs4.ethz.ch/dts/document/?resource=https%3A%2F%2Fexample.org%2Fdts%2Fcollections%2Fhwgw%2Fs03%2Fed&ref=s03-pg98&tree=published_page
person,gnd-118563386,Klopstock,published_page,page,s03-pg98,http://rs4.ethz.ch/dts/document/?resource=https%3A%2F%2Fexample.org%2Fdts%2Fcollections%2Fhwgw%2Fs03%2Fed&ref=s03-pg98&tree=published_page
person,gnd-118632477,Wieland,published_page,page,s03-pg98,http://rs4.ethz.ch/dts/document/?resource=https%3A%2F%2Fexample.org%2Fdts%2Fcollections%2Fhwgw%2Fs03%2Fed&ref=s03-pg98&tree=published_page
person,gnd-118723499,Kleist,published_page,page,s03-pg98,http://rs4.ethz.ch/dts/document/?resource=https%3A%2F%2Fexample.org%2Fdts%2Fcollections%2Fhwgw%2Fs03%2Fed&ref=s03-pg98&tree=published_page
person,gnd-118723499,Kleist,published_page,page,s03-pg98,http://rs4.ethz.ch/dts/document/?resource=https%3A%2F%2Fexample.org%2Fdts%2Fcollections%2Fhwgw%2Fs03%2Fed&ref=s03-pg98&tree=published_page
person,gnd-118607200,Scherer,published_page,page,s03-pg98,http://rs4.ethz.ch/dts/document/?resource=https%3A%2F%2Fexample.org%2Fdts%2Fcollections%2Fhwgw%2Fs03%2Fed&ref=s03-pg98&tree=published_page
person,gnd-118632477,Wieland,published_page,page,s03-pg98,http://rs4.ethz.ch/dts/document/?resource=https%3A%2F%2Fexample.org%2Fdts%2Fcollections%2Fhwgw%2Fs03%2Fed&ref=s03-pg98&tree=published_page
person,gnd-118563386,Klopstock,published_page,page,s03-pg98,http://rs4.ethz.ch/dts/document/?resource=https%3A%2F%2Fexample.org%2Fdts%2Fcollections%2Fhwgw%2Fs03%2Fed&ref=s03-pg98&tree=published_page
person,gnd-118512315,Bodmer,published_page,page,s03-pg98,http://rs4.ethz.ch/dts/document/?resource=https%3A%2F%2Fexample.org%2Fdts%2Fcollections%2Fhwgw%2Fs03%2Fed&ref=s03-pg98&tree=published_page
place,gnd-4068038-1,Zürich,published_page,page,s03-pg98,http://rs4.ethz.ch/dts/document/?resource=https%3A%2F%2Fexample.org%2Fdts%2Fcollections%2Fhwgw%2Fs03%2Fed&ref=s03-pg98&tree=published_page
person,gnd-118563386,Klopstockische,published_page,page,s03-pg98,http://rs4.ethz.ch/dts/document/?resource=https%3A%2F%2Fexample.org%2Fdts%2Fcollections%2Fhwgw%2Fs03%2Fed&ref=s03-pg98&tree=published_page
person,gnd-118538969,Geßner,published_page,page,s03-pg98,http://rs4.ethz.ch/dts/document/?resource=https%3A%2F%2Fexample.org%2Fdts%2Fcollections%2Fhwgw%2Fs03%2Fed&ref=s03-pg98&tree=published_page
person,gnd-118563386,Klopstock,published_page,page,s03-pg98,http://rs4.ethz.ch/dts/document/?resource=https%3A%2F%2Fexample.org%2Fdts%2Fcollections%2Fhwgw%2Fs03%2Fed&ref=s03-pg98&tree=published_page
person,gnd-118512315,Bodmer,published_page,page,s03-pg98,http://rs4.ethz.ch/dts/document/?resource=https%3A%2F%2Fexample.org%2Fdts%2Fcollections%2Fhwgw%2Fs03%2Fed&ref=s03-pg98&tree=published_page
person,gnd-117595950,Zellweger,published_page,page,s03-pg98,http://rs4.ethz.ch/dts/document/?resource=https%3A%2F%2Fexample.org%2Fdts%2Fcollections%2Fhwgw%2Fs03%2Fed&ref=s03-pg98&tree=published_page
person,gnd-118634496,Wölfflin,published_page,page,s03-pg98,http://rs4.ethz.ch/dts/document/?resource=https%3A%2F%2Fexample.org%2Fdts%2Fcollections%2Fhwgw%2Fs03%2Fed&ref=s03-pg98&tree=published_page
person,gnd-118563386,Klopstocks,published_page,page,s03-pg98,http://rs4.ethz.ch/dts/document/?resource=https%3A%2F%2Fexample.org%2Fdts%2Fcollections%2Fhwgw%2Fs03%2Fed&ref=s03-pg98&tree=published_page
person,gnd-118538969,Geßner,published_page,page,s03-pg98,http://rs4.ethz.ch/dts/document/?resource=https%3A%2F%2Fexample.org%2Fdts%2Fcollections%2Fhwgw%2Fs03%2Fed&ref=s03-pg98&tree=published_page
person,gnd-118563386,Klopstock,published_page,page,s03-pg98,http://rs4.ethz.ch/dts/document/?resource=https%3A%2F%2Fexample.org%2Fdts%2Fcollections%2Fhwgw%2Fs03%2Fed&ref=s03-pg98&tree=published_page
person,gnd-118538969,Geßners,published_page,page,s03-pg98,http://rs4.ethz.ch/dts/document/?resource=https%3A%2F%2Fexample.org%2Fdts%2Fcollections%2Fhwgw%2Fs03%2Fed&ref=s03-pg98&tree=published_page
person,gnd-118563386,Klopstocks,published_page,page,s03-pg99,http://rs4.ethz.ch/dts/document/?resource=https%3A%2F%2Fexample.org%2Fdts%2Fcollections%2Fhwgw%2Fs03%2Fed&ref=s03-pg99&tree=published_page
person,gnd-118538969,Geßner,published_page,page,s03-pg99,http://rs4.ethz.ch/dts/document/?resource=https%3A%2F%2Fexample.org%2Fdts%2Fcollections%2Fhwgw%2Fs03%2Fed&ref=s03-pg99&tree=published_page
person,gnd-118632477,Wieland,published_page,page,s03-pg99,http://rs4.ethz.ch/dts/document/?resource=https%3A%2F%2Fexample.org%2Fdts%2Fcollections%2Fhwgw%2Fs03%2Fed&ref=s03-pg99&tree=published_page
person,gnd-118512315,Bodmers,published_page,page,s03-pg99,http://rs4.ethz.ch/dts/document/?resource=https%3A%2F%2Fexample.org%2Fdts%2Fcollections%2Fhwgw%2Fs03%2Fed&ref=s03-pg99&tree=published_page
person,gnd-118632477,Wielands,published_page,page,s03-pg99,http://rs4.ethz.ch/dts/document/?resource=https%3A%2F%2Fexample.org%2Fdts%2Fcollections%2Fhwgw%2Fs03%2Fed&ref=s03-pg99&tree=published_page
person,gnd-118512315,Bodmer,published_page,page,s03-pg99,http://rs4.ethz.ch/dts/document/?resource=https%3A%2F%2Fexample.org%2Fdts%2Fcollections%2Fhwgw%2Fs03%2Fed&ref=s03-pg99&tree=published_page
person,gnd-118538969,Geßner,published_page,page,s03-pg99,http://rs4.ethz.ch/dts/document/?resource=https%3A%2F%2Fexample.org%2Fdts%2Fcollections%2Fhwgw%2Fs03%2Fed&ref=s03-pg99&tree=published_page
person,gnd-118632477,Wieland,published_page,page,s03-pg99,http://rs4.ethz.ch/dts/document/?resource=https%3A%2F%2Fexample.org%2Fdts%2Fcollections%2Fhwgw%2Fs03%2Fed&ref=s03-pg99&tree=published_page
place,gnd-4068038-1,Zürich,published_page,page,s03-pg99,http://rs4.ethz.ch/dts/document/?resource=https%3A%2F%2Fexample.org%2Fdts%2Fcollections%2Fhwgw%2Fs03%2Fed&ref=s03-pg99&tree=published_page
person,gnd-118632477,Wieland,published_page,page,s03-pg99,http://rs4.ethz.ch/dts/document/?resource=https%3A%2F%2Fexample.org%2Fdts%2Fcollections%2Fhwgw%2Fs03%2Fed&ref=s03-pg99&tree=published_page
person,gnd-118512315,Bodmern,published_page,page,s03-pg99,http://rs4.ethz.ch/dts/document/?resource=https%3A%2F%2Fexample.org%2Fdts%2Fcollections%2Fhwgw%2Fs03%2Fed&ref=s03-pg99&tree=published_page
person,gnd-118512315,Bodmern,published_page,page,s03-pg99,http://rs4.ethz.ch/dts/document/?resource=https%3A%2F%2Fexample.org%2Fdts%2Fcollections%2Fhwgw%2Fs03%2Fed&ref=s03-pg99&tree=published_page
person,gnd-118538969,Geßners,published_page,page,s03-pg99,http://rs4.ethz.ch/dts/document/?resource=https%3A%2F%2Fexample.org%2Fdts%2Fcollections%2Fhwgw%2Fs03%2Fed&ref=s03-pg99&tree=published_page
person,gnd-117184934,J.G. Schultheß,published_page,page,s03-pg99,http://rs4.ethz.ch/dts/document/?resource=https%3A%2F%2Fexample.org%2Fdts%2Fcollections%2Fhwgw%2Fs03%2Fed&ref=s03-pg99&tree=published_page
person,gnd-118632477,Wieland,published_page,page,s03-pg99,http://rs4.ethz.ch/dts/document/?resource=https%3A%2F%2Fexample.org%2Fdts%2Fcollections%2Fhwgw%2Fs03%2Fed&ref=s03-pg99&tree=published_page
person,gnd-118512315,Bodmer,published_page,page,s03-pg99,http://rs4.ethz.ch/dts/document/?resource=https%3A%2F%2Fexample.org%2Fdts%2Fcollections%2Fhwgw%2Fs03%2Fed&ref=s03-pg99&tree=published_page
person,gnd-118538969,Geßner,published_page,page,s03-pg99,http://rs4.ethz.ch/dts/document/?resource=https%3A%2F%2Fexample.org%2Fdts%2Fcollections%2Fhwgw%2Fs03%2Fed&ref=s03-pg99&tree=published_page
person,gnd-118512315,Bodmer,published_page,page,s03-pg99,http://rs4.ethz.ch/dts/document/?resource=https%3A%2F%2Fexample.org%2Fdts%2Fcollections%2Fhwgw%2Fs03%2Fed&ref=s03-pg99&tree=published_page
person,gnd-118538969,Geßner,published_page,page,s03-pg99,http://rs4.ethz.ch/dts/document/?resource=https%3A%2F%2Fexample.org%2Fdts%2Fcollections%2Fhwgw%2Fs03%2Fed&ref=s03-pg99&tree=published_page
person,gnd-118538969,Geßner,published_page,page,s03-pg99,http://rs4.ethz.ch/dts/document/?resource=https%3A%2F%2Fexample.org%2Fdts%2Fcollections%2Fhwgw%2Fs03%2Fed&ref=s03-pg99&tree=published_page
person,gnd-118632477,Wieland,published_page,page,s03-pg99,http://rs4.ethz.ch/dts/document/?resource=https%3A%2F%2Fexample.org%2Fdts%2Fcollections%2Fhwgw%2Fs03%2Fed&ref=s03-pg99&tree=published_page
person,gnd-118632477,Wieland,published_page,page,s03-pg99,http://rs4.ethz.ch/dts/document/?resource=https%3A%2F%2Fexample.org%2Fdts%2Fcollections%2Fhwgw%2Fs03%2Fed&ref=s03-pg99&tree=published_page
person,gnd-118632477,Wielands,published_page,page,s03-pg99,http://rs4.ethz.ch/dts/document/?resource=https%3A%2F%2Fexample.org%2Fdts%2Fcollections%2Fhwgw%2Fs03%2Fed&ref=s03-pg99&tree=published_page
person,gnd-118613693,Shaftesburys,published_page,page,s03-pg99,http://rs4.ethz.ch/dts/document/?resource=https%3A%2F%2Fexample.org%2Fdts%2Fcollections%2Fhwgw%2Fs03%2Fed&ref=s03-pg99&tree=published_page
person,gnd-118632477,Wieland,published_page,page,s03-pg99,http://rs4.ethz.ch/dts/document/?resource=https%3A%2F%2Fexample.org%2Fdts%2Fcollections%2Fhwgw%2Fs03%2Fed&ref=s03-pg99&tree=published_page
person,gnd-118538969,Salomon Geßner,published_page,page,s03-pg100,http://rs4.ethz.ch/dts/document/?resource=https%3A%2F%2Fexample.org%2Fdts%2Fcollections%2Fhwgw%2Fs03%2Fed&ref=s03-pg100&tree=published_page
place,gnd-4065105-8,Weimar,published_page,page,s03-pg100,http://rs4.ethz.ch/dts/document/?resource=https%3A%2F%2Fexample.org%2Fdts%2Fcollections%2Fhwgw%2Fs03%2Fed&ref=s03-pg100&tree=published_page
person,gnd-116599995,Tochter aus Wielands Hause,published_page,page,s03-pg100,http://rs4.ethz.ch/dts/document/?resource=https%3A%2F%2Fexample.org%2Fdts%2Fcollections%2Fhwgw%2Fs03%2Fed&ref=s03-pg100&tree=published_page
person,gnd-116599995,Charlotte Gessner,published_page,page,s03-pg100,http://rs4.ethz.ch/dts/document/?resource=https%3A%2F%2Fexample.org%2Fdts%2Fcollections%2Fhwgw%2Fs03%2Fed&ref=s03-pg100&tree=published_page
person,gnd-118723499,E.v. Kleist,published_page,page,s03-pg100,http://rs4.ethz.ch/dts/document/?resource=https%3A%2F%2Fexample.org%2Fdts%2Fcollections%2Fhwgw%2Fs03%2Fed&ref=s03-pg100&tree=published_page
person,gnd-118632477,Wieland,published_page,page,s03-pg100,http://rs4.ethz.ch/dts/document/?resource=https%3A%2F%2Fexample.org%2Fdts%2Fcollections%2Fhwgw%2Fs03%2Fed&ref=s03-pg100&tree=published_page
place,gnd-4068038-1,zürcherischen Seestrand,published_page,page,s03-pg100,http://rs4.ethz.ch/dts/document/?resource=https%3A%2F%2Fexample.org%2Fdts%2Fcollections%2Fhwgw%2Fs03%2Fed&ref=s03-pg100&tree=published_page
person,gnd-118512315,Bodmer,published_page,page,s03-pg100,http://rs4.ethz.ch/dts/document/?resource=https%3A%2F%2Fexample.org%2Fdts%2Fcollections%2Fhwgw%2Fs03%2Fed&ref=s03-pg100&tree=published_page
place,gnd-4068038-1,Zürich,published_page,page,s03-pg100,http://rs4.ethz.ch/dts/document/?resource=https%3A%2F%2Fexample.org%2Fdts%2Fcollections%2Fhwgw%2Fs03%2Fed&ref=s03-pg100&tree=published_page
place,gnd-4005728-8,Berlin,published_page,page,s03-pg100,http://rs4.ethz.ch/dts/document/?resource=https%3A%2F%2Fexample.org%2Fdts%2Fcollections%2Fhwgw%2Fs03%2Fed&ref=s03-pg100&tree=published_page
place,gnd-4068038-1,Zürich,published_page,page,s03-pg100,http://rs4.ethz.ch/dts/document/?resource=https%3A%2F%2Fexample.org%2Fdts%2Fcollections%2Fhwgw%2Fs03%2Fed&ref=s03-pg100&tree=published_page
person,gnd-119059614,Ramler,published_page,page,s03-pg100,http://rs4.ethz.ch/dts/document/?resource=https%3A%2F%2Fexample.org%2Fdts%2Fcollections%2Fhwgw%2Fs03%2Fed&ref=s03-pg100&tree=published_page
person,gnd-118723499,Kleists,published_page,page,s03-pg100,http://rs4.ethz.ch/dts/document/?resource=https%3A%2F%2Fexample.org%2Fdts%2Fcollections%2Fhwgw%2Fs03%2Fed&ref=s03-pg100&tree=published_page
person,gnd-118717758,Gleim,published_page,page,s03-pg100,http://rs4.ethz.ch/dts/document/?resource=https%3A%2F%2Fexample.org%2Fdts%2Fcollections%2Fhwgw%2Fs03%2Fed&ref=s03-pg100&tree=published_page
place,gnd-4068038-1,Zürich,published_page,page,s03-pg100,http://rs4.ethz.ch/dts/document/?resource=https%3A%2F%2Fexample.org%2Fdts%2Fcollections%2Fhwgw%2Fs03%2Fed&ref=s03-pg100&tree=published_page
person,gnd-119059614,Ramlers,published_page,page,s03-pg100,http://rs4.ethz.ch/dts/document/?resource=https%3A%2F%2Fexample.org%2Fdts%2Fcollections%2Fhwgw%2Fs03%2Fed&ref=s03-pg100&tree=published_page
person,gnd-118538969,Geßner,published_page,page,s03-pg100,http://rs4.ethz.ch/dts/document/?resource=https%3A%2F%2Fexample.org%2Fdts%2Fcollections%2Fhwgw%2Fs03%2Fed&ref=s03-pg100&tree=published_page
person,gnd-118723499,Kleist,published_page,page,s03-pg100,http://rs4.ethz.ch/dts/document/?resource=https%3A%2F%2Fexample.org%2Fdts%2Fcollections%2Fhwgw%2Fs03%2Fed&ref=s03-pg100&tree=published_page
person,gnd-118538969,Geßner,published_page,page,s03-pg100,http://rs4.ethz.ch/dts/document/?resource=https%3A%2F%2Fexample.org%2Fdts%2Fcollections%2Fhwgw%2Fs03%2Fed&ref=s03-pg100&tree=published_page
person,gnd-118723499,Kleist,published_page,page,s03-pg100,http://rs4.ethz.ch/dts/document/?resource=https%3A%2F%2Fexample.org%2Fdts%2Fcollections%2Fhwgw%2Fs03%2Fed&ref=s03-pg100&tree=published_page
person,gnd-118723499,Kleist,published_page,page,s03-pg100,http://rs4.ethz.ch/dts/document/?resource=https%3A%2F%2Fexample.org%2Fdts%2Fcollections%2Fhwgw%2Fs03%2Fed&ref=s03-pg100&tree=published_page
person,gnd-118538969,Geßnerschen,published_page,page,s03-pg100,http://rs4.ethz.ch/dts/document/?resource=https%3A%2F%2Fexample.org%2Fdts%2Fcollections%2Fhwgw%2Fs03%2Fed&ref=s03-pg100&tree=published_page
person,gnd-118634496,Wölfflin,published_page,page,s03-pg100,http://rs4.ethz.ch/dts/document/?resource=https%3A%2F%2Fexample.org%2Fdts%2Fcollections%2Fhwgw%2Fs03%2Fed&ref=s03-pg100&tree=published_page
person,gnd-118538969,Geßner,published_page,page,s03-pg100,http://rs4.ethz.ch/dts/document/?resource=https%3A%2F%2Fexample.org%2Fdts%2Fcollections%2Fhwgw%2Fs03%2Fed&ref=s03-pg100&tree=published_page
person,gnd-118538969,Geßner,published_page,page,s03-pg100,http://rs4.ethz.ch/dts/document/?resource=https%3A%2F%2Fexample.org%2Fdts%2Fcollections%2Fhwgw%2Fs03%2Fed&ref=s03-pg100&tree=published_page
person,gnd-118723499,Kleist,published_page,page,s03-pg100,http://rs4.ethz.ch/dts/document/?resource=https%3A%2F%2Fexample.org%2Fdts%2Fcollections%2Fhwgw%2Fs03%2Fed&ref=s03-pg100&tree=published_page
person,gnd-118538969,Geßner,published_page,page,s03-pg100,http://rs4.ethz.ch/dts/document/?resource=https%3A%2F%2Fexample.org%2Fdts%2Fcollections%2Fhwgw%2Fs03%2Fed&ref=s03-pg100&tree=published_page
person,gnd-117184934,J.G. Schultheß,published_page,page,s03-pg100,http://rs4.ethz.ch/dts/document/?resource=https%3A%2F%2Fexample.org%2Fdts%2Fcollections%2Fhwgw%2Fs03%2Fed&ref=s03-pg100&tree=published_page
person,gnd-119020890,Hirzel,published_page,page,s03-pg100,http://rs4.ethz.ch/dts/document/?resource=https%3A%2F%2Fexample.org%2Fdts%2Fcollections%2Fhwgw%2Fs03%2Fed&ref=s03-pg100&tree=published_page
place,gnd-4075454-6,Norddeutschland,published_page,page,s03-pg100,http://rs4.ethz.ch/dts/document/?resource=https%3A%2F%2Fexample.org%2Fdts%2Fcollections%2Fhwgw%2Fs03%2Fed&ref=s03-pg100&tree=published_page
person,gnd-118723499,Kleists,published_page,page,s03-pg100,http://rs4.ethz.ch/dts/document/?resource=https%3A%2F%2Fexample.org%2Fdts%2Fcollections%2Fhwgw%2Fs03%2Fed&ref=s03-pg100&tree=published_page
place,gnd-4068038-1,Zürich,published_page,page,s03-pg100,http://rs4.ethz.ch/dts/document/?resource=https%3A%2F%2Fexample.org%2Fdts%2Fcollections%2Fhwgw%2Fs03%2Fed&ref=s03-pg100&tree=published_page
place,gnd-4005728-8,Berlin,published_page,page,s03-pg100,http://rs4.ethz.ch/dts/document/?resource=https%3A%2F%2Fexample.org%2Fdts%2Fcollections%2Fhwgw%2Fs03%2Fed&ref=s03-pg100&tree=published_page
person,gnd-118538969,Geßners,published_page,page,s03-pg100,http://rs4.ethz.ch/dts/document/?resource=https%3A%2F%2Fexample.org%2Fdts%2Fcollections%2Fhwgw%2Fs03%2Fed&ref=s03-pg100&tree=published_page
person,gnd-118699598,Kleinjogg,published_page,page,s03-pg100,http://rs4.ethz.ch/dts/document/?resource=https%3A%2F%2Fexample.org%2Fdts%2Fcollections%2Fhwgw%2Fs03%2Fed&ref=s03-pg100&tree=published_page
person,gnd-118538969,Geßner,published_page,page,s03-pg100,http://rs4.ethz.ch/dts/document/?resource=https%3A%2F%2Fexample.org%2Fdts%2Fcollections%2Fhwgw%2Fs03%2Fed&ref=s03-pg100&tree=published_page
person,gnd-118634496,Wölfflin,published_page,page,s03-pg100,http://rs4.ethz.ch/dts/document/?resource=https%3A%2F%2Fexample.org%2Fdts%2Fcollections%2Fhwgw%2Fs03%2Fed&ref=s03-pg100&tree=published_page
person,gnd-118634496,Wölfflin,published_page,page,s03-pg100,http://rs4.ethz.ch/dts/document/?resource=https%3A%2F%2Fexample.org%2Fdts%2Fcollections%2Fhwgw%2Fs03%2Fed&ref=s03-pg100&tree=published_page
organisation,gnd-2031351-2,BSB M,published_page,page,s03-pg100,http://rs4.ethz.ch/dts/document/?resource=https%3A%2F%2Fexample.org%2Fdts%2Fcollections%2Fhwgw%2Fs03%2Fed&ref=s03-pg100&tree=published_page
person,gnd-118634496,Wölfflin,published_page,page,s03-pg100,http://rs4.ethz.ch/dts/document/?resource=https%3A%2F%2Fexample.org%2Fdts%2Fcollections%2Fhwgw%2Fs03%2Fed&ref=s03-pg100&tree=published_page
person,gnd-118538969,Geßners,published_page,page,s03-pg101,http://rs4.ethz.ch/dts/document/?resource=https%3A%2F%2Fexample.org%2Fdts%2Fcollections%2Fhwgw%2Fs03%2Fed&ref=s03-pg101&tree=published_page
person,gnd-117184934,Schultheß,published_page,page,s03-pg101,http://rs4.ethz.ch/dts/document/?resource=https%3A%2F%2Fexample.org%2Fdts%2Fcollections%2Fhwgw%2Fs03%2Fed&ref=s03-pg101&tree=published_page
place,gnd-4759524-3,Lande,published_page,page,s03-pg101,http://rs4.ethz.ch/dts/document/?resource=https%3A%2F%2Fexample.org%2Fdts%2Fcollections%2Fhwgw%2Fs03%2Fed&ref=s03-pg101&tree=published_page
person,gnd-118538969,Geßner,published_page,page,s03-pg101,http://rs4.ethz.ch/dts/document/?resource=https%3A%2F%2Fexample.org%2Fdts%2Fcollections%2Fhwgw%2Fs03%2Fed&ref=s03-pg101&tree=published_page
person,gnd-118512315,Bodmern,published_page,page,s03-pg101,http://rs4.ethz.ch/dts/document/?resource=https%3A%2F%2Fexample.org%2Fdts%2Fcollections%2Fhwgw%2Fs03%2Fed&ref=s03-pg101&tree=published_page
person,gnd-118538969,Geßner,published_page,page,s03-pg101,http://rs4.ethz.ch/dts/document/?resource=https%3A%2F%2Fexample.org%2Fdts%2Fcollections%2Fhwgw%2Fs03%2Fed&ref=s03-pg101&tree=published_page
person,gnd-118512315,Bodmer,published_page,page,s03-pg101,http://rs4.ethz.ch/dts/document/?resource=https%3A%2F%2Fexample.org%2Fdts%2Fcollections%2Fhwgw%2Fs03%2Fed&ref=s03-pg101&tree=published_page
person,gnd-11701348X,Hottinger,published_page,page,s03-pg101,http://rs4.ethz.ch/dts/document/?resource=https%3A%2F%2Fexample.org%2Fdts%2Fcollections%2Fhwgw%2Fs03%2Fed&ref=s03-pg101&tree=published_page
person,gnd-118538969,Gessners,published_page,page,s03-pg101,http://rs4.ethz.ch/dts/document/?resource=https%3A%2F%2Fexample.org%2Fdts%2Fcollections%2Fhwgw%2Fs03%2Fed&ref=s03-pg101&tree=published_page
person,gnd-117184934,Schulthess,published_page,page,s03-pg101,http://rs4.ethz.ch/dts/document/?resource=https%3A%2F%2Fexample.org%2Fdts%2Fcollections%2Fhwgw%2Fs03%2Fed&ref=s03-pg101&tree=published_page
person,gnd-118538969,Geßner,published_page,page,s03-pg101,http://rs4.ethz.ch/dts/document/?resource=https%3A%2F%2Fexample.org%2Fdts%2Fcollections%2Fhwgw%2Fs03%2Fed&ref=s03-pg101&tree=published_page
person,gnd-118538969,Geßner,published_page,page,s03-pg101,http://rs4.ethz.ch/dts/document/?resource=https%3A%2F%2Fexample.org%2Fdts%2Fcollections%2Fhwgw%2Fs03%2Fed&ref=s03-pg101&tree=published_page
person,gnd-118723499,Kleist,published_page,page,s03-pg101,http://rs4.ethz.ch/dts/document/?resource=https%3A%2F%2Fexample.org%2Fdts%2Fcollections%2Fhwgw%2Fs03%2Fed&ref=s03-pg101&tree=published_page
person,gnd-118717758,Gleimen,published_page,page,s03-pg101,http://rs4.ethz.ch/dts/document/?resource=https%3A%2F%2Fexample.org%2Fdts%2Fcollections%2Fhwgw%2Fs03%2Fed&ref=s03-pg101&tree=published_page
person,gnd-118634496,Wölfflin,published_page,page,s03-pg101,http://rs4.ethz.ch/dts/document/?resource=https%3A%2F%2Fexample.org%2Fdts%2Fcollections%2Fhwgw%2Fs03%2Fed&ref=s03-pg101&tree=published_page
person,gnd-118723499,Kleists,published_page,page,s03-pg101,http://rs4.ethz.ch/dts/document/?resource=https%3A%2F%2Fexample.org%2Fdts%2Fcollections%2Fhwgw%2Fs03%2Fed&ref=s03-pg101&tree=published_page
person,gnd-118538969,Gessner,published_page,page,s03-pg101,http://rs4.ethz.ch/dts/document/?resource=https%3A%2F%2Fexample.org%2Fdts%2Fcollections%2Fhwgw%2Fs03%2Fed&ref=s03-pg101&tree=published_page
place,gnd-4046948-7,Potsdam,published_page,page,s03-pg101,http://rs4.ethz.ch/dts/document/?resource=https%3A%2F%2Fexample.org%2Fdts%2Fcollections%2Fhwgw%2Fs03%2Fed&ref=s03-pg101&tree=published_page
person,gnd-118723499,Kleists,published_page,page,s03-pg101,http://rs4.ethz.ch/dts/document/?resource=https%3A%2F%2Fexample.org%2Fdts%2Fcollections%2Fhwgw%2Fs03%2Fed&ref=s03-pg101&tree=published_page
person,gnd-118634496,Wölfflin,published_page,page,s03-pg101,http://rs4.ethz.ch/dts/document/?resource=https%3A%2F%2Fexample.org%2Fdts%2Fcollections%2Fhwgw%2Fs03%2Fed&ref=s03-pg101&tree=published_page
person,gnd-118723499,Kleist,published_page,page,s03-pg101,http://rs4.ethz.ch/dts/document/?resource=https%3A%2F%2Fexample.org%2Fdts%2Fcollections%2Fhwgw%2Fs03%2Fed&ref=s03-pg101&tree=published_page
person,gnd-118538969,Gessner,published_page,page,s03-pg101,http://rs4.ethz.ch/dts/document/?resource=https%3A%2F%2Fexample.org%2Fdts%2Fcollections%2Fhwgw%2Fs03%2Fed&ref=s03-pg101&tree=published_page
person,gnd-118538969,Geßners,published_page,page,s03-pg101,http://rs4.ethz.ch/dts/document/?resource=https%3A%2F%2Fexample.org%2Fdts%2Fcollections%2Fhwgw%2Fs03%2Fed&ref=s03-pg101&tree=published_page
object,object-Luna-mit-dem-Dra-36,Luna mit dem Drachenwagen,published_page,page,s03-pg101,http://rs4.ethz.ch/dts/document/?resource=https%3A%2F%2Fexample.org%2Fdts%2Fcollections%2Fhwgw%2Fs03%2Fed&ref=s03-pg101&tree=published_page
person,gnd-118908154,Hagedorn,published_page,page,s03-pg102,http://rs4.ethz.ch/dts/document/?resource=https%3A%2F%2Fexample.org%2Fdts%2Fcollections%2Fhwgw%2Fs03%2Fed&ref=s03-pg102&tree=published_page
person,gnd-118717758,Gleim,published_page,page,s03-pg102,http://rs4.ethz.ch/dts/document/?resource=https%3A%2F%2Fexample.org%2Fdts%2Fcollections%2Fhwgw%2Fs03%2Fed&ref=s03-pg102&tree=published_page
person,gnd-118634496,Wölfflin,published_page,page,s03-pg102,http://rs4.ethz.ch/dts/document/?resource=https%3A%2F%2Fexample.org%2Fdts%2Fcollections%2Fhwgw%2Fs03%2Fed&ref=s03-pg102&tree=published_page
person,gnd-118908154,Hagedorn,published_page,page,s03-pg102,http://rs4.ethz.ch/dts/document/?resource=https%3A%2F%2Fexample.org%2Fdts%2Fcollections%2Fhwgw%2Fs03%2Fed&ref=s03-pg102&tree=published_page
person,gnd-118717758,Gleim,published_page,page,s03-pg102,http://rs4.ethz.ch/dts/document/?resource=https%3A%2F%2Fexample.org%2Fdts%2Fcollections%2Fhwgw%2Fs03%2Fed&ref=s03-pg102&tree=published_page
person,gnd-118538969,Geßner,published_page,page,s03-pg102,http://rs4.ethz.ch/dts/document/?resource=https%3A%2F%2Fexample.org%2Fdts%2Fcollections%2Fhwgw%2Fs03%2Fed&ref=s03-pg102&tree=published_page
person,gnd-118538969,Geßner,published_page,page,s03-pg102,http://rs4.ethz.ch/dts/document/?resource=https%3A%2F%2Fexample.org%2Fdts%2Fcollections%2Fhwgw%2Fs03%2Fed&ref=s03-pg102&tree=published_page
person,gnd-118634496,Wölfflin,published_page,page,s03-pg102,http://rs4.ethz.ch/dts/document/?resource=https%3A%2F%2Fexample.org%2Fdts%2Fcollections%2Fhwgw%2Fs03%2Fed&ref=s03-pg102&tree=published_page
person,gnd-118634496,Wölfflin,published_page,page,s03-pg102,http://rs4.ethz.ch/dts/document/?resource=https%3A%2F%2Fexample.org%2Fdts%2Fcollections%2Fhwgw%2Fs03%2Fed&ref=s03-pg102&tree=published_page
person,gnd-118596764,Properz,published_page,page,s03-pg102,http://rs4.ethz.ch/dts/document/?resource=https%3A%2F%2Fexample.org%2Fdts%2Fcollections%2Fhwgw%2Fs03%2Fed&ref=s03-pg102&tree=published_page
person,gnd-118634496,Wölfflin,published_page,page,s03-pg102,http://rs4.ethz.ch/dts/document/?resource=https%3A%2F%2Fexample.org%2Fdts%2Fcollections%2Fhwgw%2Fs03%2Fed&ref=s03-pg102&tree=published_page
person,gnd-118634496,Wölfflin,published_page,page,s03-pg102,http://rs4.ethz.ch/dts/document/?resource=https%3A%2F%2Fexample.org%2Fdts%2Fcollections%2Fhwgw%2Fs03%2Fed&ref=s03-pg102&tree=published_page
person,gnd-118538969,Geßner,published_page,page,s03-pg102,http://rs4.ethz.ch/dts/document/?resource=https%3A%2F%2Fexample.org%2Fdts%2Fcollections%2Fhwgw%2Fs03%2Fed&ref=s03-pg102&tree=published_page
person,gnd-118717758,Gleim,published_page,page,s03-pg103,http://rs4.ethz.ch/dts/document/?resource=https%3A%2F%2Fexample.org%2Fdts%2Fcollections%2Fhwgw%2Fs03%2Fed&ref=s03-pg103&tree=published_page
person,gnd-118717758,Gleim,published_page,page,s03-pg103,http://rs4.ethz.ch/dts/document/?resource=https%3A%2F%2Fexample.org%2Fdts%2Fcollections%2Fhwgw%2Fs03%2Fed&ref=s03-pg103&tree=published_page
person,gnd-118621769,Theocrit,published_page,page,s03-pg103,http://rs4.ethz.ch/dts/document/?resource=https%3A%2F%2Fexample.org%2Fdts%2Fcollections%2Fhwgw%2Fs03%2Fed&ref=s03-pg103&tree=published_page
person,gnd-118626574,Virgil,published_page,page,s03-pg103,http://rs4.ethz.ch/dts/document/?resource=https%3A%2F%2Fexample.org%2Fdts%2Fcollections%2Fhwgw%2Fs03%2Fed&ref=s03-pg103&tree=published_page
person,gnd-118649035,Anacreon,published_page,page,s03-pg103,http://rs4.ethz.ch/dts/document/?resource=https%3A%2F%2Fexample.org%2Fdts%2Fcollections%2Fhwgw%2Fs03%2Fed&ref=s03-pg103&tree=published_page
person,gnd-11855333X,Homer,published_page,page,s03-pg103,http://rs4.ethz.ch/dts/document/?resource=https%3A%2F%2Fexample.org%2Fdts%2Fcollections%2Fhwgw%2Fs03%2Fed&ref=s03-pg103&tree=published_page
person,gnd-118538969,Geßner,published_page,page,s03-pg103,http://rs4.ethz.ch/dts/document/?resource=https%3A%2F%2Fexample.org%2Fdts%2Fcollections%2Fhwgw%2Fs03%2Fed&ref=s03-pg103&tree=published_page
person,gnd-118574213,Longus,published_page,page,s03-pg103,http://rs4.ethz.ch/dts/document/?resource=https%3A%2F%2Fexample.org%2Fdts%2Fcollections%2Fhwgw%2Fs03%2Fed&ref=s03-pg103&tree=published_page
person,gnd-118502697,Amyots,published_page,page,s03-pg103,http://rs4.ethz.ch/dts/document/?resource=https%3A%2F%2Fexample.org%2Fdts%2Fcollections%2Fhwgw%2Fs03%2Fed&ref=s03-pg103&tree=published_page
person,gnd-118626574,Virgil,published_page,page,s03-pg103,http://rs4.ethz.ch/dts/document/?resource=https%3A%2F%2Fexample.org%2Fdts%2Fcollections%2Fhwgw%2Fs03%2Fed&ref=s03-pg103&tree=published_page
person,gnd-118621769,Theokrit,published_page,page,s03-pg103,http://rs4.ethz.ch/dts/document/?resource=https%3A%2F%2Fexample.org%2Fdts%2Fcollections%2Fhwgw%2Fs03%2Fed&ref=s03-pg103&tree=published_page
place,gnd-4068038-1,Zürich,published_page,page,s03-pg104,http://rs4.ethz.ch/dts/document/?resource=https%3A%2F%2Fexample.org%2Fdts%2Fcollections%2Fhwgw%2Fs03%2Fed&ref=s03-pg104&tree=published_page
person,gnd-11701348X,Hottinger,published_page,page,s03-pg104,http://rs4.ethz.ch/dts/document/?resource=https%3A%2F%2Fexample.org%2Fdts%2Fcollections%2Fhwgw%2Fs03%2Fed&ref=s03-pg104&tree=published_page
person,gnd-118512315,Bodmern,published_page,page,s03-pg104,http://rs4.ethz.ch/dts/document/?resource=https%3A%2F%2Fexample.org%2Fdts%2Fcollections%2Fhwgw%2Fs03%2Fed&ref=s03-pg104&tree=published_page
person,gnd-117595950,Zellweger,published_page,page,s03-pg104,http://rs4.ethz.ch/dts/document/?resource=https%3A%2F%2Fexample.org%2Fdts%2Fcollections%2Fhwgw%2Fs03%2Fed&ref=s03-pg104&tree=published_page
person,gnd-118632477,Wieland,published_page,page,s03-pg104,http://rs4.ethz.ch/dts/document/?resource=https%3A%2F%2Fexample.org%2Fdts%2Fcollections%2Fhwgw%2Fs03%2Fed&ref=s03-pg104&tree=published_page
person,gnd-118512315,Bodmers,published_page,page,s03-pg104,http://rs4.ethz.ch/dts/document/?resource=https%3A%2F%2Fexample.org%2Fdts%2Fcollections%2Fhwgw%2Fs03%2Fed&ref=s03-pg104&tree=published_page
person,gnd-117595950,Zellweger,published_page,page,s03-pg104,http://rs4.ethz.ch/dts/document/?resource=https%3A%2F%2Fexample.org%2Fdts%2Fcollections%2Fhwgw%2Fs03%2Fed&ref=s03-pg104&tree=published_page
person,gnd-118717758,Gleim,published_page,page,s03-pg104,http://rs4.ethz.ch/dts/document/?resource=https%3A%2F%2Fexample.org%2Fdts%2Fcollections%2Fhwgw%2Fs03%2Fed&ref=s03-pg104&tree=published_page
person,gnd-118723499,Kleist,published_page,page,s03-pg104,http://rs4.ethz.ch/dts/document/?resource=https%3A%2F%2Fexample.org%2Fdts%2Fcollections%2Fhwgw%2Fs03%2Fed&ref=s03-pg104&tree=published_page
person,gnd-118538969,Geßner,published_page,page,s03-pg104,http://rs4.ethz.ch/dts/document/?resource=https%3A%2F%2Fexample.org%2Fdts%2Fcollections%2Fhwgw%2Fs03%2Fed&ref=s03-pg104&tree=published_page
person,gnd-118538969,Gessners,published_page,page,s03-pg104,http://rs4.ethz.ch/dts/document/?resource=https%3A%2F%2Fexample.org%2Fdts%2Fcollections%2Fhwgw%2Fs03%2Fed&ref=s03-pg104&tree=published_page
person,gnd-118717758,Gleim,published_page,page,s03-pg104,http://rs4.ethz.ch/dts/document/?resource=https%3A%2F%2Fexample.org%2Fdts%2Fcollections%2Fhwgw%2Fs03%2Fed&ref=s03-pg104&tree=published_page
place,gnd-4068038-1,Zürich,published_page,page,s03-pg104,http://rs4.ethz.ch/dts/document/?resource=https%3A%2F%2Fexample.org%2Fdts%2Fcollections%2Fhwgw%2Fs03%2Fed&ref=s03-pg104&tree=published_page
person,gnd-118717758,Gleim,published_page,page,s03-pg104,http://rs4.ethz.ch/dts/document/?resource=https%3A%2F%2Fexample.org%2Fdts%2Fcollections%2Fhwgw%2Fs03%2Fed&ref=s03-pg104&tree=published_page
person,gnd-118717758,Gleims,published_page,page,s03-pg104,http://rs4.ethz.ch/dts/document/?resource=https%3A%2F%2Fexample.org%2Fdts%2Fcollections%2Fhwgw%2Fs03%2Fed&ref=s03-pg104&tree=published_page
person,gnd-118538969,Gessner,published_page,page,s03-pg104,http://rs4.ethz.ch/dts/document/?resource=https%3A%2F%2Fexample.org%2Fdts%2Fcollections%2Fhwgw%2Fs03%2Fed&ref=s03-pg104&tree=published_page
person,gnd-118538969,Geßner,published_page,page,s03-pg104,http://rs4.ethz.ch/dts/document/?resource=https%3A%2F%2Fexample.org%2Fdts%2Fcollections%2Fhwgw%2Fs03%2Fed&ref=s03-pg104&tree=published_page
person,gnd-118717758,Gleim,published_page,page,s03-pg104,http://rs4.ethz.ch/dts/document/?resource=https%3A%2F%2Fexample.org%2Fdts%2Fcollections%2Fhwgw%2Fs03%2Fed&ref=s03-pg104&tree=published_page
person,gnd-118649035,Anacreon,published_page,page,s03-pg104,http://rs4.ethz.ch/dts/document/?resource=https%3A%2F%2Fexample.org%2Fdts%2Fcollections%2Fhwgw%2Fs03%2Fed&ref=s03-pg104&tree=published_page
person,gnd-118538969,Geßners,published_page,page,s03-pg104,http://rs4.ethz.ch/dts/document/?resource=https%3A%2F%2Fexample.org%2Fdts%2Fcollections%2Fhwgw%2Fs03%2Fed&ref=s03-pg104&tree=published_page
person,gnd-118563386,Klopstock,published_page,page,s03-pg104,http://rs4.ethz.ch/dts/document/?resource=https%3A%2F%2Fexample.org%2Fdts%2Fcollections%2Fhwgw%2Fs03%2Fed&ref=s03-pg104&tree=published_page
person,gnd-118634496,Wölfflins,published_page,page,s03-pg105,http://rs4.ethz.ch/dts/document/?resource=https%3A%2F%2Fexample.org%2Fdts%2Fcollections%2Fhwgw%2Fs03%2Fed&ref=s03-pg105&tree=published_page
person,gnd-118538969,Geßners,published_page,page,s03-pg106,http://rs4.ethz.ch/dts/document/?resource=https%3A%2F%2Fexample.org%2Fdts%2Fcollections%2Fhwgw%2Fs03%2Fed&ref=s03-pg106&tree=published_page
person,gnd-118538969,Geßners,published_page,page,s03-pg106,http://rs4.ethz.ch/dts/document/?resource=https%3A%2F%2Fexample.org%2Fdts%2Fcollections%2Fhwgw%2Fs03%2Fed&ref=s03-pg106&tree=published_page
person,gnd-118621769,Theokrit,published_page,page,s03-pg106,http://rs4.ethz.ch/dts/document/?resource=https%3A%2F%2Fexample.org%2Fdts%2Fcollections%2Fhwgw%2Fs03%2Fed&ref=s03-pg106&tree=published_page
place,gnd-4055193-3,Sizilien,published_page,page,s03-pg106,http://rs4.ethz.ch/dts/document/?resource=https%3A%2F%2Fexample.org%2Fdts%2Fcollections%2Fhwgw%2Fs03%2Fed&ref=s03-pg106&tree=published_page
person,gnd-118545140,Haller,published_page,page,s03-pg106,http://rs4.ethz.ch/dts/document/?resource=https%3A%2F%2Fexample.org%2Fdts%2Fcollections%2Fhwgw%2Fs03%2Fed&ref=s03-pg106&tree=published_page
person,gnd-118538969,Geßner,published_page,page,s03-pg106,http://rs4.ethz.ch/dts/document/?resource=https%3A%2F%2Fexample.org%2Fdts%2Fcollections%2Fhwgw%2Fs03%2Fed&ref=s03-pg106&tree=published_page
person,gnd-118621769,Theocrits,published_page,page,s03-pg106,http://rs4.ethz.ch/dts/document/?resource=https%3A%2F%2Fexample.org%2Fdts%2Fcollections%2Fhwgw%2Fs03%2Fed&ref=s03-pg106&tree=published_page
person,gnd-118621769,Theocrit,published_page,page,s03-pg106,http://rs4.ethz.ch/dts/document/?resource=https%3A%2F%2Fexample.org%2Fdts%2Fcollections%2Fhwgw%2Fs03%2Fed&ref=s03-pg106&tree=published_page
person,gnd-118538969,Geßner,published_page,page,s03-pg106,http://rs4.ethz.ch/dts/document/?resource=https%3A%2F%2Fexample.org%2Fdts%2Fcollections%2Fhwgw%2Fs03%2Fed&ref=s03-pg106&tree=published_page
person,gnd-118512315,Bodmer,published_page,page,s03-pg106,http://rs4.ethz.ch/dts/document/?resource=https%3A%2F%2Fexample.org%2Fdts%2Fcollections%2Fhwgw%2Fs03%2Fed&ref=s03-pg106&tree=published_page
person,gnd-118538969,Geßner,published_page,page,s03-pg106,http://rs4.ethz.ch/dts/document/?resource=https%3A%2F%2Fexample.org%2Fdts%2Fcollections%2Fhwgw%2Fs03%2Fed&ref=s03-pg106&tree=published_page
person,gnd-12272965X,Lignons,published_page,page,s03-pg106,http://rs4.ethz.ch/dts/document/?resource=https%3A%2F%2Fexample.org%2Fdts%2Fcollections%2Fhwgw%2Fs03%2Fed&ref=s03-pg106&tree=published_page
person,gnd-118512315,Bodmer,published_page,page,s03-pg106,http://rs4.ethz.ch/dts/document/?resource=https%3A%2F%2Fexample.org%2Fdts%2Fcollections%2Fhwgw%2Fs03%2Fed&ref=s03-pg106&tree=published_page
organisation,gnd-1012546-2,ZB ZH,published_page,page,s03-pg106,http://rs4.ethz.ch/dts/document/?resource=https%3A%2F%2Fexample.org%2Fdts%2Fcollections%2Fhwgw%2Fs03%2Fed&ref=s03-pg106&tree=published_page
person,gnd-118634496,Wölfflin,published_page,page,s03-pg106,http://rs4.ethz.ch/dts/document/?resource=https%3A%2F%2Fexample.org%2Fdts%2Fcollections%2Fhwgw%2Fs03%2Fed&ref=s03-pg106&tree=published_page
person,gnd-12272965X,(Richard) «Ligon»,published_page,page,s03-pg106,http://rs4.ethz.ch/dts/document/?resource=https%3A%2F%2Fexample.org%2Fdts%2Fcollections%2Fhwgw%2Fs03%2Fed&ref=s03-pg106&tree=published_page
person,gnd-118634496,Wölfflin,published_page,page,s03-pg106,http://rs4.ethz.ch/dts/document/?resource=https%3A%2F%2Fexample.org%2Fdts%2Fcollections%2Fhwgw%2Fs03%2Fed&ref=s03-pg106&tree=published_page
organisation,gnd-1012546-2,ZB ZH,published_page,page,s03-pg106,http://rs4.ethz.ch/dts/document/?resource=https%3A%2F%2Fexample.org%2Fdts%2Fcollections%2Fhwgw%2Fs03%2Fed&ref=s03-pg106&tree=published_page
person,gnd-118538969,Gessners,published_page,page,s03-pg106,http://rs4.ethz.ch/dts/document/?resource=https%3A%2F%2Fexample.org%2Fdts%2Fcollections%2Fhwgw%2Fs03%2Fed&ref=s03-pg106&tree=published_page
person,gnd-118512315,Bodmers,published_page,page,s03-pg106,http://rs4.ethz.ch/dts/document/?resource=https%3A%2F%2Fexample.org%2Fdts%2Fcollections%2Fhwgw%2Fs03%2Fed&ref=s03-pg106&tree=published_page
person,gnd-118512315,Bodmers,published_page,page,s03-pg106,http://rs4.ethz.ch/dts/document/?resource=https%3A%2F%2Fexample.org%2Fdts%2Fcollections%2Fhwgw%2Fs03%2Fed&ref=s03-pg106&tree=published_page
person,gnd-118512315,Bodmer,published_page,page,s03-pg106,http://rs4.ethz.ch/dts/document/?resource=https%3A%2F%2Fexample.org%2Fdts%2Fcollections%2Fhwgw%2Fs03%2Fed&ref=s03-pg106&tree=published_page
person,gnd-118538969,Geßner,published_page,page,s03-pg106,http://rs4.ethz.ch/dts/document/?resource=https%3A%2F%2Fexample.org%2Fdts%2Fcollections%2Fhwgw%2Fs03%2Fed&ref=s03-pg106&tree=published_page
person,gnd-118538969,Geßner,published_page,page,s03-pg106,http://rs4.ethz.ch/dts/document/?resource=https%3A%2F%2Fexample.org%2Fdts%2Fcollections%2Fhwgw%2Fs03%2Fed&ref=s03-pg106&tree=published_page
person,gnd-118512315,Bodmer,published_page,page,s03-pg107,http://rs4.ethz.ch/dts/document/?resource=https%3A%2F%2Fexample.org%2Fdts%2Fcollections%2Fhwgw%2Fs03%2Fed&ref=s03-pg107&tree=published_page
person,gnd-118538969,Geßner,published_page,page,s03-pg107,http://rs4.ethz.ch/dts/document/?resource=https%3A%2F%2Fexample.org%2Fdts%2Fcollections%2Fhwgw%2Fs03%2Fed&ref=s03-pg107&tree=published_page
person,gnd-118538969,Geßner,published_page,page,s03-pg107,http://rs4.ethz.ch/dts/document/?resource=https%3A%2F%2Fexample.org%2Fdts%2Fcollections%2Fhwgw%2Fs03%2Fed&ref=s03-pg107&tree=published_page
person,gnd-118538969,Geßner,published_page,page,s03-pg107,http://rs4.ethz.ch/dts/document/?resource=https%3A%2F%2Fexample.org%2Fdts%2Fcollections%2Fhwgw%2Fs03%2Fed&ref=s03-pg107&tree=published_page
person,gnd-118723499,Kleist,published_page,page,s03-pg107,http://rs4.ethz.ch/dts/document/?resource=https%3A%2F%2Fexample.org%2Fdts%2Fcollections%2Fhwgw%2Fs03%2Fed&ref=s03-pg107&tree=published_page
person,gnd-118723499,Kleist,published_page,page,s03-pg107,http://rs4.ethz.ch/dts/document/?resource=https%3A%2F%2Fexample.org%2Fdts%2Fcollections%2Fhwgw%2Fs03%2Fed&ref=s03-pg107&tree=published_page
person,gnd-118538969,Geßner,published_page,page,s03-pg107,http://rs4.ethz.ch/dts/document/?resource=https%3A%2F%2Fexample.org%2Fdts%2Fcollections%2Fhwgw%2Fs03%2Fed&ref=s03-pg107&tree=published_page
person,gnd-118549553,Herder,published_page,page,s03-pg108,http://rs4.ethz.ch/dts/document/?resource=https%3A%2F%2Fexample.org%2Fdts%2Fcollections%2Fhwgw%2Fs03%2Fed&ref=s03-pg108&tree=published_page
person,gnd-118538969,Geßner,published_page,page,s03-pg108,http://rs4.ethz.ch/dts/document/?resource=https%3A%2F%2Fexample.org%2Fdts%2Fcollections%2Fhwgw%2Fs03%2Fed&ref=s03-pg108&tree=published_page
person,gnd-118634496,Wölfflin,published_page,page,s03-pg108,http://rs4.ethz.ch/dts/document/?resource=https%3A%2F%2Fexample.org%2Fdts%2Fcollections%2Fhwgw%2Fs03%2Fed&ref=s03-pg108&tree=published_page
person,gnd-11737542X,Bernhard Suphans,published_page,page,s03-pg108,http://rs4.ethz.ch/dts/document/?resource=https%3A%2F%2Fexample.org%2Fdts%2Fcollections%2Fhwgw%2Fs03%2Fed&ref=s03-pg108&tree=published_page
person,gnd-118634496,Wölfflin,published_page,page,s03-pg108,http://rs4.ethz.ch/dts/document/?resource=https%3A%2F%2Fexample.org%2Fdts%2Fcollections%2Fhwgw%2Fs03%2Fed&ref=s03-pg108&tree=published_page
person,gnd-118634496,Wölfflin,published_page,page,s03-pg108,http://rs4.ethz.ch/dts/document/?resource=https%3A%2F%2Fexample.org%2Fdts%2Fcollections%2Fhwgw%2Fs03%2Fed&ref=s03-pg108&tree=published_page
person,gnd-118538969,Geßner,published_page,page,s03-pg108,http://rs4.ethz.ch/dts/document/?resource=https%3A%2F%2Fexample.org%2Fdts%2Fcollections%2Fhwgw%2Fs03%2Fed&ref=s03-pg108&tree=published_page
person,gnd-118538969,Geßner,published_page,page,s03-pg109,http://rs4.ethz.ch/dts/document/?resource=https%3A%2F%2Fexample.org%2Fdts%2Fcollections%2Fhwgw%2Fs03%2Fed&ref=s03-pg109&tree=published_page
person,gnd-118538969,Geßner,published_page,page,s03-pg109,http://rs4.ethz.ch/dts/document/?resource=https%3A%2F%2Fexample.org%2Fdts%2Fcollections%2Fhwgw%2Fs03%2Fed&ref=s03-pg109&tree=published_page
place,gnd-4018145-5,Frankreich,published_page,page,s03-pg109,http://rs4.ethz.ch/dts/document/?resource=https%3A%2F%2Fexample.org%2Fdts%2Fcollections%2Fhwgw%2Fs03%2Fed&ref=s03-pg109&tree=published_page
person,gnd-118538969,Geßners,published_page,page,s03-pg110,http://rs4.ethz.ch/dts/document/?resource=https%3A%2F%2Fexample.org%2Fdts%2Fcollections%2Fhwgw%2Fs03%2Fed&ref=s03-pg110&tree=published_page
person,gnd-118512315,Bodmer,published_page,page,s03-pg110,http://rs4.ethz.ch/dts/document/?resource=https%3A%2F%2Fexample.org%2Fdts%2Fcollections%2Fhwgw%2Fs03%2Fed&ref=s03-pg110&tree=published_page
person,gnd-118549553,Herder,published_page,page,s03-pg110,http://rs4.ethz.ch/dts/document/?resource=https%3A%2F%2Fexample.org%2Fdts%2Fcollections%2Fhwgw%2Fs03%2Fed&ref=s03-pg110&tree=published_page
person,gnd-118538969,Geßner,published_page,page,s03-pg110,http://rs4.ethz.ch/dts/document/?resource=https%3A%2F%2Fexample.org%2Fdts%2Fcollections%2Fhwgw%2Fs03%2Fed&ref=s03-pg110&tree=published_page
person,gnd-118512315,Bodmers,published_page,page,s03-pg110,http://rs4.ethz.ch/dts/document/?resource=https%3A%2F%2Fexample.org%2Fdts%2Fcollections%2Fhwgw%2Fs03%2Fed&ref=s03-pg110&tree=published_page
person,gnd-117595950,Zellweger,published_page,page,s03-pg110,http://rs4.ethz.ch/dts/document/?resource=https%3A%2F%2Fexample.org%2Fdts%2Fcollections%2Fhwgw%2Fs03%2Fed&ref=s03-pg110&tree=published_page
person,gnd-118632477,Wieland,published_page,page,s03-pg110,http://rs4.ethz.ch/dts/document/?resource=https%3A%2F%2Fexample.org%2Fdts%2Fcollections%2Fhwgw%2Fs03%2Fed&ref=s03-pg110&tree=published_page
person,gnd-118563386,Klopstock,published_page,page,s03-pg110,http://rs4.ethz.ch/dts/document/?resource=https%3A%2F%2Fexample.org%2Fdts%2Fcollections%2Fhwgw%2Fs03%2Fed&ref=s03-pg110&tree=published_page
person,gnd-118538969,Geßner,published_page,page,s03-pg110,http://rs4.ethz.ch/dts/document/?resource=https%3A%2F%2Fexample.org%2Fdts%2Fcollections%2Fhwgw%2Fs03%2Fed&ref=s03-pg110&tree=published_page
person,gnd-117374377,W.D. Sulzers,published_page,page,s03-pg110,http://rs4.ethz.ch/dts/document/?resource=https%3A%2F%2Fexample.org%2Fdts%2Fcollections%2Fhwgw%2Fs03%2Fed&ref=s03-pg110&tree=published_page
person,gnd-118538969,Geßner,published_page,page,s03-pg110,http://rs4.ethz.ch/dts/document/?resource=https%3A%2F%2Fexample.org%2Fdts%2Fcollections%2Fhwgw%2Fs03%2Fed&ref=s03-pg110&tree=published_page
person,gnd-117374377,W. D. Sulzers,published_page,page,s03-pg110,http://rs4.ethz.ch/dts/document/?resource=https%3A%2F%2Fexample.org%2Fdts%2Fcollections%2Fhwgw%2Fs03%2Fed&ref=s03-pg110&tree=published_page
person,gnd-101893108,Geilfus,published_page,page,s03-pg110,http://rs4.ethz.ch/dts/document/?resource=https%3A%2F%2Fexample.org%2Fdts%2Fcollections%2Fhwgw%2Fs03%2Fed&ref=s03-pg110&tree=published_page
person,gnd-118731890,Matthison,published_page,page,s03-pg110,http://rs4.ethz.ch/dts/document/?resource=https%3A%2F%2Fexample.org%2Fdts%2Fcollections%2Fhwgw%2Fs03%2Fed&ref=s03-pg110&tree=published_page
person,gnd-118538969,Geßner,published_page,page,s03-pg110,http://rs4.ethz.ch/dts/document/?resource=https%3A%2F%2Fexample.org%2Fdts%2Fcollections%2Fhwgw%2Fs03%2Fed&ref=s03-pg110&tree=published_page
person,gnd-118731890,Matthisons,published_page,page,s03-pg110,http://rs4.ethz.ch/dts/document/?resource=https%3A%2F%2Fexample.org%2Fdts%2Fcollections%2Fhwgw%2Fs03%2Fed&ref=s03-pg110&tree=published_page
person,gnd-118538969,Geßner,published_page,page,s03-pg110,http://rs4.ethz.ch/dts/document/?resource=https%3A%2F%2Fexample.org%2Fdts%2Fcollections%2Fhwgw%2Fs03%2Fed&ref=s03-pg110&tree=published_page
person,gnd-118634496,Wölfflin,published_page,page,s03-pg111,http://rs4.ethz.ch/dts/document/?resource=https%3A%2F%2Fexample.org%2Fdts%2Fcollections%2Fhwgw%2Fs03%2Fed&ref=s03-pg111&tree=published_page
person,gnd-118538969,Geßnerschen,published_page,page,s03-pg111,http://rs4.ethz.ch/dts/document/?resource=https%3A%2F%2Fexample.org%2Fdts%2Fcollections%2Fhwgw%2Fs03%2Fed&ref=s03-pg111&tree=published_page
person,gnd-118538969,Geßner,published_page,page,s03-pg111,http://rs4.ethz.ch/dts/document/?resource=https%3A%2F%2Fexample.org%2Fdts%2Fcollections%2Fhwgw%2Fs03%2Fed&ref=s03-pg111&tree=published_page
person,gnd-118636979,Zimmermann,published_page,page,s03-pg111,http://rs4.ethz.ch/dts/document/?resource=https%3A%2F%2Fexample.org%2Fdts%2Fcollections%2Fhwgw%2Fs03%2Fed&ref=s03-pg111&tree=published_page
place,gnd-4018145-5,Frankreich,published_page,page,s03-pg111,http://rs4.ethz.ch/dts/document/?resource=https%3A%2F%2Fexample.org%2Fdts%2Fcollections%2Fhwgw%2Fs03%2Fed&ref=s03-pg111&tree=published_page
person,gnd-118538969,Geßners,published_page,page,s03-pg111,http://rs4.ethz.ch/dts/document/?resource=https%3A%2F%2Fexample.org%2Fdts%2Fcollections%2Fhwgw%2Fs03%2Fed&ref=s03-pg111&tree=published_page
person,gnd-118636979,Zimmermann,published_page,page,s03-pg111,http://rs4.ethz.ch/dts/document/?resource=https%3A%2F%2Fexample.org%2Fdts%2Fcollections%2Fhwgw%2Fs03%2Fed&ref=s03-pg111&tree=published_page
person,gnd-116215631,Bodemann,published_page,page,s03-pg111,http://rs4.ethz.ch/dts/document/?resource=https%3A%2F%2Fexample.org%2Fdts%2Fcollections%2Fhwgw%2Fs03%2Fed&ref=s03-pg111&tree=published_page
place,gnd-4068038-1,Zürich,published_page,page,s03-pg111,http://rs4.ethz.ch/dts/document/?resource=https%3A%2F%2Fexample.org%2Fdts%2Fcollections%2Fhwgw%2Fs03%2Fed&ref=s03-pg111&tree=published_page
person,gnd-118525263,Diderot,published_page,page,s03-pg112,http://rs4.ethz.ch/dts/document/?resource=https%3A%2F%2Fexample.org%2Fdts%2Fcollections%2Fhwgw%2Fs03%2Fed&ref=s03-pg112&tree=published_page
person,gnd-118578073,Marmontel,published_page,page,s03-pg112,http://rs4.ethz.ch/dts/document/?resource=https%3A%2F%2Fexample.org%2Fdts%2Fcollections%2Fhwgw%2Fs03%2Fed&ref=s03-pg112&tree=published_page
person,gnd-118630563,Chr. F. Weiße,published_page,page,s03-pg112,http://rs4.ethz.ch/dts/document/?resource=https%3A%2F%2Fexample.org%2Fdts%2Fcollections%2Fhwgw%2Fs03%2Fed&ref=s03-pg112&tree=published_page
organisation,gnd-2031351-2,BSB M,published_page,page,s03-pg112,http://rs4.ethz.ch/dts/document/?resource=https%3A%2F%2Fexample.org%2Fdts%2Fcollections%2Fhwgw%2Fs03%2Fed&ref=s03-pg112&tree=published_page
person,gnd-118538969,Geßner,published_page,page,s03-pg112,http://rs4.ethz.ch/dts/document/?resource=https%3A%2F%2Fexample.org%2Fdts%2Fcollections%2Fhwgw%2Fs03%2Fed&ref=s03-pg112&tree=published_page
person,gnd-118633600,Winckelmann,published_page,page,s03-pg112,http://rs4.ethz.ch/dts/document/?resource=https%3A%2F%2Fexample.org%2Fdts%2Fcollections%2Fhwgw%2Fs03%2Fed&ref=s03-pg112&tree=published_page
person,gnd-128624280,Königin von England,published_page,page,s03-pg112,http://rs4.ethz.ch/dts/document/?resource=https%3A%2F%2Fexample.org%2Fdts%2Fcollections%2Fhwgw%2Fs03%2Fed&ref=s03-pg112&tree=published_page
person,gnd-128624280,Charlotte Sophia,published_page,page,s03-pg112,http://rs4.ethz.ch/dts/document/?resource=https%3A%2F%2Fexample.org%2Fdts%2Fcollections%2Fhwgw%2Fs03%2Fed&ref=s03-pg112&tree=published_page
person,gnd-118633600,Winckelmanns,published_page,page,s03-pg112,http://rs4.ethz.ch/dts/document/?resource=https%3A%2F%2Fexample.org%2Fdts%2Fcollections%2Fhwgw%2Fs03%2Fed&ref=s03-pg112&tree=published_page
person,gnd-128624280,Königin von England,published_page,page,s03-pg112,http://rs4.ethz.ch/dts/document/?resource=https%3A%2F%2Fexample.org%2Fdts%2Fcollections%2Fhwgw%2Fs03%2Fed&ref=s03-pg112&tree=published_page
person,gnd-118538969,Geßner,published_page,page,s03-pg112,http://rs4.ethz.ch/dts/document/?resource=https%3A%2F%2Fexample.org%2Fdts%2Fcollections%2Fhwgw%2Fs03%2Fed&ref=s03-pg112&tree=published_page
person,gnd-118538969,Geßner,published_page,page,s03-pg112,http://rs4.ethz.ch/dts/document/?resource=https%3A%2F%2Fexample.org%2Fdts%2Fcollections%2Fhwgw%2Fs03%2Fed&ref=s03-pg112&tree=published_page
person,gnd-128624280,Königin,published_page,page,s03-pg112,http://rs4.ethz.ch/dts/document/?resource=https%3A%2F%2Fexample.org%2Fdts%2Fcollections%2Fhwgw%2Fs03%2Fed&ref=s03-pg112&tree=published_page
person,gnd-118636979,Zimmermann,published_page,page,s03-pg112,http://rs4.ethz.ch/dts/document/?resource=https%3A%2F%2Fexample.org%2Fdts%2Fcollections%2Fhwgw%2Fs03%2Fed&ref=s03-pg112&tree=published_page
person,gnd-118538969,Gessners,published_page,page,s03-pg112,http://rs4.ethz.ch/dts/document/?resource=https%3A%2F%2Fexample.org%2Fdts%2Fcollections%2Fhwgw%2Fs03%2Fed&ref=s03-pg112&tree=published_page
person,gnd-1025669266,Ernst von Mecklenburg,published_page,page,s03-pg112,http://rs4.ethz.ch/dts/document/?resource=https%3A%2F%2Fexample.org%2Fdts%2Fcollections%2Fhwgw%2Fs03%2Fed&ref=s03-pg112&tree=published_page
place,gnd-4068038-1,Zürich,published_page,page,s03-pg112,http://rs4.ethz.ch/dts/document/?resource=https%3A%2F%2Fexample.org%2Fdts%2Fcollections%2Fhwgw%2Fs03%2Fed&ref=s03-pg112&tree=published_page
organisation,gnd-2031351-2,BSB M,published_page,page,s03-pg112,http://rs4.ethz.ch/dts/document/?resource=https%3A%2F%2Fexample.org%2Fdts%2Fcollections%2Fhwgw%2Fs03%2Fed&ref=s03-pg112&tree=published_page
person,gnd-118538969,"Geßner, Salomon",published_page,page,s03-pg112,http://rs4.ethz.ch/dts/document/?resource=https%3A%2F%2Fexample.org%2Fdts%2Fcollections%2Fhwgw%2Fs03%2Fed&ref=s03-pg112&tree=published_page
person,gnd-118538969,Gessners,published_page,page,s03-pg112,http://rs4.ethz.ch/dts/document/?resource=https%3A%2F%2Fexample.org%2Fdts%2Fcollections%2Fhwgw%2Fs03%2Fed&ref=s03-pg112&tree=published_page
person,gnd-118636979,Zimmermann,published_page,page,s03-pg112,http://rs4.ethz.ch/dts/document/?resource=https%3A%2F%2Fexample.org%2Fdts%2Fcollections%2Fhwgw%2Fs03%2Fed&ref=s03-pg112&tree=published_page
place,gnd-4068038-1,Zürich,published_page,page,s03-pg112,http://rs4.ethz.ch/dts/document/?resource=https%3A%2F%2Fexample.org%2Fdts%2Fcollections%2Fhwgw%2Fs03%2Fed&ref=s03-pg112&tree=published_page
person,gnd-118634496,Wölfflins,published_page,page,s03-pg112,http://rs4.ethz.ch/dts/document/?resource=https%3A%2F%2Fexample.org%2Fdts%2Fcollections%2Fhwgw%2Fs03%2Fed&ref=s03-pg112&tree=published_page
person,gnd-118634496,Wölfflin,published_page,page,s03-pg112,http://rs4.ethz.ch/dts/document/?resource=https%3A%2F%2Fexample.org%2Fdts%2Fcollections%2Fhwgw%2Fs03%2Fed&ref=s03-pg112&tree=published_page
person,gnd-118634496,Wölfflin,published_page,page,s03-pg113,http://rs4.ethz.ch/dts/document/?resource=https%3A%2F%2Fexample.org%2Fdts%2Fcollections%2Fhwgw%2Fs03%2Fed&ref=s03-pg113&tree=published_page
person,gnd-118538969,Geßner,published_page,page,s03-pg113,http://rs4.ethz.ch/dts/document/?resource=https%3A%2F%2Fexample.org%2Fdts%2Fcollections%2Fhwgw%2Fs03%2Fed&ref=s03-pg113&tree=published_page
person,gnd-129209724,seine junge Frau,published_page,page,s03-pg114,http://rs4.ethz.ch/dts/document/?resource=https%3A%2F%2Fexample.org%2Fdts%2Fcollections%2Fhwgw%2Fs03%2Fed&ref=s03-pg114&tree=published_page
person,gnd-118716816,Madame de Genlis,published_page,page,s03-pg114,http://rs4.ethz.ch/dts/document/?resource=https%3A%2F%2Fexample.org%2Fdts%2Fcollections%2Fhwgw%2Fs03%2Fed&ref=s03-pg114&tree=published_page
person,gnd-118538969,Geßners,published_page,page,s03-pg114,http://rs4.ethz.ch/dts/document/?resource=https%3A%2F%2Fexample.org%2Fdts%2Fcollections%2Fhwgw%2Fs03%2Fed&ref=s03-pg114&tree=published_page
person,gnd-118731890,Matthison,published_page,page,s03-pg114,http://rs4.ethz.ch/dts/document/?resource=https%3A%2F%2Fexample.org%2Fdts%2Fcollections%2Fhwgw%2Fs03%2Fed&ref=s03-pg114&tree=published_page
person,gnd-118538969,Geßner,published_page,page,s03-pg114,http://rs4.ethz.ch/dts/document/?resource=https%3A%2F%2Fexample.org%2Fdts%2Fcollections%2Fhwgw%2Fs03%2Fed&ref=s03-pg114&tree=published_page
person,gnd-129209724,Juditha Heidegger,published_page,page,s03-pg114,http://rs4.ethz.ch/dts/document/?resource=https%3A%2F%2Fexample.org%2Fdts%2Fcollections%2Fhwgw%2Fs03%2Fed&ref=s03-pg114&tree=published_page
person,gnd-118538969,Geßner,published_page,page,s03-pg114,http://rs4.ethz.ch/dts/document/?resource=https%3A%2F%2Fexample.org%2Fdts%2Fcollections%2Fhwgw%2Fs03%2Fed&ref=s03-pg114&tree=published_page
person,gnd-129209724,Braut,published_page,page,s03-pg114,http://rs4.ethz.ch/dts/document/?resource=https%3A%2F%2Fexample.org%2Fdts%2Fcollections%2Fhwgw%2Fs03%2Fed&ref=s03-pg114&tree=published_page
person,gnd-135689112,Heidegger,published_page,page,s03-pg114,http://rs4.ethz.ch/dts/document/?resource=https%3A%2F%2Fexample.org%2Fdts%2Fcollections%2Fhwgw%2Fs03%2Fed&ref=s03-pg114&tree=published_page
person,gnd-129209724,Judith,published_page,page,s03-pg114,http://rs4.ethz.ch/dts/document/?resource=https%3A%2F%2Fexample.org%2Fdts%2Fcollections%2Fhwgw%2Fs03%2Fed&ref=s03-pg114&tree=published_page
person,gnd-118538969,Geßner,published_page,page,s03-pg114,http://rs4.ethz.ch/dts/document/?resource=https%3A%2F%2Fexample.org%2Fdts%2Fcollections%2Fhwgw%2Fs03%2Fed&ref=s03-pg114&tree=published_page
person,gnd-11701348X,Hottinger,published_page,page,s03-pg114,http://rs4.ethz.ch/dts/document/?resource=https%3A%2F%2Fexample.org%2Fdts%2Fcollections%2Fhwgw%2Fs03%2Fed&ref=s03-pg114&tree=published_page
person,gnd-118538969,Geßner,published_page,page,s03-pg114,http://rs4.ethz.ch/dts/document/?resource=https%3A%2F%2Fexample.org%2Fdts%2Fcollections%2Fhwgw%2Fs03%2Fed&ref=s03-pg114&tree=published_page
organisation,gnd-4212746-4,Porzellanfabrik,published_page,page,s03-pg114,http://rs4.ethz.ch/dts/document/?resource=https%3A%2F%2Fexample.org%2Fdts%2Fcollections%2Fhwgw%2Fs03%2Fed&ref=s03-pg114&tree=published_page
place,gnd-4215236-7,Schoren,published_page,page,s03-pg114,http://rs4.ethz.ch/dts/document/?resource=https%3A%2F%2Fexample.org%2Fdts%2Fcollections%2Fhwgw%2Fs03%2Fed&ref=s03-pg114&tree=published_page
place,gnd-4097898-9,Kilchberg,published_page,page,s03-pg114,http://rs4.ethz.ch/dts/document/?resource=https%3A%2F%2Fexample.org%2Fdts%2Fcollections%2Fhwgw%2Fs03%2Fed&ref=s03-pg114&tree=published_page
person,gnd-118538969,Geßner,published_page,page,s03-pg114,http://rs4.ethz.ch/dts/document/?resource=https%3A%2F%2Fexample.org%2Fdts%2Fcollections%2Fhwgw%2Fs03%2Fed&ref=s03-pg114&tree=published_page
person,gnd-117374377,W.D. Sulzer,published_page,page,s03-pg114,http://rs4.ethz.ch/dts/document/?resource=https%3A%2F%2Fexample.org%2Fdts%2Fcollections%2Fhwgw%2Fs03%2Fed&ref=s03-pg114&tree=published_page
organisation,gnd-6146476-4,Geßnersche Buchhandlung,published_page,page,s03-pg114,http://rs4.ethz.ch/dts/document/?resource=https%3A%2F%2Fexample.org%2Fdts%2Fcollections%2Fhwgw%2Fs03%2Fed&ref=s03-pg114&tree=published_page
organisation,gnd-6146530-6,Orell u. Comp.,published_page,page,s03-pg114,http://rs4.ethz.ch/dts/document/?resource=https%3A%2F%2Fexample.org%2Fdts%2Fcollections%2Fhwgw%2Fs03%2Fed&ref=s03-pg114&tree=published_page
person,gnd-1089433735,Vater,published_page,page,s03-pg114,http://rs4.ethz.ch/dts/document/?resource=https%3A%2F%2Fexample.org%2Fdts%2Fcollections%2Fhwgw%2Fs03%2Fed&ref=s03-pg114&tree=published_page
organisation,gnd-6146528-8,Füßli,published_page,page,s03-pg114,http://rs4.ethz.ch/dts/document/?resource=https%3A%2F%2Fexample.org%2Fdts%2Fcollections%2Fhwgw%2Fs03%2Fed&ref=s03-pg114&tree=published_page
organisation,gnd-5190670-3,Orell Geßner Füßli u. Comp.,published_page,page,s03-pg114,http://rs4.ethz.ch/dts/document/?resource=https%3A%2F%2Fexample.org%2Fdts%2Fcollections%2Fhwgw%2Fs03%2Fed&ref=s03-pg114&tree=published_page
person,gnd-118538969,Salomon Geßner,published_page,page,s03-pg114,http://rs4.ethz.ch/dts/document/?resource=https%3A%2F%2Fexample.org%2Fdts%2Fcollections%2Fhwgw%2Fs03%2Fed&ref=s03-pg114&tree=published_page
organisation,gnd-6146476-4,Verlag,published_page,page,s03-pg114,http://rs4.ethz.ch/dts/document/?resource=https%3A%2F%2Fexample.org%2Fdts%2Fcollections%2Fhwgw%2Fs03%2Fed&ref=s03-pg114&tree=published_page
person,gnd-118538969,Gessners,published_page,page,s03-pg114,http://rs4.ethz.ch/dts/document/?resource=https%3A%2F%2Fexample.org%2Fdts%2Fcollections%2Fhwgw%2Fs03%2Fed&ref=s03-pg114&tree=published_page
person,gnd-117374377,Sulzers,published_page,page,s03-pg114,http://rs4.ethz.ch/dts/document/?resource=https%3A%2F%2Fexample.org%2Fdts%2Fcollections%2Fhwgw%2Fs03%2Fed&ref=s03-pg114&tree=published_page
person,gnd-118538969,Gessner,published_page,page,s03-pg114,http://rs4.ethz.ch/dts/document/?resource=https%3A%2F%2Fexample.org%2Fdts%2Fcollections%2Fhwgw%2Fs03%2Fed&ref=s03-pg114&tree=published_page
person,gnd-118538969,Geßner,published_page,page,s03-pg115,http://rs4.ethz.ch/dts/document/?resource=https%3A%2F%2Fexample.org%2Fdts%2Fcollections%2Fhwgw%2Fs03%2Fed&ref=s03-pg115&tree=published_page
place,gnd-4005728-8,Berlin,published_page,page,s03-pg115,http://rs4.ethz.ch/dts/document/?resource=https%3A%2F%2Fexample.org%2Fdts%2Fcollections%2Fhwgw%2Fs03%2Fed&ref=s03-pg115&tree=published_page
person,gnd-1089597193,Hempel,published_page,page,s03-pg115,http://rs4.ethz.ch/dts/document/?resource=https%3A%2F%2Fexample.org%2Fdts%2Fcollections%2Fhwgw%2Fs03%2Fed&ref=s03-pg115&tree=published_page
person,gnd-1089597193,Hempel,published_page,page,s03-pg115,http://rs4.ethz.ch/dts/document/?resource=https%3A%2F%2Fexample.org%2Fdts%2Fcollections%2Fhwgw%2Fs03%2Fed&ref=s03-pg115&tree=published_page
person,gnd-1089597193,Hempel,published_page,page,s03-pg115,http://rs4.ethz.ch/dts/document/?resource=https%3A%2F%2Fexample.org%2Fdts%2Fcollections%2Fhwgw%2Fs03%2Fed&ref=s03-pg115&tree=published_page
place,gnd-4068038-1,Zürich,published_page,page,s03-pg115,http://rs4.ethz.ch/dts/document/?resource=https%3A%2F%2Fexample.org%2Fdts%2Fcollections%2Fhwgw%2Fs03%2Fed&ref=s03-pg115&tree=published_page
person,gnd-118697064,Graff,published_page,page,s03-pg115,http://rs4.ethz.ch/dts/document/?resource=https%3A%2F%2Fexample.org%2Fdts%2Fcollections%2Fhwgw%2Fs03%2Fed&ref=s03-pg115&tree=published_page
person,gnd-116898186,H. Lempertz,published_page,page,s03-pg115,http://rs4.ethz.ch/dts/document/?resource=https%3A%2F%2Fexample.org%2Fdts%2Fcollections%2Fhwgw%2Fs03%2Fed&ref=s03-pg115&tree=published_page
place,gnd-4031483-2,Köln,published_page,page,s03-pg115,http://rs4.ethz.ch/dts/document/?resource=https%3A%2F%2Fexample.org%2Fdts%2Fcollections%2Fhwgw%2Fs03%2Fed&ref=s03-pg115&tree=published_page
person,gnd-118538969,Gessners,published_page,page,s03-pg115,http://rs4.ethz.ch/dts/document/?resource=https%3A%2F%2Fexample.org%2Fdts%2Fcollections%2Fhwgw%2Fs03%2Fed&ref=s03-pg115&tree=published_page
person,gnd-118697064,Graff,published_page,page,s03-pg115,http://rs4.ethz.ch/dts/document/?resource=https%3A%2F%2Fexample.org%2Fdts%2Fcollections%2Fhwgw%2Fs03%2Fed&ref=s03-pg115&tree=published_page
person,gnd-118634496,Wölfflins,published_page,page,s03-pg115,http://rs4.ethz.ch/dts/document/?resource=https%3A%2F%2Fexample.org%2Fdts%2Fcollections%2Fhwgw%2Fs03%2Fed&ref=s03-pg115&tree=published_page
person,gnd-118538969,Geßner,published_page,page,s03-pg115,http://rs4.ethz.ch/dts/document/?resource=https%3A%2F%2Fexample.org%2Fdts%2Fcollections%2Fhwgw%2Fs03%2Fed&ref=s03-pg115&tree=published_page
person,gnd-117752266,Füßli,published_page,page,s03-pg115,http://rs4.ethz.ch/dts/document/?resource=https%3A%2F%2Fexample.org%2Fdts%2Fcollections%2Fhwgw%2Fs03%2Fed&ref=s03-pg115&tree=published_page
person,gnd-122269950,Watelet,published_page,page,s03-pg116,http://rs4.ethz.ch/dts/document/?resource=https%3A%2F%2Fexample.org%2Fdts%2Fcollections%2Fhwgw%2Fs03%2Fed&ref=s03-pg116&tree=published_page
person,gnd-118685414,Eschenburgs,published_page,page,s03-pg116,http://rs4.ethz.ch/dts/document/?resource=https%3A%2F%2Fexample.org%2Fdts%2Fcollections%2Fhwgw%2Fs03%2Fed&ref=s03-pg116&tree=published_page
person,gnd-118636979,Zimmermann,published_page,page,s03-pg116,http://rs4.ethz.ch/dts/document/?resource=https%3A%2F%2Fexample.org%2Fdts%2Fcollections%2Fhwgw%2Fs03%2Fed&ref=s03-pg116&tree=published_page
person,gnd-118538969,Salomon Gessner,published_page,page,s03-pg116,http://rs4.ethz.ch/dts/document/?resource=https%3A%2F%2Fexample.org%2Fdts%2Fcollections%2Fhwgw%2Fs03%2Fed&ref=s03-pg116&tree=published_page
person,gnd-122269950,Claude-Henri Watelet,published_page,page,s03-pg116,http://rs4.ethz.ch/dts/document/?resource=https%3A%2F%2Fexample.org%2Fdts%2Fcollections%2Fhwgw%2Fs03%2Fed&ref=s03-pg116&tree=published_page
person,gnd-122269950,Watelet,published_page,page,s03-pg116,http://rs4.ethz.ch/dts/document/?resource=https%3A%2F%2Fexample.org%2Fdts%2Fcollections%2Fhwgw%2Fs03%2Fed&ref=s03-pg116&tree=published_page
person,gnd-118538969,S. Gessner,published_page,page,s03-pg116,http://rs4.ethz.ch/dts/document/?resource=https%3A%2F%2Fexample.org%2Fdts%2Fcollections%2Fhwgw%2Fs03%2Fed&ref=s03-pg116&tree=published_page
place,gnd-4068038-1,Zürich,published_page,page,s03-pg116,http://rs4.ethz.ch/dts/document/?resource=https%3A%2F%2Fexample.org%2Fdts%2Fcollections%2Fhwgw%2Fs03%2Fed&ref=s03-pg116&tree=published_page
person,gnd-118538969,Salomon Gessner,published_page,page,s03-pg116,http://rs4.ethz.ch/dts/document/?resource=https%3A%2F%2Fexample.org%2Fdts%2Fcollections%2Fhwgw%2Fs03%2Fed&ref=s03-pg116&tree=published_page
place,gnd-4068038-1,Zürich,published_page,page,s03-pg116,http://rs4.ethz.ch/dts/document/?resource=https%3A%2F%2Fexample.org%2Fdts%2Fcollections%2Fhwgw%2Fs03%2Fed&ref=s03-pg116&tree=published_page
organisation,gnd-6146476-4,David Gessner Gebr.,published_page,page,s03-pg116,http://rs4.ethz.ch/dts/document/?resource=https%3A%2F%2Fexample.org%2Fdts%2Fcollections%2Fhwgw%2Fs03%2Fed&ref=s03-pg116&tree=published_page
person,gnd-118538969,Salomon Gessner,published_page,page,s03-pg116,http://rs4.ethz.ch/dts/document/?resource=https%3A%2F%2Fexample.org%2Fdts%2Fcollections%2Fhwgw%2Fs03%2Fed&ref=s03-pg116&tree=published_page
person,gnd-118538969,Salomon Gessner,published_page,page,s03-pg116,http://rs4.ethz.ch/dts/document/?resource=https%3A%2F%2Fexample.org%2Fdts%2Fcollections%2Fhwgw%2Fs03%2Fed&ref=s03-pg116&tree=published_page
place,gnd-4068038-1,Zürich,published_page,page,s03-pg116,http://rs4.ethz.ch/dts/document/?resource=https%3A%2F%2Fexample.org%2Fdts%2Fcollections%2Fhwgw%2Fs03%2Fed&ref=s03-pg116&tree=published_page
person,gnd-118538969,Geßners,published_page,page,s03-pg116,http://rs4.ethz.ch/dts/document/?resource=https%3A%2F%2Fexample.org%2Fdts%2Fcollections%2Fhwgw%2Fs03%2Fed&ref=s03-pg116&tree=published_page
place,gnd-4011882-4,Deutschland,published_page,page,s03-pg116,http://rs4.ethz.ch/dts/document/?resource=https%3A%2F%2Fexample.org%2Fdts%2Fcollections%2Fhwgw%2Fs03%2Fed&ref=s03-pg116&tree=published_page
place,gnd-4018145-5,Frankreich,published_page,page,s03-pg116,http://rs4.ethz.ch/dts/document/?resource=https%3A%2F%2Fexample.org%2Fdts%2Fcollections%2Fhwgw%2Fs03%2Fed&ref=s03-pg116&tree=published_page
person,gnd-117031933,M. Huber,published_page,page,s03-pg116,http://rs4.ethz.ch/dts/document/?resource=https%3A%2F%2Fexample.org%2Fdts%2Fcollections%2Fhwgw%2Fs03%2Fed&ref=s03-pg116&tree=published_page
person,gnd-117031933,Huberschen,published_page,page,s03-pg116,http://rs4.ethz.ch/dts/document/?resource=https%3A%2F%2Fexample.org%2Fdts%2Fcollections%2Fhwgw%2Fs03%2Fed&ref=s03-pg116&tree=published_page
person,gnd-117371726,Süpfle,published_page,page,s03-pg116,http://rs4.ethz.ch/dts/document/?resource=https%3A%2F%2Fexample.org%2Fdts%2Fcollections%2Fhwgw%2Fs03%2Fed&ref=s03-pg116&tree=published_page
organisation,gnd-5156217-0,BNF,published_page,page,s03-pg116,http://rs4.ethz.ch/dts/document/?resource=https%3A%2F%2Fexample.org%2Fdts%2Fcollections%2Fhwgw%2Fs03%2Fed&ref=s03-pg116&tree=published_page
person,gnd-118634496,Wölfflin,published_page,page,s03-pg116,http://rs4.ethz.ch/dts/document/?resource=https%3A%2F%2Fexample.org%2Fdts%2Fcollections%2Fhwgw%2Fs03%2Fed&ref=s03-pg116&tree=published_page
person,gnd-118545140,Haller,published_page,page,s03-pg116,http://rs4.ethz.ch/dts/document/?resource=https%3A%2F%2Fexample.org%2Fdts%2Fcollections%2Fhwgw%2Fs03%2Fed&ref=s03-pg116&tree=published_page
person,gnd-118538969,Geßner,published_page,page,s03-pg116,http://rs4.ethz.ch/dts/document/?resource=https%3A%2F%2Fexample.org%2Fdts%2Fcollections%2Fhwgw%2Fs03%2Fed&ref=s03-pg116&tree=published_page
person,gnd-118096834,Madame du Boccage,published_page,page,s03-pg117,http://rs4.ethz.ch/dts/document/?resource=https%3A%2F%2Fexample.org%2Fdts%2Fcollections%2Fhwgw%2Fs03%2Fed&ref=s03-pg117&tree=published_page
person,gnd-118538969,Geßner,published_page,page,s03-pg117,http://rs4.ethz.ch/dts/document/?resource=https%3A%2F%2Fexample.org%2Fdts%2Fcollections%2Fhwgw%2Fs03%2Fed&ref=s03-pg117&tree=published_page
person,gnd-118636979,Zimmermann,published_page,page,s03-pg117,http://rs4.ethz.ch/dts/document/?resource=https%3A%2F%2Fexample.org%2Fdts%2Fcollections%2Fhwgw%2Fs03%2Fed&ref=s03-pg117&tree=published_page
person,gnd-118538969,Geßners,published_page,page,s03-pg117,http://rs4.ethz.ch/dts/document/?resource=https%3A%2F%2Fexample.org%2Fdts%2Fcollections%2Fhwgw%2Fs03%2Fed&ref=s03-pg117&tree=published_page
place,gnd-4044660-8,Paris,published_page,page,s03-pg117,http://rs4.ethz.ch/dts/document/?resource=https%3A%2F%2Fexample.org%2Fdts%2Fcollections%2Fhwgw%2Fs03%2Fed&ref=s03-pg117&tree=published_page
person,gnd-118545140,Haller,published_page,page,s03-pg117,http://rs4.ethz.ch/dts/document/?resource=https%3A%2F%2Fexample.org%2Fdts%2Fcollections%2Fhwgw%2Fs03%2Fed&ref=s03-pg117&tree=published_page
person,gnd-118545140,Haller,published_page,page,s03-pg117,http://rs4.ethz.ch/dts/document/?resource=https%3A%2F%2Fexample.org%2Fdts%2Fcollections%2Fhwgw%2Fs03%2Fed&ref=s03-pg117&tree=published_page
person,gnd-118538969,Gesner,published_page,page,s03-pg117,http://rs4.ethz.ch/dts/document/?resource=https%3A%2F%2Fexample.org%2Fdts%2Fcollections%2Fhwgw%2Fs03%2Fed&ref=s03-pg117&tree=published_page
place,gnd-4044660-8,Paris,published_page,page,s03-pg117,http://rs4.ethz.ch/dts/document/?resource=https%3A%2F%2Fexample.org%2Fdts%2Fcollections%2Fhwgw%2Fs03%2Fed&ref=s03-pg117&tree=published_page
person,gnd-118582607,Milton,published_page,page,s03-pg117,http://rs4.ethz.ch/dts/document/?resource=https%3A%2F%2Fexample.org%2Fdts%2Fcollections%2Fhwgw%2Fs03%2Fed&ref=s03-pg117&tree=published_page
person,gnd-118545140,Haller,published_page,page,s03-pg117,http://rs4.ethz.ch/dts/document/?resource=https%3A%2F%2Fexample.org%2Fdts%2Fcollections%2Fhwgw%2Fs03%2Fed&ref=s03-pg117&tree=published_page
person,gnd-118545140,Hallers,published_page,page,s03-pg117,http://rs4.ethz.ch/dts/document/?resource=https%3A%2F%2Fexample.org%2Fdts%2Fcollections%2Fhwgw%2Fs03%2Fed&ref=s03-pg117&tree=published_page
person,gnd-118538969,Gessners,published_page,page,s03-pg117,http://rs4.ethz.ch/dts/document/?resource=https%3A%2F%2Fexample.org%2Fdts%2Fcollections%2Fhwgw%2Fs03%2Fed&ref=s03-pg117&tree=published_page
place,gnd-4044660-8,Paris,published_page,page,s03-pg117,http://rs4.ethz.ch/dts/document/?resource=https%3A%2F%2Fexample.org%2Fdts%2Fcollections%2Fhwgw%2Fs03%2Fed&ref=s03-pg117&tree=published_page
person,gnd-118582607,Milton,published_page,page,s03-pg117,http://rs4.ethz.ch/dts/document/?resource=https%3A%2F%2Fexample.org%2Fdts%2Fcollections%2Fhwgw%2Fs03%2Fed&ref=s03-pg117&tree=published_page
person,gnd-118096834,Madame du Boccage,published_page,page,s03-pg117,http://rs4.ethz.ch/dts/document/?resource=https%3A%2F%2Fexample.org%2Fdts%2Fcollections%2Fhwgw%2Fs03%2Fed&ref=s03-pg117&tree=published_page
person,gnd-118582607,Miltons,published_page,page,s03-pg117,http://rs4.ethz.ch/dts/document/?resource=https%3A%2F%2Fexample.org%2Fdts%2Fcollections%2Fhwgw%2Fs03%2Fed&ref=s03-pg117&tree=published_page
person,gnd-117371726,Süpfle,published_page,page,s03-pg117,http://rs4.ethz.ch/dts/document/?resource=https%3A%2F%2Fexample.org%2Fdts%2Fcollections%2Fhwgw%2Fs03%2Fed&ref=s03-pg117&tree=published_page
person,gnd-118763202,Turgot,published_page,page,s03-pg117,http://rs4.ethz.ch/dts/document/?resource=https%3A%2F%2Fexample.org%2Fdts%2Fcollections%2Fhwgw%2Fs03%2Fed&ref=s03-pg117&tree=published_page
person,gnd-118763202,Turgot,published_page,page,s03-pg117,http://rs4.ethz.ch/dts/document/?resource=https%3A%2F%2Fexample.org%2Fdts%2Fcollections%2Fhwgw%2Fs03%2Fed&ref=s03-pg117&tree=published_page
place,gnd-4044660-8,Paris,published_page,page,s03-pg117,http://rs4.ethz.ch/dts/document/?resource=https%3A%2F%2Fexample.org%2Fdts%2Fcollections%2Fhwgw%2Fs03%2Fed&ref=s03-pg117&tree=published_page
person,gnd-117371726,Süpfle,published_page,page,s03-pg117,http://rs4.ethz.ch/dts/document/?resource=https%3A%2F%2Fexample.org%2Fdts%2Fcollections%2Fhwgw%2Fs03%2Fed&ref=s03-pg117&tree=published_page
person,gnd-118634496,Wölfflin,published_page,page,s03-pg117,http://rs4.ethz.ch/dts/document/?resource=https%3A%2F%2Fexample.org%2Fdts%2Fcollections%2Fhwgw%2Fs03%2Fed&ref=s03-pg117&tree=published_page
person,gnd-118763202,Turgot,published_page,page,s03-pg117,http://rs4.ethz.ch/dts/document/?resource=https%3A%2F%2Fexample.org%2Fdts%2Fcollections%2Fhwgw%2Fs03%2Fed&ref=s03-pg117&tree=published_page
person,gnd-117031933,Huber,published_page,page,s03-pg117,http://rs4.ethz.ch/dts/document/?resource=https%3A%2F%2Fexample.org%2Fdts%2Fcollections%2Fhwgw%2Fs03%2Fed&ref=s03-pg117&tree=published_page
person,gnd-118763202,Turgots,published_page,page,s03-pg117,http://rs4.ethz.ch/dts/document/?resource=https%3A%2F%2Fexample.org%2Fdts%2Fcollections%2Fhwgw%2Fs03%2Fed&ref=s03-pg117&tree=published_page
person,gnd-118538969,Geßner,published_page,page,s03-pg117,http://rs4.ethz.ch/dts/document/?resource=https%3A%2F%2Fexample.org%2Fdts%2Fcollections%2Fhwgw%2Fs03%2Fed&ref=s03-pg117&tree=published_page
person,gnd-118525263,Diderot,published_page,page,s03-pg117,http://rs4.ethz.ch/dts/document/?resource=https%3A%2F%2Fexample.org%2Fdts%2Fcollections%2Fhwgw%2Fs03%2Fed&ref=s03-pg117&tree=published_page
person,gnd-118538969,Geßner,published_page,page,s03-pg117,http://rs4.ethz.ch/dts/document/?resource=https%3A%2F%2Fexample.org%2Fdts%2Fcollections%2Fhwgw%2Fs03%2Fed&ref=s03-pg117&tree=published_page
person,gnd-117031933,M. Huber,published_page,page,s03-pg117,http://rs4.ethz.ch/dts/document/?resource=https%3A%2F%2Fexample.org%2Fdts%2Fcollections%2Fhwgw%2Fs03%2Fed&ref=s03-pg117&tree=published_page
person,gnd-118525263,Diderot,published_page,page,s03-pg117,http://rs4.ethz.ch/dts/document/?resource=https%3A%2F%2Fexample.org%2Fdts%2Fcollections%2Fhwgw%2Fs03%2Fed&ref=s03-pg117&tree=published_page
person,gnd-118580337,Meisters,published_page,page,s03-pg117,http://rs4.ethz.ch/dts/document/?resource=https%3A%2F%2Fexample.org%2Fdts%2Fcollections%2Fhwgw%2Fs03%2Fed&ref=s03-pg117&tree=published_page
person,gnd-118538969,Geßner,published_page,page,s03-pg117,http://rs4.ethz.ch/dts/document/?resource=https%3A%2F%2Fexample.org%2Fdts%2Fcollections%2Fhwgw%2Fs03%2Fed&ref=s03-pg117&tree=published_page
person,gnd-118525263,Diderot,published_page,page,s03-pg117,http://rs4.ethz.ch/dts/document/?resource=https%3A%2F%2Fexample.org%2Fdts%2Fcollections%2Fhwgw%2Fs03%2Fed&ref=s03-pg117&tree=published_page
person,gnd-117031933,Huber,published_page,page,s03-pg117,http://rs4.ethz.ch/dts/document/?resource=https%3A%2F%2Fexample.org%2Fdts%2Fcollections%2Fhwgw%2Fs03%2Fed&ref=s03-pg117&tree=published_page
person,gnd-117031933,Huber,published_page,page,s03-pg117,http://rs4.ethz.ch/dts/document/?resource=https%3A%2F%2Fexample.org%2Fdts%2Fcollections%2Fhwgw%2Fs03%2Fed&ref=s03-pg117&tree=published_page
person,gnd-118525263,Diderot,published_page,page,s03-pg117,http://rs4.ethz.ch/dts/document/?resource=https%3A%2F%2Fexample.org%2Fdts%2Fcollections%2Fhwgw%2Fs03%2Fed&ref=s03-pg117&tree=published_page
person,gnd-118603426,Rousseau,published_page,page,s03-pg117,http://rs4.ethz.ch/dts/document/?resource=https%3A%2F%2Fexample.org%2Fdts%2Fcollections%2Fhwgw%2Fs03%2Fed&ref=s03-pg117&tree=published_page
person,gnd-118538969,Geßners,published_page,page,s03-pg117,http://rs4.ethz.ch/dts/document/?resource=https%3A%2F%2Fexample.org%2Fdts%2Fcollections%2Fhwgw%2Fs03%2Fed&ref=s03-pg117&tree=published_page
person,gnd-118538969,Geßner,published_page,page,s03-pg117,http://rs4.ethz.ch/dts/document/?resource=https%3A%2F%2Fexample.org%2Fdts%2Fcollections%2Fhwgw%2Fs03%2Fed&ref=s03-pg117&tree=published_page
place,gnd-4115218-9,Montmorency,published_page,page,s03-pg117,http://rs4.ethz.ch/dts/document/?resource=https%3A%2F%2Fexample.org%2Fdts%2Fcollections%2Fhwgw%2Fs03%2Fed&ref=s03-pg117&tree=published_page
person,gnd-117031933,Huber,published_page,page,s03-pg117,http://rs4.ethz.ch/dts/document/?resource=https%3A%2F%2Fexample.org%2Fdts%2Fcollections%2Fhwgw%2Fs03%2Fed&ref=s03-pg117&tree=published_page
person,gnd-124093930,Herzogin von Choiseul,published_page,page,s03-pg117,http://rs4.ethz.ch/dts/document/?resource=https%3A%2F%2Fexample.org%2Fdts%2Fcollections%2Fhwgw%2Fs03%2Fed&ref=s03-pg117&tree=published_page
place,gnd-4044660-8,Paris,published_page,page,s03-pg117,http://rs4.ethz.ch/dts/document/?resource=https%3A%2F%2Fexample.org%2Fdts%2Fcollections%2Fhwgw%2Fs03%2Fed&ref=s03-pg117&tree=published_page
person,gnd-118603426,Rousseaus,published_page,page,s03-pg117,http://rs4.ethz.ch/dts/document/?resource=https%3A%2F%2Fexample.org%2Fdts%2Fcollections%2Fhwgw%2Fs03%2Fed&ref=s03-pg117&tree=published_page
person,gnd-118538969,Gessner,published_page,page,s03-pg117,http://rs4.ethz.ch/dts/document/?resource=https%3A%2F%2Fexample.org%2Fdts%2Fcollections%2Fhwgw%2Fs03%2Fed&ref=s03-pg117&tree=published_page
place,gnd-4115218-9,Montmorency,published_page,page,s03-pg117,http://rs4.ethz.ch/dts/document/?resource=https%3A%2F%2Fexample.org%2Fdts%2Fcollections%2Fhwgw%2Fs03%2Fed&ref=s03-pg117&tree=published_page
person,gnd-118697765,Grimm,published_page,page,s03-pg117,http://rs4.ethz.ch/dts/document/?resource=https%3A%2F%2Fexample.org%2Fdts%2Fcollections%2Fhwgw%2Fs03%2Fed&ref=s03-pg117&tree=published_page
person,gnd-118634496,Wölfflin,published_page,page,s03-pg118,http://rs4.ethz.ch/dts/document/?resource=https%3A%2F%2Fexample.org%2Fdts%2Fcollections%2Fhwgw%2Fs03%2Fed&ref=s03-pg118&tree=published_page
person,gnd-118697765,Grimmschen,published_page,page,s03-pg118,http://rs4.ethz.ch/dts/document/?resource=https%3A%2F%2Fexample.org%2Fdts%2Fcollections%2Fhwgw%2Fs03%2Fed&ref=s03-pg118&tree=published_page
person,gnd-118634496,Wölfflin,published_page,page,s03-pg118,http://rs4.ethz.ch/dts/document/?resource=https%3A%2F%2Fexample.org%2Fdts%2Fcollections%2Fhwgw%2Fs03%2Fed&ref=s03-pg118&tree=published_page
person,gnd-119283530,Léonard,published_page,page,s03-pg118,http://rs4.ethz.ch/dts/document/?resource=https%3A%2F%2Fexample.org%2Fdts%2Fcollections%2Fhwgw%2Fs03%2Fed&ref=s03-pg118&tree=published_page
person,gnd-117371726,Süpfles,published_page,page,s03-pg118,http://rs4.ethz.ch/dts/document/?resource=https%3A%2F%2Fexample.org%2Fdts%2Fcollections%2Fhwgw%2Fs03%2Fed&ref=s03-pg118&tree=published_page
person,gnd-117371726,Süpfle,published_page,page,s03-pg118,http://rs4.ethz.ch/dts/document/?resource=https%3A%2F%2Fexample.org%2Fdts%2Fcollections%2Fhwgw%2Fs03%2Fed&ref=s03-pg118&tree=published_page
person,gnd-119283530,Nicolas Germain Léonard,published_page,page,s03-pg118,http://rs4.ethz.ch/dts/document/?resource=https%3A%2F%2Fexample.org%2Fdts%2Fcollections%2Fhwgw%2Fs03%2Fed&ref=s03-pg118&tree=published_page
person,gnd-119283530,Léonards,published_page,page,s03-pg118,http://rs4.ethz.ch/dts/document/?resource=https%3A%2F%2Fexample.org%2Fdts%2Fcollections%2Fhwgw%2Fs03%2Fed&ref=s03-pg118&tree=published_page
person,gnd-118538969,Gessners,published_page,page,s03-pg118,http://rs4.ethz.ch/dts/document/?resource=https%3A%2F%2Fexample.org%2Fdts%2Fcollections%2Fhwgw%2Fs03%2Fed&ref=s03-pg118&tree=published_page
person,gnd-118538969,Geßner,published_page,page,s03-pg118,http://rs4.ethz.ch/dts/document/?resource=https%3A%2F%2Fexample.org%2Fdts%2Fcollections%2Fhwgw%2Fs03%2Fed&ref=s03-pg118&tree=published_page
place,gnd-4011882-4,Deutschland,published_page,page,s03-pg118,http://rs4.ethz.ch/dts/document/?resource=https%3A%2F%2Fexample.org%2Fdts%2Fcollections%2Fhwgw%2Fs03%2Fed&ref=s03-pg118&tree=published_page
person,gnd-118538969,Geßner,published_page,page,s03-pg118,http://rs4.ethz.ch/dts/document/?resource=https%3A%2F%2Fexample.org%2Fdts%2Fcollections%2Fhwgw%2Fs03%2Fed&ref=s03-pg118&tree=published_page
person,gnd-118549553,Herder,published_page,page,s03-pg118,http://rs4.ethz.ch/dts/document/?resource=https%3A%2F%2Fexample.org%2Fdts%2Fcollections%2Fhwgw%2Fs03%2Fed&ref=s03-pg118&tree=published_page
person,gnd-118621769,Theokrit,published_page,page,s03-pg118,http://rs4.ethz.ch/dts/document/?resource=https%3A%2F%2Fexample.org%2Fdts%2Fcollections%2Fhwgw%2Fs03%2Fed&ref=s03-pg118&tree=published_page
person,gnd-118538969,Geßner,published_page,page,s03-pg118,http://rs4.ethz.ch/dts/document/?resource=https%3A%2F%2Fexample.org%2Fdts%2Fcollections%2Fhwgw%2Fs03%2Fed&ref=s03-pg118&tree=published_page
person,gnd-118538969,Geßners,published_page,page,s03-pg118,http://rs4.ethz.ch/dts/document/?resource=https%3A%2F%2Fexample.org%2Fdts%2Fcollections%2Fhwgw%2Fs03%2Fed&ref=s03-pg118&tree=published_page
person,gnd-118634496,Wölfflin,published_page,page,s03-pg118,http://rs4.ethz.ch/dts/document/?resource=https%3A%2F%2Fexample.org%2Fdts%2Fcollections%2Fhwgw%2Fs03%2Fed&ref=s03-pg118&tree=published_page
person,gnd-11737542X,Suphanschen,published_page,page,s03-pg118,http://rs4.ethz.ch/dts/document/?resource=https%3A%2F%2Fexample.org%2Fdts%2Fcollections%2Fhwgw%2Fs03%2Fed&ref=s03-pg118&tree=published_page
person,gnd-118634496,Wölfflin,published_page,page,s03-pg118,http://rs4.ethz.ch/dts/document/?resource=https%3A%2F%2Fexample.org%2Fdts%2Fcollections%2Fhwgw%2Fs03%2Fed&ref=s03-pg118&tree=published_page
person,gnd-118632477,Wieland,published_page,page,s03-pg118,http://rs4.ethz.ch/dts/document/?resource=https%3A%2F%2Fexample.org%2Fdts%2Fcollections%2Fhwgw%2Fs03%2Fed&ref=s03-pg118&tree=published_page
person,gnd-118632477,Wielands,published_page,page,s03-pg118,http://rs4.ethz.ch/dts/document/?resource=https%3A%2F%2Fexample.org%2Fdts%2Fcollections%2Fhwgw%2Fs03%2Fed&ref=s03-pg118&tree=published_page
person,gnd-118538969,Gessner,published_page,page,s03-pg118,http://rs4.ethz.ch/dts/document/?resource=https%3A%2F%2Fexample.org%2Fdts%2Fcollections%2Fhwgw%2Fs03%2Fed&ref=s03-pg118&tree=published_page
person,gnd-118538969,Geßner,published_page,page,s03-pg118,http://rs4.ethz.ch/dts/document/?resource=https%3A%2F%2Fexample.org%2Fdts%2Fcollections%2Fhwgw%2Fs03%2Fed&ref=s03-pg118&tree=published_page
person,gnd-118538969,Gessners,published_page,page,s03-pg118,http://rs4.ethz.ch/dts/document/?resource=https%3A%2F%2Fexample.org%2Fdts%2Fcollections%2Fhwgw%2Fs03%2Fed&ref=s03-pg118&tree=published_page
person,gnd-118717758,Gleim,published_page,page,s03-pg118,http://rs4.ethz.ch/dts/document/?resource=https%3A%2F%2Fexample.org%2Fdts%2Fcollections%2Fhwgw%2Fs03%2Fed&ref=s03-pg118&tree=published_page
place,gnd-4068038-1,Zürich,published_page,page,s03-pg118,http://rs4.ethz.ch/dts/document/?resource=https%3A%2F%2Fexample.org%2Fdts%2Fcollections%2Fhwgw%2Fs03%2Fed&ref=s03-pg118&tree=published_page
person,gnd-118636979,Zimmermann,published_page,page,s03-pg118,http://rs4.ethz.ch/dts/document/?resource=https%3A%2F%2Fexample.org%2Fdts%2Fcollections%2Fhwgw%2Fs03%2Fed&ref=s03-pg118&tree=published_page
person,gnd-118538969,Gessners,published_page,page,s03-pg118,http://rs4.ethz.ch/dts/document/?resource=https%3A%2F%2Fexample.org%2Fdts%2Fcollections%2Fhwgw%2Fs03%2Fed&ref=s03-pg118&tree=published_page
person,gnd-118636979,Zimmermann,published_page,page,s03-pg118,http://rs4.ethz.ch/dts/document/?resource=https%3A%2F%2Fexample.org%2Fdts%2Fcollections%2Fhwgw%2Fs03%2Fed&ref=s03-pg118&tree=published_page
place,gnd-4068038-1,Zürich,published_page,page,s03-pg118,http://rs4.ethz.ch/dts/document/?resource=https%3A%2F%2Fexample.org%2Fdts%2Fcollections%2Fhwgw%2Fs03%2Fed&ref=s03-pg118&tree=published_page
person,gnd-118538969,Geßner,published_page,page,s03-pg119,http://rs4.ethz.ch/dts/document/?resource=https%3A%2F%2Fexample.org%2Fdts%2Fcollections%2Fhwgw%2Fs03%2Fed&ref=s03-pg119&tree=published_page
person,gnd-118632477,Wieland,published_page,page,s03-pg119,http://rs4.ethz.ch/dts/document/?resource=https%3A%2F%2Fexample.org%2Fdts%2Fcollections%2Fhwgw%2Fs03%2Fed&ref=s03-pg119&tree=published_page
person,gnd-118538969,Geßner,published_page,page,s03-pg119,http://rs4.ethz.ch/dts/document/?resource=https%3A%2F%2Fexample.org%2Fdts%2Fcollections%2Fhwgw%2Fs03%2Fed&ref=s03-pg119&tree=published_page
person,gnd-118634496,Wölfflin,published_page,page,s03-pg119,http://rs4.ethz.ch/dts/document/?resource=https%3A%2F%2Fexample.org%2Fdts%2Fcollections%2Fhwgw%2Fs03%2Fed&ref=s03-pg119&tree=published_page
person,gnd-118538969,Geßner,published_page,page,s03-pg119,http://rs4.ethz.ch/dts/document/?resource=https%3A%2F%2Fexample.org%2Fdts%2Fcollections%2Fhwgw%2Fs03%2Fed&ref=s03-pg119&tree=published_page
person,gnd-118632477,Wieland,published_page,page,s03-pg119,http://rs4.ethz.ch/dts/document/?resource=https%3A%2F%2Fexample.org%2Fdts%2Fcollections%2Fhwgw%2Fs03%2Fed&ref=s03-pg119&tree=published_page
person,gnd-118538969,Geßner,published_page,page,s03-pg119,http://rs4.ethz.ch/dts/document/?resource=https%3A%2F%2Fexample.org%2Fdts%2Fcollections%2Fhwgw%2Fs03%2Fed&ref=s03-pg119&tree=published_page
person,gnd-118512315,Bodmer,published_page,page,s03-pg119,http://rs4.ethz.ch/dts/document/?resource=https%3A%2F%2Fexample.org%2Fdts%2Fcollections%2Fhwgw%2Fs03%2Fed&ref=s03-pg119&tree=published_page
person,gnd-118538969,Geßner,published_page,page,s03-pg119,http://rs4.ethz.ch/dts/document/?resource=https%3A%2F%2Fexample.org%2Fdts%2Fcollections%2Fhwgw%2Fs03%2Fed&ref=s03-pg119&tree=published_page
person,gnd-118656759,Bertola,published_page,page,s03-pg119,http://rs4.ethz.ch/dts/document/?resource=https%3A%2F%2Fexample.org%2Fdts%2Fcollections%2Fhwgw%2Fs03%2Fed&ref=s03-pg119&tree=published_page
place,gnd-4068038-1,Zürich,published_page,page,s03-pg119,http://rs4.ethz.ch/dts/document/?resource=https%3A%2F%2Fexample.org%2Fdts%2Fcollections%2Fhwgw%2Fs03%2Fed&ref=s03-pg119&tree=published_page
person,gnd-118538969,Geßner,published_page,page,s03-pg119,http://rs4.ethz.ch/dts/document/?resource=https%3A%2F%2Fexample.org%2Fdts%2Fcollections%2Fhwgw%2Fs03%2Fed&ref=s03-pg119&tree=published_page
place,gnd-4068038-1,Zürich,published_page,page,s03-pg119,http://rs4.ethz.ch/dts/document/?resource=https%3A%2F%2Fexample.org%2Fdts%2Fcollections%2Fhwgw%2Fs03%2Fed&ref=s03-pg119&tree=published_page
person,gnd-118538969,Geßner,published_page,page,s03-pg120,http://rs4.ethz.ch/dts/document/?resource=https%3A%2F%2Fexample.org%2Fdts%2Fcollections%2Fhwgw%2Fs03%2Fed&ref=s03-pg120&tree=published_page
person,gnd-118636979,Zimmermann,published_page,page,s03-pg120,http://rs4.ethz.ch/dts/document/?resource=https%3A%2F%2Fexample.org%2Fdts%2Fcollections%2Fhwgw%2Fs03%2Fed&ref=s03-pg120&tree=published_page
person,gnd-118538969,Gessners,published_page,page,s03-pg120,http://rs4.ethz.ch/dts/document/?resource=https%3A%2F%2Fexample.org%2Fdts%2Fcollections%2Fhwgw%2Fs03%2Fed&ref=s03-pg120&tree=published_page
person,gnd-118636979,Zimmermann,published_page,page,s03-pg120,http://rs4.ethz.ch/dts/document/?resource=https%3A%2F%2Fexample.org%2Fdts%2Fcollections%2Fhwgw%2Fs03%2Fed&ref=s03-pg120&tree=published_page
person,gnd-118634496,Wölfflin,published_page,page,s03-pg120,http://rs4.ethz.ch/dts/document/?resource=https%3A%2F%2Fexample.org%2Fdts%2Fcollections%2Fhwgw%2Fs03%2Fed&ref=s03-pg120&tree=published_page
person,gnd-118636979,Zimmermann,published_page,page,s03-pg120,http://rs4.ethz.ch/dts/document/?resource=https%3A%2F%2Fexample.org%2Fdts%2Fcollections%2Fhwgw%2Fs03%2Fed&ref=s03-pg120&tree=published_page
person,gnd-118525263,Diderot,published_page,page,s03-pg120,http://rs4.ethz.ch/dts/document/?resource=https%3A%2F%2Fexample.org%2Fdts%2Fcollections%2Fhwgw%2Fs03%2Fed&ref=s03-pg120&tree=published_page
person,gnd-118525263,Diderot,published_page,page,s03-pg120,http://rs4.ethz.ch/dts/document/?resource=https%3A%2F%2Fexample.org%2Fdts%2Fcollections%2Fhwgw%2Fs03%2Fed&ref=s03-pg120&tree=published_page
person,gnd-118538969,Geßnersche,published_page,page,s03-pg120,http://rs4.ethz.ch/dts/document/?resource=https%3A%2F%2Fexample.org%2Fdts%2Fcollections%2Fhwgw%2Fs03%2Fed&ref=s03-pg120&tree=published_page
person,gnd-118580337,H. Meisters,published_page,page,s03-pg120,http://rs4.ethz.ch/dts/document/?resource=https%3A%2F%2Fexample.org%2Fdts%2Fcollections%2Fhwgw%2Fs03%2Fed&ref=s03-pg120&tree=published_page
person,gnd-118538969,Geßner,published_page,page,s03-pg120,http://rs4.ethz.ch/dts/document/?resource=https%3A%2F%2Fexample.org%2Fdts%2Fcollections%2Fhwgw%2Fs03%2Fed&ref=s03-pg120&tree=published_page
person,gnd-118525263,Diderot,published_page,page,s03-pg120,http://rs4.ethz.ch/dts/document/?resource=https%3A%2F%2Fexample.org%2Fdts%2Fcollections%2Fhwgw%2Fs03%2Fed&ref=s03-pg120&tree=published_page
person,gnd-118525263,Diderot,published_page,page,s03-pg120,http://rs4.ethz.ch/dts/document/?resource=https%3A%2F%2Fexample.org%2Fdts%2Fcollections%2Fhwgw%2Fs03%2Fed&ref=s03-pg120&tree=published_page
person,gnd-118538969,Salomon Geßner,published_page,page,s03-pg120,http://rs4.ethz.ch/dts/document/?resource=https%3A%2F%2Fexample.org%2Fdts%2Fcollections%2Fhwgw%2Fs03%2Fed&ref=s03-pg120&tree=published_page
person,gnd-117371726,Süpfle,published_page,page,s03-pg120,http://rs4.ethz.ch/dts/document/?resource=https%3A%2F%2Fexample.org%2Fdts%2Fcollections%2Fhwgw%2Fs03%2Fed&ref=s03-pg120&tree=published_page
person,gnd-118634496,Wölfflin,published_page,page,s03-pg120,http://rs4.ethz.ch/dts/document/?resource=https%3A%2F%2Fexample.org%2Fdts%2Fcollections%2Fhwgw%2Fs03%2Fed&ref=s03-pg120&tree=published_page
person,gnd-118634496,Wölfflin,published_page,page,s03-pg120,http://rs4.ethz.ch/dts/document/?resource=https%3A%2F%2Fexample.org%2Fdts%2Fcollections%2Fhwgw%2Fs03%2Fed&ref=s03-pg120&tree=published_page
person,gnd-118525263,Diderots,published_page,page,s03-pg120,http://rs4.ethz.ch/dts/document/?resource=https%3A%2F%2Fexample.org%2Fdts%2Fcollections%2Fhwgw%2Fs03%2Fed&ref=s03-pg120&tree=published_page
person,gnd-118580337,H. Meister,published_page,page,s03-pg120,http://rs4.ethz.ch/dts/document/?resource=https%3A%2F%2Fexample.org%2Fdts%2Fcollections%2Fhwgw%2Fs03%2Fed&ref=s03-pg120&tree=published_page
person,gnd-118525263,Diderots,published_page,page,s03-pg120,http://rs4.ethz.ch/dts/document/?resource=https%3A%2F%2Fexample.org%2Fdts%2Fcollections%2Fhwgw%2Fs03%2Fed&ref=s03-pg120&tree=published_page
person,gnd-118538969,Geßner,published_page,page,s03-pg120,http://rs4.ethz.ch/dts/document/?resource=https%3A%2F%2Fexample.org%2Fdts%2Fcollections%2Fhwgw%2Fs03%2Fed&ref=s03-pg120&tree=published_page
person,gnd-117031933,Hubers,published_page,page,s03-pg121,http://rs4.ethz.ch/dts/document/?resource=https%3A%2F%2Fexample.org%2Fdts%2Fcollections%2Fhwgw%2Fs03%2Fed&ref=s03-pg121&tree=published_page
person,gnd-118580337,Meister,published_page,page,s03-pg121,http://rs4.ethz.ch/dts/document/?resource=https%3A%2F%2Fexample.org%2Fdts%2Fcollections%2Fhwgw%2Fs03%2Fed&ref=s03-pg121&tree=published_page
person,gnd-117031933,Huber,published_page,page,s03-pg121,http://rs4.ethz.ch/dts/document/?resource=https%3A%2F%2Fexample.org%2Fdts%2Fcollections%2Fhwgw%2Fs03%2Fed&ref=s03-pg121&tree=published_page
place,gnd-4035206-7,Leipzig,published_page,page,s03-pg121,http://rs4.ethz.ch/dts/document/?resource=https%3A%2F%2Fexample.org%2Fdts%2Fcollections%2Fhwgw%2Fs03%2Fed&ref=s03-pg121&tree=published_page
person,gnd-118538969,Geßnersche,published_page,page,s03-pg121,http://rs4.ethz.ch/dts/document/?resource=https%3A%2F%2Fexample.org%2Fdts%2Fcollections%2Fhwgw%2Fs03%2Fed&ref=s03-pg121&tree=published_page
place,gnd-4011882-4,Deutschland,published_page,page,s03-pg121,http://rs4.ethz.ch/dts/document/?resource=https%3A%2F%2Fexample.org%2Fdts%2Fcollections%2Fhwgw%2Fs03%2Fed&ref=s03-pg121&tree=published_page
person,gnd-118632477,Wieland,published_page,page,s03-pg121,http://rs4.ethz.ch/dts/document/?resource=https%3A%2F%2Fexample.org%2Fdts%2Fcollections%2Fhwgw%2Fs03%2Fed&ref=s03-pg121&tree=published_page
person,gnd-118632477,Wielands,published_page,page,s03-pg121,http://rs4.ethz.ch/dts/document/?resource=https%3A%2F%2Fexample.org%2Fdts%2Fcollections%2Fhwgw%2Fs03%2Fed&ref=s03-pg121&tree=published_page
person,gnd-118538969,Gessner,published_page,page,s03-pg121,http://rs4.ethz.ch/dts/document/?resource=https%3A%2F%2Fexample.org%2Fdts%2Fcollections%2Fhwgw%2Fs03%2Fed&ref=s03-pg121&tree=published_page
person,gnd-118538969,Geßner,published_page,page,s03-pg121,http://rs4.ethz.ch/dts/document/?resource=https%3A%2F%2Fexample.org%2Fdts%2Fcollections%2Fhwgw%2Fs03%2Fed&ref=s03-pg121&tree=published_page
person,gnd-118540238,Goethes,published_page,page,s03-pg121,http://rs4.ethz.ch/dts/document/?resource=https%3A%2F%2Fexample.org%2Fdts%2Fcollections%2Fhwgw%2Fs03%2Fed&ref=s03-pg121&tree=published_page
person,gnd-116163542,v. Biedermann,published_page,page,s03-pg121,http://rs4.ethz.ch/dts/document/?resource=https%3A%2F%2Fexample.org%2Fdts%2Fcollections%2Fhwgw%2Fs03%2Fed&ref=s03-pg121&tree=published_page
person,gnd-118634496,Wölfflin,published_page,page,s03-pg121,http://rs4.ethz.ch/dts/document/?resource=https%3A%2F%2Fexample.org%2Fdts%2Fcollections%2Fhwgw%2Fs03%2Fed&ref=s03-pg121&tree=published_page
person,gnd-116718846,Wilhelm Creizenach,published_page,page,s03-pg121,http://rs4.ethz.ch/dts/document/?resource=https%3A%2F%2Fexample.org%2Fdts%2Fcollections%2Fhwgw%2Fs03%2Fed&ref=s03-pg121&tree=published_page
person,gnd-118540238,Goethe’s,published_page,page,s03-pg121,http://rs4.ethz.ch/dts/document/?resource=https%3A%2F%2Fexample.org%2Fdts%2Fcollections%2Fhwgw%2Fs03%2Fed&ref=s03-pg121&tree=published_page
person,gnd-116718846,Wilhelm Creizenach,published_page,page,s03-pg121,http://rs4.ethz.ch/dts/document/?resource=https%3A%2F%2Fexample.org%2Fdts%2Fcollections%2Fhwgw%2Fs03%2Fed&ref=s03-pg121&tree=published_page
person,gnd-118634496,Wölfflin,published_page,page,s03-pg121,http://rs4.ethz.ch/dts/document/?resource=https%3A%2F%2Fexample.org%2Fdts%2Fcollections%2Fhwgw%2Fs03%2Fed&ref=s03-pg121&tree=published_page
person,gnd-118607200,Scherers,published_page,page,s03-pg121,http://rs4.ethz.ch/dts/document/?resource=https%3A%2F%2Fexample.org%2Fdts%2Fcollections%2Fhwgw%2Fs03%2Fed&ref=s03-pg121&tree=published_page
person,gnd-116916567,L. Hirzel,published_page,page,s03-pg121,http://rs4.ethz.ch/dts/document/?resource=https%3A%2F%2Fexample.org%2Fdts%2Fcollections%2Fhwgw%2Fs03%2Fed&ref=s03-pg121&tree=published_page
person,gnd-118538969,Geßner,published_page,page,s03-pg121,http://rs4.ethz.ch/dts/document/?resource=https%3A%2F%2Fexample.org%2Fdts%2Fcollections%2Fhwgw%2Fs03%2Fed&ref=s03-pg121&tree=published_page
person,gnd-118572121,Lessingen,published_page,page,s03-pg121,http://rs4.ethz.ch/dts/document/?resource=https%3A%2F%2Fexample.org%2Fdts%2Fcollections%2Fhwgw%2Fs03%2Fed&ref=s03-pg121&tree=published_page
person,gnd-118538969,Geßnern,published_page,page,s03-pg121,http://rs4.ethz.ch/dts/document/?resource=https%3A%2F%2Fexample.org%2Fdts%2Fcollections%2Fhwgw%2Fs03%2Fed&ref=s03-pg121&tree=published_page
person,gnd-118538969,Geßnern,published_page,page,s03-pg121,http://rs4.ethz.ch/dts/document/?resource=https%3A%2F%2Fexample.org%2Fdts%2Fcollections%2Fhwgw%2Fs03%2Fed&ref=s03-pg121&tree=published_page
place,gnd-1302307541,Hause,published_page,page,s03-pg121,http://rs4.ethz.ch/dts/document/?resource=https%3A%2F%2Fexample.org%2Fdts%2Fcollections%2Fhwgw%2Fs03%2Fed&ref=s03-pg121&tree=published_page
person,gnd-118538969,Geßner,published_page,page,s03-pg122,http://rs4.ethz.ch/dts/document/?resource=https%3A%2F%2Fexample.org%2Fdts%2Fcollections%2Fhwgw%2Fs03%2Fed&ref=s03-pg122&tree=published_page
place,gnd-4044660-8,Paris,published_page,page,s03-pg122,http://rs4.ethz.ch/dts/document/?resource=https%3A%2F%2Fexample.org%2Fdts%2Fcollections%2Fhwgw%2Fs03%2Fed&ref=s03-pg122&tree=published_page
person,gnd-117322962,L. Usteri,published_page,page,s03-pg122,http://rs4.ethz.ch/dts/document/?resource=https%3A%2F%2Fexample.org%2Fdts%2Fcollections%2Fhwgw%2Fs03%2Fed&ref=s03-pg122&tree=published_page
person,gnd-118633600,Winckelmanns,published_page,page,s03-pg122,http://rs4.ethz.ch/dts/document/?resource=https%3A%2F%2Fexample.org%2Fdts%2Fcollections%2Fhwgw%2Fs03%2Fed&ref=s03-pg122&tree=published_page
place,gnd-4044660-8,Paris,published_page,page,s03-pg122,http://rs4.ethz.ch/dts/document/?resource=https%3A%2F%2Fexample.org%2Fdts%2Fcollections%2Fhwgw%2Fs03%2Fed&ref=s03-pg122&tree=published_page
place,gnd-4068038-1,Zürich,published_page,page,s03-pg122,http://rs4.ethz.ch/dts/document/?resource=https%3A%2F%2Fexample.org%2Fdts%2Fcollections%2Fhwgw%2Fs03%2Fed&ref=s03-pg122&tree=published_page
organisation,gnd-122705-1,helvetischen Gesellschaft,published_page,page,s03-pg122,http://rs4.ethz.ch/dts/document/?resource=https%3A%2F%2Fexample.org%2Fdts%2Fcollections%2Fhwgw%2Fs03%2Fed&ref=s03-pg122&tree=published_page
place,gnd-4068038-1,Vaterstadt,published_page,page,s03-pg122,http://rs4.ethz.ch/dts/document/?resource=https%3A%2F%2Fexample.org%2Fdts%2Fcollections%2Fhwgw%2Fs03%2Fed&ref=s03-pg122&tree=published_page
person,gnd-118634496,Wölfflin,published_page,page,s03-pg122,http://rs4.ethz.ch/dts/document/?resource=https%3A%2F%2Fexample.org%2Fdts%2Fcollections%2Fhwgw%2Fs03%2Fed&ref=s03-pg122&tree=published_page
person,gnd-116595671,Conrad,published_page,page,s03-pg122,http://rs4.ethz.ch/dts/document/?resource=https%3A%2F%2Fexample.org%2Fdts%2Fcollections%2Fhwgw%2Fs03%2Fed&ref=s03-pg122&tree=published_page
person,gnd-116600217,Heinrich,published_page,page,s03-pg122,http://rs4.ethz.ch/dts/document/?resource=https%3A%2F%2Fexample.org%2Fdts%2Fcollections%2Fhwgw%2Fs03%2Fed&ref=s03-pg122&tree=published_page
person,gnd-118538969,Geßners,published_page,page,s03-pg122,http://rs4.ethz.ch/dts/document/?resource=https%3A%2F%2Fexample.org%2Fdts%2Fcollections%2Fhwgw%2Fs03%2Fed&ref=s03-pg122&tree=published_page
person,gnd-129209724,Gattin,published_page,page,s03-pg122,http://rs4.ethz.ch/dts/document/?resource=https%3A%2F%2Fexample.org%2Fdts%2Fcollections%2Fhwgw%2Fs03%2Fed&ref=s03-pg122&tree=published_page
person,gnd-11701348X,Hottinger,published_page,page,s03-pg122,http://rs4.ethz.ch/dts/document/?resource=https%3A%2F%2Fexample.org%2Fdts%2Fcollections%2Fhwgw%2Fs03%2Fed&ref=s03-pg122&tree=published_page
person,gnd-129209724,Judith,published_page,page,s03-pg122,http://rs4.ethz.ch/dts/document/?resource=https%3A%2F%2Fexample.org%2Fdts%2Fcollections%2Fhwgw%2Fs03%2Fed&ref=s03-pg122&tree=published_page
person,gnd-129209724,Judith Gessners,published_page,page,s03-pg122,http://rs4.ethz.ch/dts/document/?resource=https%3A%2F%2Fexample.org%2Fdts%2Fcollections%2Fhwgw%2Fs03%2Fed&ref=s03-pg122&tree=published_page
place,gnd-4068038-1,Zürich,published_page,page,s03-pg122,http://rs4.ethz.ch/dts/document/?resource=https%3A%2F%2Fexample.org%2Fdts%2Fcollections%2Fhwgw%2Fs03%2Fed&ref=s03-pg122&tree=published_page
person,gnd-118538969,Geßner,published_page,page,s03-pg122,http://rs4.ethz.ch/dts/document/?resource=https%3A%2F%2Fexample.org%2Fdts%2Fcollections%2Fhwgw%2Fs03%2Fed&ref=s03-pg122&tree=published_page
person,gnd-118538969,Salomon Gessners,published_page,page,s03-pg122,http://rs4.ethz.ch/dts/document/?resource=https%3A%2F%2Fexample.org%2Fdts%2Fcollections%2Fhwgw%2Fs03%2Fed&ref=s03-pg122&tree=published_page
person,gnd-129209724,Gattin,published_page,page,s03-pg122,http://rs4.ethz.ch/dts/document/?resource=https%3A%2F%2Fexample.org%2Fdts%2Fcollections%2Fhwgw%2Fs03%2Fed&ref=s03-pg122&tree=published_page
place,gnd-1051766532,Schwandegg,published_page,page,s03-pg122,http://rs4.ethz.ch/dts/document/?resource=https%3A%2F%2Fexample.org%2Fdts%2Fcollections%2Fhwgw%2Fs03%2Fed&ref=s03-pg122&tree=published_page
place,gnd-1302307541,Geßnerschen Hause,published_page,page,s03-pg123,http://rs4.ethz.ch/dts/document/?resource=https%3A%2F%2Fexample.org%2Fdts%2Fcollections%2Fhwgw%2Fs03%2Fed&ref=s03-pg123&tree=published_page
person,gnd-118674315,Bronners,published_page,page,s03-pg123,http://rs4.ethz.ch/dts/document/?resource=https%3A%2F%2Fexample.org%2Fdts%2Fcollections%2Fhwgw%2Fs03%2Fed&ref=s03-pg123&tree=published_page
place,gnd-4068038-1,Zürichs,published_page,page,s03-pg123,http://rs4.ethz.ch/dts/document/?resource=https%3A%2F%2Fexample.org%2Fdts%2Fcollections%2Fhwgw%2Fs03%2Fed&ref=s03-pg123&tree=published_page
person,gnd-102121982,Steinbrüchel,published_page,page,s03-pg123,http://rs4.ethz.ch/dts/document/?resource=https%3A%2F%2Fexample.org%2Fdts%2Fcollections%2Fhwgw%2Fs03%2Fed&ref=s03-pg123&tree=published_page
person,gnd-117184934,J.G. Schultheß,published_page,page,s03-pg123,http://rs4.ethz.ch/dts/document/?resource=https%3A%2F%2Fexample.org%2Fdts%2Fcollections%2Fhwgw%2Fs03%2Fed&ref=s03-pg123&tree=published_page
person,gnd-118538969,Geßner,published_page,page,s03-pg123,http://rs4.ethz.ch/dts/document/?resource=https%3A%2F%2Fexample.org%2Fdts%2Fcollections%2Fhwgw%2Fs03%2Fed&ref=s03-pg123&tree=published_page
person,gnd-118538969,Geßner,published_page,page,s03-pg123,http://rs4.ethz.ch/dts/document/?resource=https%3A%2F%2Fexample.org%2Fdts%2Fcollections%2Fhwgw%2Fs03%2Fed&ref=s03-pg123&tree=published_page
person,gnd-102121982,Steinbrüchel,published_page,page,s03-pg123,http://rs4.ethz.ch/dts/document/?resource=https%3A%2F%2Fexample.org%2Fdts%2Fcollections%2Fhwgw%2Fs03%2Fed&ref=s03-pg123&tree=published_page
person,gnd-118549553,Herder,published_page,page,s03-pg123,http://rs4.ethz.ch/dts/document/?resource=https%3A%2F%2Fexample.org%2Fdts%2Fcollections%2Fhwgw%2Fs03%2Fed&ref=s03-pg123&tree=published_page
person,gnd-118634496,Wölfflin,published_page,page,s03-pg123,http://rs4.ethz.ch/dts/document/?resource=https%3A%2F%2Fexample.org%2Fdts%2Fcollections%2Fhwgw%2Fs03%2Fed&ref=s03-pg123&tree=published_page
person,gnd-118549553,Herder,published_page,page,s03-pg123,http://rs4.ethz.ch/dts/document/?resource=https%3A%2F%2Fexample.org%2Fdts%2Fcollections%2Fhwgw%2Fs03%2Fed&ref=s03-pg123&tree=published_page
person,gnd-119020890,Hirzel,published_page,page,s03-pg123,http://rs4.ethz.ch/dts/document/?resource=https%3A%2F%2Fexample.org%2Fdts%2Fcollections%2Fhwgw%2Fs03%2Fed&ref=s03-pg123&tree=published_page
person,gnd-117402524,Tobler,published_page,page,s03-pg123,http://rs4.ethz.ch/dts/document/?resource=https%3A%2F%2Fexample.org%2Fdts%2Fcollections%2Fhwgw%2Fs03%2Fed&ref=s03-pg123&tree=published_page
person,gnd-118622277,Thomson,published_page,page,s03-pg123,http://rs4.ethz.ch/dts/document/?resource=https%3A%2F%2Fexample.org%2Fdts%2Fcollections%2Fhwgw%2Fs03%2Fed&ref=s03-pg123&tree=published_page
person,gnd-11701348X,Professor Hottinger,published_page,page,s03-pg123,http://rs4.ethz.ch/dts/document/?resource=https%3A%2F%2Fexample.org%2Fdts%2Fcollections%2Fhwgw%2Fs03%2Fed&ref=s03-pg123&tree=published_page
person,gnd-102121982,Steinbrüchels,published_page,page,s03-pg123,http://rs4.ethz.ch/dts/document/?resource=https%3A%2F%2Fexample.org%2Fdts%2Fcollections%2Fhwgw%2Fs03%2Fed&ref=s03-pg123&tree=published_page
person,gnd-100227627,Leonhard Meister,published_page,page,s03-pg123,http://rs4.ethz.ch/dts/document/?resource=https%3A%2F%2Fexample.org%2Fdts%2Fcollections%2Fhwgw%2Fs03%2Fed&ref=s03-pg123&tree=published_page
person,gnd-104106514,Corrodi,published_page,page,s03-pg123,http://rs4.ethz.ch/dts/document/?resource=https%3A%2F%2Fexample.org%2Fdts%2Fcollections%2Fhwgw%2Fs03%2Fed&ref=s03-pg123&tree=published_page
place,gnd-4068038-1,Zürich,published_page,page,s03-pg123,http://rs4.ethz.ch/dts/document/?resource=https%3A%2F%2Fexample.org%2Fdts%2Fcollections%2Fhwgw%2Fs03%2Fed&ref=s03-pg123&tree=published_page
person,gnd-136255582,Salomon Landolt,published_page,page,s03-pg123,http://rs4.ethz.ch/dts/document/?resource=https%3A%2F%2Fexample.org%2Fdts%2Fcollections%2Fhwgw%2Fs03%2Fed&ref=s03-pg123&tree=published_page
person,gnd-116595671,Conrad Geßner,published_page,page,s03-pg123,http://rs4.ethz.ch/dts/document/?resource=https%3A%2F%2Fexample.org%2Fdts%2Fcollections%2Fhwgw%2Fs03%2Fed&ref=s03-pg123&tree=published_page
person,gnd-138829217,Wüst,published_page,page,s03-pg123,http://rs4.ethz.ch/dts/document/?resource=https%3A%2F%2Fexample.org%2Fdts%2Fcollections%2Fhwgw%2Fs03%2Fed&ref=s03-pg123&tree=published_page
place,gnd-4133959-9,Holland,published_page,page,s03-pg123,http://rs4.ethz.ch/dts/document/?resource=https%3A%2F%2Fexample.org%2Fdts%2Fcollections%2Fhwgw%2Fs03%2Fed&ref=s03-pg123&tree=published_page
place,gnd-4018145-5,Frankreich,published_page,page,s03-pg123,http://rs4.ethz.ch/dts/document/?resource=https%3A%2F%2Fexample.org%2Fdts%2Fcollections%2Fhwgw%2Fs03%2Fed&ref=s03-pg123&tree=published_page
person,gnd-118538969,Geßner,published_page,page,s03-pg123,http://rs4.ethz.ch/dts/document/?resource=https%3A%2F%2Fexample.org%2Fdts%2Fcollections%2Fhwgw%2Fs03%2Fed&ref=s03-pg123&tree=published_page
person,gnd-116774290,Freudweiler,published_page,page,s03-pg123,http://rs4.ethz.ch/dts/document/?resource=https%3A%2F%2Fexample.org%2Fdts%2Fcollections%2Fhwgw%2Fs03%2Fed&ref=s03-pg123&tree=published_page
person,gnd-118536745,H. Füßli,published_page,page,s03-pg123,http://rs4.ethz.ch/dts/document/?resource=https%3A%2F%2Fexample.org%2Fdts%2Fcollections%2Fhwgw%2Fs03%2Fed&ref=s03-pg123&tree=published_page
person,gnd-118581899,J.H. Meyer,published_page,page,s03-pg123,http://rs4.ethz.ch/dts/document/?resource=https%3A%2F%2Fexample.org%2Fdts%2Fcollections%2Fhwgw%2Fs03%2Fed&ref=s03-pg123&tree=published_page
person,gnd-118538969,Geßner,published_page,page,s03-pg123,http://rs4.ethz.ch/dts/document/?resource=https%3A%2F%2Fexample.org%2Fdts%2Fcollections%2Fhwgw%2Fs03%2Fed&ref=s03-pg123&tree=published_page
person,gnd-118636979,J.G. Zimmermann,published_page,page,s03-pg123,http://rs4.ethz.ch/dts/document/?resource=https%3A%2F%2Fexample.org%2Fdts%2Fcollections%2Fhwgw%2Fs03%2Fed&ref=s03-pg123&tree=published_page
organisation,gnd-122705-1,helvetischen Gesellschaft,published_page,page,s03-pg123,http://rs4.ethz.ch/dts/document/?resource=https%3A%2F%2Fexample.org%2Fdts%2Fcollections%2Fhwgw%2Fs03%2Fed&ref=s03-pg123&tree=published_page
person,gnd-118538969,Geßner,published_page,page,s03-pg123,http://rs4.ethz.ch/dts/document/?resource=https%3A%2F%2Fexample.org%2Fdts%2Fcollections%2Fhwgw%2Fs03%2Fed&ref=s03-pg123&tree=published_page
organisation,gnd-6146531-8,Gesellschaft,published_page,page,s03-pg123,http://rs4.ethz.ch/dts/document/?resource=https%3A%2F%2Fexample.org%2Fdts%2Fcollections%2Fhwgw%2Fs03%2Fed&ref=s03-pg123&tree=published_page
person,gnd-118603426,Rousseau,published_page,page,s03-pg123,http://rs4.ethz.ch/dts/document/?resource=https%3A%2F%2Fexample.org%2Fdts%2Fcollections%2Fhwgw%2Fs03%2Fed&ref=s03-pg123&tree=published_page
person,gnd-118633600,Winckelmann,published_page,page,s03-pg123,http://rs4.ethz.ch/dts/document/?resource=https%3A%2F%2Fexample.org%2Fdts%2Fcollections%2Fhwgw%2Fs03%2Fed&ref=s03-pg123&tree=published_page
place,gnd-4068038-1,Zürich,published_page,page,s03-pg123,http://rs4.ethz.ch/dts/document/?resource=https%3A%2F%2Fexample.org%2Fdts%2Fcollections%2Fhwgw%2Fs03%2Fed&ref=s03-pg123&tree=published_page
person,gnd-118896644,Aberli,published_page,page,s03-pg123,http://rs4.ethz.ch/dts/document/?resource=https%3A%2F%2Fexample.org%2Fdts%2Fcollections%2Fhwgw%2Fs03%2Fed&ref=s03-pg123&tree=published_page
person,gnd-118697064,Graff,published_page,page,s03-pg123,http://rs4.ethz.ch/dts/document/?resource=https%3A%2F%2Fexample.org%2Fdts%2Fcollections%2Fhwgw%2Fs03%2Fed&ref=s03-pg123&tree=published_page
person,gnd-123972000,S.H. Grimm,published_page,page,s03-pg123,http://rs4.ethz.ch/dts/document/?resource=https%3A%2F%2Fexample.org%2Fdts%2Fcollections%2Fhwgw%2Fs03%2Fed&ref=s03-pg123&tree=published_page
person,gnd-118721224,Angelika Kaufmann,published_page,page,s03-pg123,http://rs4.ethz.ch/dts/document/?resource=https%3A%2F%2Fexample.org%2Fdts%2Fcollections%2Fhwgw%2Fs03%2Fed&ref=s03-pg123&tree=published_page
person,gnd-117044504,Lippert,published_page,page,s03-pg123,http://rs4.ethz.ch/dts/document/?resource=https%3A%2F%2Fexample.org%2Fdts%2Fcollections%2Fhwgw%2Fs03%2Fed&ref=s03-pg123&tree=published_page
person,gnd-122269950,Watelet,published_page,page,s03-pg123,http://rs4.ethz.ch/dts/document/?resource=https%3A%2F%2Fexample.org%2Fdts%2Fcollections%2Fhwgw%2Fs03%2Fed&ref=s03-pg123&tree=published_page
place,gnd-4018145-5,Frankreich,published_page,page,s03-pg124,http://rs4.ethz.ch/dts/document/?resource=https%3A%2F%2Fexample.org%2Fdts%2Fcollections%2Fhwgw%2Fs03%2Fed&ref=s03-pg124&tree=published_page
person,gnd-118697765,Grimm,published_page,page,s03-pg124,http://rs4.ethz.ch/dts/document/?resource=https%3A%2F%2Fexample.org%2Fdts%2Fcollections%2Fhwgw%2Fs03%2Fed&ref=s03-pg124&tree=published_page
person,gnd-117031933,Huber,published_page,page,s03-pg124,http://rs4.ethz.ch/dts/document/?resource=https%3A%2F%2Fexample.org%2Fdts%2Fcollections%2Fhwgw%2Fs03%2Fed&ref=s03-pg124&tree=published_page
person,gnd-118580337,Meister,published_page,page,s03-pg124,http://rs4.ethz.ch/dts/document/?resource=https%3A%2F%2Fexample.org%2Fdts%2Fcollections%2Fhwgw%2Fs03%2Fed&ref=s03-pg124&tree=published_page
place,gnd-4027833-5,Italien,published_page,page,s03-pg124,http://rs4.ethz.ch/dts/document/?resource=https%3A%2F%2Fexample.org%2Fdts%2Fcollections%2Fhwgw%2Fs03%2Fed&ref=s03-pg124&tree=published_page
person,gnd-118656759,Bertola,published_page,page,s03-pg124,http://rs4.ethz.ch/dts/document/?resource=https%3A%2F%2Fexample.org%2Fdts%2Fcollections%2Fhwgw%2Fs03%2Fed&ref=s03-pg124&tree=published_page
person,gnd-116595671,Conrad,published_page,page,s03-pg124,http://rs4.ethz.ch/dts/document/?resource=https%3A%2F%2Fexample.org%2Fdts%2Fcollections%2Fhwgw%2Fs03%2Fed&ref=s03-pg124&tree=published_page
place,gnd-4012995-0,Dresden,published_page,page,s03-pg124,http://rs4.ethz.ch/dts/document/?resource=https%3A%2F%2Fexample.org%2Fdts%2Fcollections%2Fhwgw%2Fs03%2Fed&ref=s03-pg124&tree=published_page
place,gnd-4050471-2,Rom,published_page,page,s03-pg124,http://rs4.ethz.ch/dts/document/?resource=https%3A%2F%2Fexample.org%2Fdts%2Fcollections%2Fhwgw%2Fs03%2Fed&ref=s03-pg124&tree=published_page
person,gnd-116600217,H. Geßner,published_page,page,s03-pg124,http://rs4.ethz.ch/dts/document/?resource=https%3A%2F%2Fexample.org%2Fdts%2Fcollections%2Fhwgw%2Fs03%2Fed&ref=s03-pg124&tree=published_page
person,gnd-118538969,Geßnerschen,published_page,page,s03-pg124,http://rs4.ethz.ch/dts/document/?resource=https%3A%2F%2Fexample.org%2Fdts%2Fcollections%2Fhwgw%2Fs03%2Fed&ref=s03-pg124&tree=published_page
place,gnd-4068038-1,Stadt Zürich,published_page,page,s03-pg124,http://rs4.ethz.ch/dts/document/?resource=https%3A%2F%2Fexample.org%2Fdts%2Fcollections%2Fhwgw%2Fs03%2Fed&ref=s03-pg124&tree=published_page
person,gnd-118538969,Geßner,published_page,page,s03-pg124,http://rs4.ethz.ch/dts/document/?resource=https%3A%2F%2Fexample.org%2Fdts%2Fcollections%2Fhwgw%2Fs03%2Fed&ref=s03-pg124&tree=published_page
organisation,gnd-1089037147,großen Rat,published_page,page,s03-pg124,http://rs4.ethz.ch/dts/document/?resource=https%3A%2F%2Fexample.org%2Fdts%2Fcollections%2Fhwgw%2Fs03%2Fed&ref=s03-pg124&tree=published_page
organisation,gnd-1087452856,kleinen oder innern Rat,published_page,page,s03-pg124,http://rs4.ethz.ch/dts/document/?resource=https%3A%2F%2Fexample.org%2Fdts%2Fcollections%2Fhwgw%2Fs03%2Fed&ref=s03-pg124&tree=published_page
person,gnd-118636979,Zimmermann,published_page,page,s03-pg124,http://rs4.ethz.ch/dts/document/?resource=https%3A%2F%2Fexample.org%2Fdts%2Fcollections%2Fhwgw%2Fs03%2Fed&ref=s03-pg124&tree=published_page
person,gnd-118538969,Geßner,published_page,page,s03-pg124,http://rs4.ethz.ch/dts/document/?resource=https%3A%2F%2Fexample.org%2Fdts%2Fcollections%2Fhwgw%2Fs03%2Fed&ref=s03-pg124&tree=published_page
person,gnd-11701348X,Hottingers,published_page,page,s03-pg124,http://rs4.ethz.ch/dts/document/?resource=https%3A%2F%2Fexample.org%2Fdts%2Fcollections%2Fhwgw%2Fs03%2Fed&ref=s03-pg124&tree=published_page
person,gnd-118636979,Zimmermann,published_page,page,s03-pg124,http://rs4.ethz.ch/dts/document/?resource=https%3A%2F%2Fexample.org%2Fdts%2Fcollections%2Fhwgw%2Fs03%2Fed&ref=s03-pg124&tree=published_page
person,gnd-118538969,Gessners,published_page,page,s03-pg124,http://rs4.ethz.ch/dts/document/?resource=https%3A%2F%2Fexample.org%2Fdts%2Fcollections%2Fhwgw%2Fs03%2Fed&ref=s03-pg124&tree=published_page
person,gnd-118636979,Zimmermann,published_page,page,s03-pg124,http://rs4.ethz.ch/dts/document/?resource=https%3A%2F%2Fexample.org%2Fdts%2Fcollections%2Fhwgw%2Fs03%2Fed&ref=s03-pg124&tree=published_page
place,gnd-4068038-1,Zürich,published_page,page,s03-pg124,http://rs4.ethz.ch/dts/document/?resource=https%3A%2F%2Fexample.org%2Fdts%2Fcollections%2Fhwgw%2Fs03%2Fed&ref=s03-pg124&tree=published_page
place,gnd-4015310-1,Erlibach,published_page,page,s03-pg124,http://rs4.ethz.ch/dts/document/?resource=https%3A%2F%2Fexample.org%2Fdts%2Fcollections%2Fhwgw%2Fs03%2Fed&ref=s03-pg124&tree=published_page
place,gnd-130231002X,vier Wachten,published_page,page,s03-pg124,http://rs4.ethz.ch/dts/document/?resource=https%3A%2F%2Fexample.org%2Fdts%2Fcollections%2Fhwgw%2Fs03%2Fed&ref=s03-pg124&tree=published_page
place,gnd-4054957-4,Hoch‑ und Frohnwälder,published_page,page,s03-pg124,http://rs4.ethz.ch/dts/document/?resource=https%3A%2F%2Fexample.org%2Fdts%2Fcollections%2Fhwgw%2Fs03%2Fed&ref=s03-pg124&tree=published_page
place,gnd-4068038-1,zürcherischen Freistaates,published_page,page,s03-pg124,http://rs4.ethz.ch/dts/document/?resource=https%3A%2F%2Fexample.org%2Fdts%2Fcollections%2Fhwgw%2Fs03%2Fed&ref=s03-pg124&tree=published_page
place,gnd-1061006522,Sommerwohnung,published_page,page,s03-pg124,http://rs4.ethz.ch/dts/document/?resource=https%3A%2F%2Fexample.org%2Fdts%2Fcollections%2Fhwgw%2Fs03%2Fed&ref=s03-pg124&tree=published_page
place,gnd-4054957-4,Sihlwald,published_page,page,s03-pg124,http://rs4.ethz.ch/dts/document/?resource=https%3A%2F%2Fexample.org%2Fdts%2Fcollections%2Fhwgw%2Fs03%2Fed&ref=s03-pg124&tree=published_page
place,gnd-4106215-2,Thalweil,published_page,page,s03-pg124,http://rs4.ethz.ch/dts/document/?resource=https%3A%2F%2Fexample.org%2Fdts%2Fcollections%2Fhwgw%2Fs03%2Fed&ref=s03-pg124&tree=published_page
person,gnd-116595671,Conrads,published_page,page,s03-pg124,http://rs4.ethz.ch/dts/document/?resource=https%3A%2F%2Fexample.org%2Fdts%2Fcollections%2Fhwgw%2Fs03%2Fed&ref=s03-pg124&tree=published_page
person,gnd-116595671,Conrad Gessners,published_page,page,s03-pg124,http://rs4.ethz.ch/dts/document/?resource=https%3A%2F%2Fexample.org%2Fdts%2Fcollections%2Fhwgw%2Fs03%2Fed&ref=s03-pg124&tree=published_page
place,gnd-4012995-0,Dresden,published_page,page,s03-pg124,http://rs4.ethz.ch/dts/document/?resource=https%3A%2F%2Fexample.org%2Fdts%2Fcollections%2Fhwgw%2Fs03%2Fed&ref=s03-pg124&tree=published_page
person,gnd-116600217,Heinrich,published_page,page,s03-pg125,http://rs4.ethz.ch/dts/document/?resource=https%3A%2F%2Fexample.org%2Fdts%2Fcollections%2Fhwgw%2Fs03%2Fed&ref=s03-pg125&tree=published_page
person,gnd-102121982,Steinbrüchel,published_page,page,s03-pg125,http://rs4.ethz.ch/dts/document/?resource=https%3A%2F%2Fexample.org%2Fdts%2Fcollections%2Fhwgw%2Fs03%2Fed&ref=s03-pg125&tree=published_page
person,gnd-135689112,Heidegger,published_page,page,s03-pg125,http://rs4.ethz.ch/dts/document/?resource=https%3A%2F%2Fexample.org%2Fdts%2Fcollections%2Fhwgw%2Fs03%2Fed&ref=s03-pg125&tree=published_page
person,gnd-118538969,Geßner,published_page,page,s03-pg125,http://rs4.ethz.ch/dts/document/?resource=https%3A%2F%2Fexample.org%2Fdts%2Fcollections%2Fhwgw%2Fs03%2Fed&ref=s03-pg125&tree=published_page
place,gnd-4053881-3,Schweiz,published_page,page,s03-pg125,http://rs4.ethz.ch/dts/document/?resource=https%3A%2F%2Fexample.org%2Fdts%2Fcollections%2Fhwgw%2Fs03%2Fed&ref=s03-pg125&tree=published_page
person,gnd-118731890,Matthison,published_page,page,s03-pg125,http://rs4.ethz.ch/dts/document/?resource=https%3A%2F%2Fexample.org%2Fdts%2Fcollections%2Fhwgw%2Fs03%2Fed&ref=s03-pg125&tree=published_page
place,gnd-1061006522,ländlichen Wohnung,published_page,page,s03-pg125,http://rs4.ethz.ch/dts/document/?resource=https%3A%2F%2Fexample.org%2Fdts%2Fcollections%2Fhwgw%2Fs03%2Fed&ref=s03-pg125&tree=published_page
place,gnd-4391290-4,Sihl,published_page,page,s03-pg125,http://rs4.ethz.ch/dts/document/?resource=https%3A%2F%2Fexample.org%2Fdts%2Fcollections%2Fhwgw%2Fs03%2Fed&ref=s03-pg125&tree=published_page
person,gnd-118731890,Matthisons,published_page,page,s03-pg125,http://rs4.ethz.ch/dts/document/?resource=https%3A%2F%2Fexample.org%2Fdts%2Fcollections%2Fhwgw%2Fs03%2Fed&ref=s03-pg125&tree=published_page
person,gnd-118656759,Bertola,published_page,page,s03-pg125,http://rs4.ethz.ch/dts/document/?resource=https%3A%2F%2Fexample.org%2Fdts%2Fcollections%2Fhwgw%2Fs03%2Fed&ref=s03-pg125&tree=published_page
person,gnd-118538969,Geßner,published_page,page,s03-pg125,http://rs4.ethz.ch/dts/document/?resource=https%3A%2F%2Fexample.org%2Fdts%2Fcollections%2Fhwgw%2Fs03%2Fed&ref=s03-pg125&tree=published_page
person,gnd-100227627,L. Meister,published_page,page,s03-pg125,http://rs4.ethz.ch/dts/document/?resource=https%3A%2F%2Fexample.org%2Fdts%2Fcollections%2Fhwgw%2Fs03%2Fed&ref=s03-pg125&tree=published_page
place,gnd-4068043-5,See,published_page,page,s03-pg125,http://rs4.ethz.ch/dts/document/?resource=https%3A%2F%2Fexample.org%2Fdts%2Fcollections%2Fhwgw%2Fs03%2Fed&ref=s03-pg125&tree=published_page
place,gnd-4106215-2,Thalweil,published_page,page,s03-pg125,http://rs4.ethz.ch/dts/document/?resource=https%3A%2F%2Fexample.org%2Fdts%2Fcollections%2Fhwgw%2Fs03%2Fed&ref=s03-pg125&tree=published_page
person,gnd-118538969,Geßnersche,published_page,page,s03-pg125,http://rs4.ethz.ch/dts/document/?resource=https%3A%2F%2Fexample.org%2Fdts%2Fcollections%2Fhwgw%2Fs03%2Fed&ref=s03-pg125&tree=published_page
person,gnd-118538969,Geßners,published_page,page,s03-pg125,http://rs4.ethz.ch/dts/document/?resource=https%3A%2F%2Fexample.org%2Fdts%2Fcollections%2Fhwgw%2Fs03%2Fed&ref=s03-pg125&tree=published_page
person,gnd-129209724,Judith,published_page,page,s03-pg125,http://rs4.ethz.ch/dts/document/?resource=https%3A%2F%2Fexample.org%2Fdts%2Fcollections%2Fhwgw%2Fs03%2Fed&ref=s03-pg125&tree=published_page
person,gnd-129209724,Judith Gessners,published_page,page,s03-pg125,http://rs4.ethz.ch/dts/document/?resource=https%3A%2F%2Fexample.org%2Fdts%2Fcollections%2Fhwgw%2Fs03%2Fed&ref=s03-pg125&tree=published_page
person,gnd-118538969,Gatten,published_page,page,s03-pg125,http://rs4.ethz.ch/dts/document/?resource=https%3A%2F%2Fexample.org%2Fdts%2Fcollections%2Fhwgw%2Fs03%2Fed&ref=s03-pg125&tree=published_page
person,gnd-116595671,Conrad,published_page,page,s03-pg125,http://rs4.ethz.ch/dts/document/?resource=https%3A%2F%2Fexample.org%2Fdts%2Fcollections%2Fhwgw%2Fs03%2Fed&ref=s03-pg125&tree=published_page
place,gnd-4068038-1,Zürich,published_page,page,s03-pg125,http://rs4.ethz.ch/dts/document/?resource=https%3A%2F%2Fexample.org%2Fdts%2Fcollections%2Fhwgw%2Fs03%2Fed&ref=s03-pg125&tree=published_page
person,gnd-118636979,Zimmermann,published_page,page,s03-pg125,http://rs4.ethz.ch/dts/document/?resource=https%3A%2F%2Fexample.org%2Fdts%2Fcollections%2Fhwgw%2Fs03%2Fed&ref=s03-pg125&tree=published_page
person,gnd-118731890,Matthison,published_page,page,s03-pg125,http://rs4.ethz.ch/dts/document/?resource=https%3A%2F%2Fexample.org%2Fdts%2Fcollections%2Fhwgw%2Fs03%2Fed&ref=s03-pg125&tree=published_page
person,gnd-118538969,Geßner,published_page,page,s03-pg125,http://rs4.ethz.ch/dts/document/?resource=https%3A%2F%2Fexample.org%2Fdts%2Fcollections%2Fhwgw%2Fs03%2Fed&ref=s03-pg125&tree=published_page
place,gnd-4669196-0,Newa,published_page,page,s03-pg125,http://rs4.ethz.ch/dts/document/?resource=https%3A%2F%2Fexample.org%2Fdts%2Fcollections%2Fhwgw%2Fs03%2Fed&ref=s03-pg125&tree=published_page
person,gnd-118731890,Matthissons,published_page,page,s03-pg125,http://rs4.ethz.ch/dts/document/?resource=https%3A%2F%2Fexample.org%2Fdts%2Fcollections%2Fhwgw%2Fs03%2Fed&ref=s03-pg125&tree=published_page
person,gnd-118538969,Gessner,published_page,page,s03-pg125,http://rs4.ethz.ch/dts/document/?resource=https%3A%2F%2Fexample.org%2Fdts%2Fcollections%2Fhwgw%2Fs03%2Fed&ref=s03-pg125&tree=published_page
place,gnd-4068038-1,Zürich,published_page,page,s03-pg125,http://rs4.ethz.ch/dts/document/?resource=https%3A%2F%2Fexample.org%2Fdts%2Fcollections%2Fhwgw%2Fs03%2Fed&ref=s03-pg125&tree=published_page
person,gnd-118716816,Madame de Genlis,published_page,page,s03-pg125,http://rs4.ethz.ch/dts/document/?resource=https%3A%2F%2Fexample.org%2Fdts%2Fcollections%2Fhwgw%2Fs03%2Fed&ref=s03-pg125&tree=published_page
person,gnd-118716816,Madame de Genlis,published_page,page,s03-pg125,http://rs4.ethz.ch/dts/document/?resource=https%3A%2F%2Fexample.org%2Fdts%2Fcollections%2Fhwgw%2Fs03%2Fed&ref=s03-pg125&tree=published_page
place,gnd-4068038-1,Zürich,published_page,page,s03-pg125,http://rs4.ethz.ch/dts/document/?resource=https%3A%2F%2Fexample.org%2Fdts%2Fcollections%2Fhwgw%2Fs03%2Fed&ref=s03-pg125&tree=published_page
person,gnd-118538969,Gessner,published_page,page,s03-pg125,http://rs4.ethz.ch/dts/document/?resource=https%3A%2F%2Fexample.org%2Fdts%2Fcollections%2Fhwgw%2Fs03%2Fed&ref=s03-pg125&tree=published_page
person,gnd-129209724,Madame Gessner,published_page,page,s03-pg125,http://rs4.ethz.ch/dts/document/?resource=https%3A%2F%2Fexample.org%2Fdts%2Fcollections%2Fhwgw%2Fs03%2Fed&ref=s03-pg125&tree=published_page
person,gnd-118538969,Gessner,published_page,page,s03-pg125,http://rs4.ethz.ch/dts/document/?resource=https%3A%2F%2Fexample.org%2Fdts%2Fcollections%2Fhwgw%2Fs03%2Fed&ref=s03-pg125&tree=published_page
person,gnd-118538969,Gessner,published_page,page,s03-pg125,http://rs4.ethz.ch/dts/document/?resource=https%3A%2F%2Fexample.org%2Fdts%2Fcollections%2Fhwgw%2Fs03%2Fed&ref=s03-pg125&tree=published_page
person,gnd-129209724,Frau Gessner,published_page,page,s03-pg125,http://rs4.ethz.ch/dts/document/?resource=https%3A%2F%2Fexample.org%2Fdts%2Fcollections%2Fhwgw%2Fs03%2Fed&ref=s03-pg125&tree=published_page
person,gnd-129209724,Gattin,published_page,page,s03-pg125,http://rs4.ethz.ch/dts/document/?resource=https%3A%2F%2Fexample.org%2Fdts%2Fcollections%2Fhwgw%2Fs03%2Fed&ref=s03-pg125&tree=published_page
person,gnd-118538969,Gessner,published_page,page,s03-pg125,http://rs4.ethz.ch/dts/document/?resource=https%3A%2F%2Fexample.org%2Fdts%2Fcollections%2Fhwgw%2Fs03%2Fed&ref=s03-pg125&tree=published_page
person,gnd-118634496,Wölfflin,published_page,page,s03-pg125,http://rs4.ethz.ch/dts/document/?resource=https%3A%2F%2Fexample.org%2Fdts%2Fcollections%2Fhwgw%2Fs03%2Fed&ref=s03-pg125&tree=published_page
person,gnd-118634496,Wölfflin,published_page,page,s03-pg126,http://rs4.ethz.ch/dts/document/?resource=https%3A%2F%2Fexample.org%2Fdts%2Fcollections%2Fhwgw%2Fs03%2Fed&ref=s03-pg126&tree=published_page
person,gnd-118633600,Winckelmann,published_page,page,s03-pg126,http://rs4.ethz.ch/dts/document/?resource=https%3A%2F%2Fexample.org%2Fdts%2Fcollections%2Fhwgw%2Fs03%2Fed&ref=s03-pg126&tree=published_page
person,gnd-118674315,Bronner,published_page,page,s03-pg126,http://rs4.ethz.ch/dts/document/?resource=https%3A%2F%2Fexample.org%2Fdts%2Fcollections%2Fhwgw%2Fs03%2Fed&ref=s03-pg126&tree=published_page
place,gnd-4068038-1,Zürich,published_page,page,s03-pg126,http://rs4.ethz.ch/dts/document/?resource=https%3A%2F%2Fexample.org%2Fdts%2Fcollections%2Fhwgw%2Fs03%2Fed&ref=s03-pg126&tree=published_page
person,gnd-118538969,Geßners,published_page,page,s03-pg126,http://rs4.ethz.ch/dts/document/?resource=https%3A%2F%2Fexample.org%2Fdts%2Fcollections%2Fhwgw%2Fs03%2Fed&ref=s03-pg126&tree=published_page
person,gnd-118674315,F.X. Bronners,published_page,page,s03-pg126,http://rs4.ethz.ch/dts/document/?resource=https%3A%2F%2Fexample.org%2Fdts%2Fcollections%2Fhwgw%2Fs03%2Fed&ref=s03-pg126&tree=published_page
person,gnd-118538969,Geßner,published_page,page,s03-pg126,http://rs4.ethz.ch/dts/document/?resource=https%3A%2F%2Fexample.org%2Fdts%2Fcollections%2Fhwgw%2Fs03%2Fed&ref=s03-pg126&tree=published_page
person,gnd-118538969,Geßners,published_page,page,s03-pg126,http://rs4.ethz.ch/dts/document/?resource=https%3A%2F%2Fexample.org%2Fdts%2Fcollections%2Fhwgw%2Fs03%2Fed&ref=s03-pg126&tree=published_page
person,gnd-118674315,Bronners,published_page,page,s03-pg126,http://rs4.ethz.ch/dts/document/?resource=https%3A%2F%2Fexample.org%2Fdts%2Fcollections%2Fhwgw%2Fs03%2Fed&ref=s03-pg126&tree=published_page
person,gnd-118538969,Geßner,published_page,page,s03-pg126,http://rs4.ethz.ch/dts/document/?resource=https%3A%2F%2Fexample.org%2Fdts%2Fcollections%2Fhwgw%2Fs03%2Fed&ref=s03-pg126&tree=published_page
person,gnd-118697064,Graff,published_page,page,s03-pg126,http://rs4.ethz.ch/dts/document/?resource=https%3A%2F%2Fexample.org%2Fdts%2Fcollections%2Fhwgw%2Fs03%2Fed&ref=s03-pg126&tree=published_page
person,gnd-129209724,Mamma,published_page,page,s03-pg126,http://rs4.ethz.ch/dts/document/?resource=https%3A%2F%2Fexample.org%2Fdts%2Fcollections%2Fhwgw%2Fs03%2Fed&ref=s03-pg126&tree=published_page
person,gnd-129209724,Mutter,published_page,page,s03-pg126,http://rs4.ethz.ch/dts/document/?resource=https%3A%2F%2Fexample.org%2Fdts%2Fcollections%2Fhwgw%2Fs03%2Fed&ref=s03-pg126&tree=published_page
person,gnd-118538969,Gessners,published_page,page,s03-pg126,http://rs4.ethz.ch/dts/document/?resource=https%3A%2F%2Fexample.org%2Fdts%2Fcollections%2Fhwgw%2Fs03%2Fed&ref=s03-pg126&tree=published_page
person,gnd-116595671,Conrad,published_page,page,s03-pg126,http://rs4.ethz.ch/dts/document/?resource=https%3A%2F%2Fexample.org%2Fdts%2Fcollections%2Fhwgw%2Fs03%2Fed&ref=s03-pg126&tree=published_page
place,gnd-4068038-1,Zürich,published_page,page,s03-pg126,http://rs4.ethz.ch/dts/document/?resource=https%3A%2F%2Fexample.org%2Fdts%2Fcollections%2Fhwgw%2Fs03%2Fed&ref=s03-pg126&tree=published_page
person,gnd-118636979,Zimmermann,published_page,page,s03-pg126,http://rs4.ethz.ch/dts/document/?resource=https%3A%2F%2Fexample.org%2Fdts%2Fcollections%2Fhwgw%2Fs03%2Fed&ref=s03-pg126&tree=published_page
person,gnd-118697064,Graff,published_page,page,s03-pg126,http://rs4.ethz.ch/dts/document/?resource=https%3A%2F%2Fexample.org%2Fdts%2Fcollections%2Fhwgw%2Fs03%2Fed&ref=s03-pg126&tree=published_page
person,gnd-118697064,Graff,published_page,page,s03-pg126,http://rs4.ethz.ch/dts/document/?resource=https%3A%2F%2Fexample.org%2Fdts%2Fcollections%2Fhwgw%2Fs03%2Fed&ref=s03-pg126&tree=published_page
object,object-Bildnis-Salomon-35,1770,published_page,page,s03-pg126,http://rs4.ethz.ch/dts/document/?resource=https%3A%2F%2Fexample.org%2Fdts%2Fcollections%2Fhwgw%2Fs03%2Fed&ref=s03-pg126&tree=published_page
object,object-Bildnis-Salomon-0,1783,published_page,page,s03-pg126,http://rs4.ethz.ch/dts/document/?resource=https%3A%2F%2Fexample.org%2Fdts%2Fcollections%2Fhwgw%2Fs03%2Fed&ref=s03-pg126&tree=published_page
person,gnd-116096438,J.F. Bause,published_page,page,s03-pg126,http://rs4.ethz.ch/dts/document/?resource=https%3A%2F%2Fexample.org%2Fdts%2Fcollections%2Fhwgw%2Fs03%2Fed&ref=s03-pg126&tree=published_page
object,object-Salomon-Gessner-22,1771,published_page,page,s03-pg126,http://rs4.ethz.ch/dts/document/?resource=https%3A%2F%2Fexample.org%2Fdts%2Fcollections%2Fhwgw%2Fs03%2Fed&ref=s03-pg126&tree=published_page
person,gnd-116417722,M.G. Eichler,published_page,page,s03-pg126,http://rs4.ethz.ch/dts/document/?resource=https%3A%2F%2Fexample.org%2Fdts%2Fcollections%2Fhwgw%2Fs03%2Fed&ref=s03-pg126&tree=published_page
object,object-Salomon-Gessner-25,1783,published_page,page,s03-pg126,http://rs4.ethz.ch/dts/document/?resource=https%3A%2F%2Fexample.org%2Fdts%2Fcollections%2Fhwgw%2Fs03%2Fed&ref=s03-pg126&tree=published_page
object,object-Salomon-Gessner-33,Stich,published_page,page,s03-pg126,http://rs4.ethz.ch/dts/document/?resource=https%3A%2F%2Fexample.org%2Fdts%2Fcollections%2Fhwgw%2Fs03%2Fed&ref=s03-pg126&tree=published_page
person,gnd-118968416,Schellenberg,published_page,page,s03-pg126,http://rs4.ethz.ch/dts/document/?resource=https%3A%2F%2Fexample.org%2Fdts%2Fcollections%2Fhwgw%2Fs03%2Fed&ref=s03-pg126&tree=published_page
person,gnd-118538969,Geßner,published_page,page,s03-pg126,http://rs4.ethz.ch/dts/document/?resource=https%3A%2F%2Fexample.org%2Fdts%2Fcollections%2Fhwgw%2Fs03%2Fed&ref=s03-pg126&tree=published_page
person,gnd-118697064,Graff,published_page,page,s03-pg126,http://rs4.ethz.ch/dts/document/?resource=https%3A%2F%2Fexample.org%2Fdts%2Fcollections%2Fhwgw%2Fs03%2Fed&ref=s03-pg126&tree=published_page
person,gnd-116898186,H. Lempertz,published_page,page,s03-pg126,http://rs4.ethz.ch/dts/document/?resource=https%3A%2F%2Fexample.org%2Fdts%2Fcollections%2Fhwgw%2Fs03%2Fed&ref=s03-pg126&tree=published_page
place,gnd-4031483-2,Köln,published_page,page,s03-pg126,http://rs4.ethz.ch/dts/document/?resource=https%3A%2F%2Fexample.org%2Fdts%2Fcollections%2Fhwgw%2Fs03%2Fed&ref=s03-pg126&tree=published_page
person,gnd-118671499,Denon,published_page,page,s03-pg126,http://rs4.ethz.ch/dts/document/?resource=https%3A%2F%2Fexample.org%2Fdts%2Fcollections%2Fhwgw%2Fs03%2Fed&ref=s03-pg126&tree=published_page
person,gnd-118794078,S. Aubin,published_page,page,s03-pg126,http://rs4.ethz.ch/dts/document/?resource=https%3A%2F%2Fexample.org%2Fdts%2Fcollections%2Fhwgw%2Fs03%2Fed&ref=s03-pg126&tree=published_page
object,object-Portrt-Salomon-G-32,gestochen ist,published_page,page,s03-pg126,http://rs4.ethz.ch/dts/document/?resource=https%3A%2F%2Fexample.org%2Fdts%2Fcollections%2Fhwgw%2Fs03%2Fed&ref=s03-pg126&tree=published_page
organisation,gnd-17078-1,Stadtbibliothek,published_page,page,s03-pg126,http://rs4.ethz.ch/dts/document/?resource=https%3A%2F%2Fexample.org%2Fdts%2Fcollections%2Fhwgw%2Fs03%2Fed&ref=s03-pg126&tree=published_page
place,gnd-4068038-1,Zürich,published_page,page,s03-pg126,http://rs4.ethz.ch/dts/document/?resource=https%3A%2F%2Fexample.org%2Fdts%2Fcollections%2Fhwgw%2Fs03%2Fed&ref=s03-pg126&tree=published_page
person,gnd-119148455,Trippel,published_page,page,s03-pg126,http://rs4.ethz.ch/dts/document/?resource=https%3A%2F%2Fexample.org%2Fdts%2Fcollections%2Fhwgw%2Fs03%2Fed&ref=s03-pg126&tree=published_page
object,gnd-105067443X,Sihlpromenade,published_page,page,s03-pg126,http://rs4.ethz.ch/dts/document/?resource=https%3A%2F%2Fexample.org%2Fdts%2Fcollections%2Fhwgw%2Fs03%2Fed&ref=s03-pg126&tree=published_page
place,gnd-4068038-1,Zürich,published_page,page,s03-pg126,http://rs4.ethz.ch/dts/document/?resource=https%3A%2F%2Fexample.org%2Fdts%2Fcollections%2Fhwgw%2Fs03%2Fed&ref=s03-pg126&tree=published_page
person,gnd-118697064,Anton Graff,published_page,page,s03-pg126,http://rs4.ethz.ch/dts/document/?resource=https%3A%2F%2Fexample.org%2Fdts%2Fcollections%2Fhwgw%2Fs03%2Fed&ref=s03-pg126&tree=published_page
object,object-Bildnis-Salomon-35,Bildnis Salomon Gessner,published_page,page,s03-pg126,http://rs4.ethz.ch/dts/document/?resource=https%3A%2F%2Fexample.org%2Fdts%2Fcollections%2Fhwgw%2Fs03%2Fed&ref=s03-pg126&tree=published_page
object,object-Bildnis-Salomon-0,Bildnis Salomon Gessner,published_page,page,s03-pg126,http://rs4.ethz.ch/dts/document/?resource=https%3A%2F%2Fexample.org%2Fdts%2Fcollections%2Fhwgw%2Fs03%2Fed&ref=s03-pg126&tree=published_page
person,gnd-116096438,Johann Friedrich Bause,published_page,page,s03-pg126,http://rs4.ethz.ch/dts/document/?resource=https%3A%2F%2Fexample.org%2Fdts%2Fcollections%2Fhwgw%2Fs03%2Fed&ref=s03-pg126&tree=published_page
person,gnd-118697064,Anton Graff,published_page,page,s03-pg126,http://rs4.ethz.ch/dts/document/?resource=https%3A%2F%2Fexample.org%2Fdts%2Fcollections%2Fhwgw%2Fs03%2Fed&ref=s03-pg126&tree=published_page
object,object-Salomon-Gessner-22,Salomon Gessner im Alter von 36 Jahren,published_page,page,s03-pg126,http://rs4.ethz.ch/dts/document/?resource=https%3A%2F%2Fexample.org%2Fdts%2Fcollections%2Fhwgw%2Fs03%2Fed&ref=s03-pg126&tree=published_page
person,gnd-116417722,Matthias Gottfried Eichler,published_page,page,s03-pg126,http://rs4.ethz.ch/dts/document/?resource=https%3A%2F%2Fexample.org%2Fdts%2Fcollections%2Fhwgw%2Fs03%2Fed&ref=s03-pg126&tree=published_page
person,gnd-118697064,Anton Graff,published_page,page,s03-pg126,http://rs4.ethz.ch/dts/document/?resource=https%3A%2F%2Fexample.org%2Fdts%2Fcollections%2Fhwgw%2Fs03%2Fed&ref=s03-pg126&tree=published_page
object,object-Salomon-Gessner-25,Salomon Gessner im Alter von 51 Jahren,published_page,page,s03-pg126,http://rs4.ethz.ch/dts/document/?resource=https%3A%2F%2Fexample.org%2Fdts%2Fcollections%2Fhwgw%2Fs03%2Fed&ref=s03-pg126&tree=published_page
person,gnd-118968416,Johann Rudolf Schellenbergs,published_page,page,s03-pg126,http://rs4.ethz.ch/dts/document/?resource=https%3A%2F%2Fexample.org%2Fdts%2Fcollections%2Fhwgw%2Fs03%2Fed&ref=s03-pg126&tree=published_page
person,gnd-120663171,Johann Melchior Wyrsch,published_page,page,s03-pg126,http://rs4.ethz.ch/dts/document/?resource=https%3A%2F%2Fexample.org%2Fdts%2Fcollections%2Fhwgw%2Fs03%2Fed&ref=s03-pg126&tree=published_page
object,object-Salomon-Gessner-33,Salomon Gessner im Alter von ungefähr 35 Jahren,published_page,page,s03-pg126,http://rs4.ethz.ch/dts/document/?resource=https%3A%2F%2Fexample.org%2Fdts%2Fcollections%2Fhwgw%2Fs03%2Fed&ref=s03-pg126&tree=published_page
person,gnd-118794078,Augustin de Saint-Aubin,published_page,page,s03-pg126,http://rs4.ethz.ch/dts/document/?resource=https%3A%2F%2Fexample.org%2Fdts%2Fcollections%2Fhwgw%2Fs03%2Fed&ref=s03-pg126&tree=published_page
person,gnd-118671499,Dominique Vivant Denon,published_page,page,s03-pg126,http://rs4.ethz.ch/dts/document/?resource=https%3A%2F%2Fexample.org%2Fdts%2Fcollections%2Fhwgw%2Fs03%2Fed&ref=s03-pg126&tree=published_page
object,object-Portrt-Salomon-G-32,Porträt Salomon Gessners,published_page,page,s03-pg126,http://rs4.ethz.ch/dts/document/?resource=https%3A%2F%2Fexample.org%2Fdts%2Fcollections%2Fhwgw%2Fs03%2Fed&ref=s03-pg126&tree=published_page
organisation,gnd-1012546-2,ZB ZH,published_page,page,s03-pg126,http://rs4.ethz.ch/dts/document/?resource=https%3A%2F%2Fexample.org%2Fdts%2Fcollections%2Fhwgw%2Fs03%2Fed&ref=s03-pg126&tree=published_page
organisation,gnd-1012546-2,ZB ZH,published_page,page,s03-pg126,http://rs4.ethz.ch/dts/document/?resource=https%3A%2F%2Fexample.org%2Fdts%2Fcollections%2Fhwgw%2Fs03%2Fed&ref=s03-pg126&tree=published_page
person,gnd-1017885060,Michel-Vincent Brandoin,published_page,page,s03-pg126,http://rs4.ethz.ch/dts/document/?resource=https%3A%2F%2Fexample.org%2Fdts%2Fcollections%2Fhwgw%2Fs03%2Fed&ref=s03-pg126&tree=published_page
person,gnd-119148455,Alexander Trippel,published_page,page,s03-pg126,http://rs4.ethz.ch/dts/document/?resource=https%3A%2F%2Fexample.org%2Fdts%2Fcollections%2Fhwgw%2Fs03%2Fed&ref=s03-pg126&tree=published_page
object,gnd-105067443X,Denkmal Salomon Gessner,published_page,page,s03-pg126,http://rs4.ethz.ch/dts/document/?resource=https%3A%2F%2Fexample.org%2Fdts%2Fcollections%2Fhwgw%2Fs03%2Fed&ref=s03-pg126&tree=published_page
place,gnd-4068038-1,Zürich,published_page,page,s03-pg126,http://rs4.ethz.ch/dts/document/?resource=https%3A%2F%2Fexample.org%2Fdts%2Fcollections%2Fhwgw%2Fs03%2Fed&ref=s03-pg126&tree=published_page
place,gnd-4420481-4,Platzspitz,published_page,page,s03-pg126,http://rs4.ethz.ch/dts/document/?resource=https%3A%2F%2Fexample.org%2Fdts%2Fcollections%2Fhwgw%2Fs03%2Fed&ref=s03-pg126&tree=published_page
person,gnd-135708494,Joseph Anton Maria Christen,published_page,page,s03-pg126,http://rs4.ethz.ch/dts/document/?resource=https%3A%2F%2Fexample.org%2Fdts%2Fcollections%2Fhwgw%2Fs03%2Fed&ref=s03-pg126&tree=published_page
person,gnd-119148455,Trippel,published_page,page,s03-pg126,http://rs4.ethz.ch/dts/document/?resource=https%3A%2F%2Fexample.org%2Fdts%2Fcollections%2Fhwgw%2Fs03%2Fed&ref=s03-pg126&tree=published_page
object,object-Daphnis-und-Mico-15,Daphnis und Micon,published_page,page,s03-pg126,http://rs4.ethz.ch/dts/document/?resource=https%3A%2F%2Fexample.org%2Fdts%2Fcollections%2Fhwgw%2Fs03%2Fed&ref=s03-pg126&tree=published_page
place,gnd-4068038-1,Zürich,published_page,page,s03-pg126,http://rs4.ethz.ch/dts/document/?resource=https%3A%2F%2Fexample.org%2Fdts%2Fcollections%2Fhwgw%2Fs03%2Fed&ref=s03-pg126&tree=published_page
organisation,gnd-16061456-9,Landesmuseum,published_page,page,s03-pg126,http://rs4.ethz.ch/dts/document/?resource=https%3A%2F%2Fexample.org%2Fdts%2Fcollections%2Fhwgw%2Fs03%2Fed&ref=s03-pg126&tree=published_page
object,object-Bildnis-Medaillo-21,Bildnis-Medaillon Salomon Gessner,published_page,page,s03-pg126,http://rs4.ethz.ch/dts/document/?resource=https%3A%2F%2Fexample.org%2Fdts%2Fcollections%2Fhwgw%2Fs03%2Fed&ref=s03-pg126&tree=published_page
place,gnd-4051993-4,Schaffhausen,published_page,page,s03-pg126,http://rs4.ethz.ch/dts/document/?resource=https%3A%2F%2Fexample.org%2Fdts%2Fcollections%2Fhwgw%2Fs03%2Fed&ref=s03-pg126&tree=published_page
organisation,gnd-1007556-2,Museum zu Allerheiligen,published_page,page,s03-pg126,http://rs4.ethz.ch/dts/document/?resource=https%3A%2F%2Fexample.org%2Fdts%2Fcollections%2Fhwgw%2Fs03%2Fed&ref=s03-pg126&tree=published_page
object,object-Buste-von-Salomo-17,Büste von Salomon Gessner am Denkmal Salomon Gessner,published_page,page,s03-pg126,http://rs4.ethz.ch/dts/document/?resource=https%3A%2F%2Fexample.org%2Fdts%2Fcollections%2Fhwgw%2Fs03%2Fed&ref=s03-pg126&tree=published_page
person,gnd-118634496,Wölfflin,published_page,page,s03-pg126,http://rs4.ethz.ch/dts/document/?resource=https%3A%2F%2Fexample.org%2Fdts%2Fcollections%2Fhwgw%2Fs03%2Fed&ref=s03-pg126&tree=published_page
person,gnd-135708494,Christen,published_page,page,s03-pg126,http://rs4.ethz.ch/dts/document/?resource=https%3A%2F%2Fexample.org%2Fdts%2Fcollections%2Fhwgw%2Fs03%2Fed&ref=s03-pg126&tree=published_page
person,gnd-118538969,Gessners,published_page,page,s03-pg126,http://rs4.ethz.ch/dts/document/?resource=https%3A%2F%2Fexample.org%2Fdts%2Fcollections%2Fhwgw%2Fs03%2Fed&ref=s03-pg126&tree=published_page
person,gnd-118697064,Graff,published_page,page,s03-pg126,http://rs4.ethz.ch/dts/document/?resource=https%3A%2F%2Fexample.org%2Fdts%2Fcollections%2Fhwgw%2Fs03%2Fed&ref=s03-pg126&tree=published_page
person,gnd-118634496,Wölfflins,published_page,page,s03-pg126,http://rs4.ethz.ch/dts/document/?resource=https%3A%2F%2Fexample.org%2Fdts%2Fcollections%2Fhwgw%2Fs03%2Fed&ref=s03-pg126&tree=published_page
person,gnd-118538969,Geßner,published_page,page,s03-pg127,http://rs4.ethz.ch/dts/document/?resource=https%3A%2F%2Fexample.org%2Fdts%2Fcollections%2Fhwgw%2Fs03%2Fed&ref=s03-pg127&tree=published_page
person,gnd-11701348X,Hottingers,published_page,page,s03-pg127,http://rs4.ethz.ch/dts/document/?resource=https%3A%2F%2Fexample.org%2Fdts%2Fcollections%2Fhwgw%2Fs03%2Fed&ref=s03-pg127&tree=published_page
person,gnd-11701348X,Hottingers,published_page,page,s03-pg127,http://rs4.ethz.ch/dts/document/?resource=https%3A%2F%2Fexample.org%2Fdts%2Fcollections%2Fhwgw%2Fs03%2Fed&ref=s03-pg127&tree=published_page
person,gnd-118634496,Wölfflin,published_page,page,s03-pg127,http://rs4.ethz.ch/dts/document/?resource=https%3A%2F%2Fexample.org%2Fdts%2Fcollections%2Fhwgw%2Fs03%2Fed&ref=s03-pg127&tree=published_page
person,gnd-116600217,Heinrich,published_page,page,s03-pg127,http://rs4.ethz.ch/dts/document/?resource=https%3A%2F%2Fexample.org%2Fdts%2Fcollections%2Fhwgw%2Fs03%2Fed&ref=s03-pg127&tree=published_page
person,gnd-116595671,Bruder,published_page,page,s03-pg127,http://rs4.ethz.ch/dts/document/?resource=https%3A%2F%2Fexample.org%2Fdts%2Fcollections%2Fhwgw%2Fs03%2Fed&ref=s03-pg127&tree=published_page
place,gnd-4050471-2,Rom,published_page,page,s03-pg127,http://rs4.ethz.ch/dts/document/?resource=https%3A%2F%2Fexample.org%2Fdts%2Fcollections%2Fhwgw%2Fs03%2Fed&ref=s03-pg127&tree=published_page
person,gnd-116600217,Heinrich Gessners,published_page,page,s03-pg127,http://rs4.ethz.ch/dts/document/?resource=https%3A%2F%2Fexample.org%2Fdts%2Fcollections%2Fhwgw%2Fs03%2Fed&ref=s03-pg127&tree=published_page
person,gnd-116595671,Conrad,published_page,page,s03-pg127,http://rs4.ethz.ch/dts/document/?resource=https%3A%2F%2Fexample.org%2Fdts%2Fcollections%2Fhwgw%2Fs03%2Fed&ref=s03-pg127&tree=published_page
place,gnd-4068038-1,Zürich,published_page,page,s03-pg127,http://rs4.ethz.ch/dts/document/?resource=https%3A%2F%2Fexample.org%2Fdts%2Fcollections%2Fhwgw%2Fs03%2Fed&ref=s03-pg127&tree=published_page
place,gnd-4068038-1,Zürich,published_page,page,s03-pg127,http://rs4.ethz.ch/dts/document/?resource=https%3A%2F%2Fexample.org%2Fdts%2Fcollections%2Fhwgw%2Fs03%2Fed&ref=s03-pg127&tree=published_page
person,gnd-118538969,Geßners,published_page,page,s03-pg127,http://rs4.ethz.ch/dts/document/?resource=https%3A%2F%2Fexample.org%2Fdts%2Fcollections%2Fhwgw%2Fs03%2Fed&ref=s03-pg127&tree=published_page
person,gnd-118538969,Geßnern,published_page,page,s03-pg127,http://rs4.ethz.ch/dts/document/?resource=https%3A%2F%2Fexample.org%2Fdts%2Fcollections%2Fhwgw%2Fs03%2Fed&ref=s03-pg127&tree=published_page
person,gnd-118634496,Wölfflin,published_page,page,s03-pg127,http://rs4.ethz.ch/dts/document/?resource=https%3A%2F%2Fexample.org%2Fdts%2Fcollections%2Fhwgw%2Fs03%2Fed&ref=s03-pg127&tree=published_page
person,gnd-1089110189,Heinrich Neeracher,published_page,page,s03-pg127,http://rs4.ethz.ch/dts/document/?resource=https%3A%2F%2Fexample.org%2Fdts%2Fcollections%2Fhwgw%2Fs03%2Fed&ref=s03-pg127&tree=published_page
person,gnd-118717758,Gleim,published_page,page,s03-pg127,http://rs4.ethz.ch/dts/document/?resource=https%3A%2F%2Fexample.org%2Fdts%2Fcollections%2Fhwgw%2Fs03%2Fed&ref=s03-pg127&tree=published_page
person,gnd-118538969,Geßner,published_page,page,s03-pg127,http://rs4.ethz.ch/dts/document/?resource=https%3A%2F%2Fexample.org%2Fdts%2Fcollections%2Fhwgw%2Fs03%2Fed&ref=s03-pg127&tree=published_page
place,gnd-4011882-4,Deutschland,published_page,page,s03-pg127,http://rs4.ethz.ch/dts/document/?resource=https%3A%2F%2Fexample.org%2Fdts%2Fcollections%2Fhwgw%2Fs03%2Fed&ref=s03-pg127&tree=published_page
place,gnd-4018145-5,Frankreich,published_page,page,s03-pg127,http://rs4.ethz.ch/dts/document/?resource=https%3A%2F%2Fexample.org%2Fdts%2Fcollections%2Fhwgw%2Fs03%2Fed&ref=s03-pg127&tree=published_page
person,gnd-11560720X,Kardinal von Bernis,published_page,page,s03-pg127,http://rs4.ethz.ch/dts/document/?resource=https%3A%2F%2Fexample.org%2Fdts%2Fcollections%2Fhwgw%2Fs03%2Fed&ref=s03-pg127&tree=published_page
person,gnd-116595671,Sohn,published_page,page,s03-pg127,http://rs4.ethz.ch/dts/document/?resource=https%3A%2F%2Fexample.org%2Fdts%2Fcollections%2Fhwgw%2Fs03%2Fed&ref=s03-pg127&tree=published_page
place,gnd-4018145-5,Frankreich,published_page,page,s03-pg127,http://rs4.ethz.ch/dts/document/?resource=https%3A%2F%2Fexample.org%2Fdts%2Fcollections%2Fhwgw%2Fs03%2Fed&ref=s03-pg127&tree=published_page
place,gnd-4018145-5,Frankreich,published_page,page,s03-pg127,http://rs4.ethz.ch/dts/document/?resource=https%3A%2F%2Fexample.org%2Fdts%2Fcollections%2Fhwgw%2Fs03%2Fed&ref=s03-pg127&tree=published_page
person,gnd-118538969,Salomon Gessners,published_page,page,s03-pg127,http://rs4.ethz.ch/dts/document/?resource=https%3A%2F%2Fexample.org%2Fdts%2Fcollections%2Fhwgw%2Fs03%2Fed&ref=s03-pg127&tree=published_page
person,gnd-11560720X,Kardinal François-Joachim de Pierre de Bernis,published_page,page,s03-pg127,http://rs4.ethz.ch/dts/document/?resource=https%3A%2F%2Fexample.org%2Fdts%2Fcollections%2Fhwgw%2Fs03%2Fed&ref=s03-pg127&tree=published_page
person,gnd-116600217,Heinrich Gessners,published_page,page,s03-pg127,http://rs4.ethz.ch/dts/document/?resource=https%3A%2F%2Fexample.org%2Fdts%2Fcollections%2Fhwgw%2Fs03%2Fed&ref=s03-pg127&tree=published_page
person,gnd-116595671,Conrad,published_page,page,s03-pg127,http://rs4.ethz.ch/dts/document/?resource=https%3A%2F%2Fexample.org%2Fdts%2Fcollections%2Fhwgw%2Fs03%2Fed&ref=s03-pg127&tree=published_page
place,gnd-4068038-1,Zürich,published_page,page,s03-pg127,http://rs4.ethz.ch/dts/document/?resource=https%3A%2F%2Fexample.org%2Fdts%2Fcollections%2Fhwgw%2Fs03%2Fed&ref=s03-pg127&tree=published_page
place,gnd-4027833-5,Italien,published_page,page,s03-pg127,http://rs4.ethz.ch/dts/document/?resource=https%3A%2F%2Fexample.org%2Fdts%2Fcollections%2Fhwgw%2Fs03%2Fed&ref=s03-pg127&tree=published_page
place,gnd-4014770-8,England,published_page,page,s03-pg128,http://rs4.ethz.ch/dts/document/?resource=https%3A%2F%2Fexample.org%2Fdts%2Fcollections%2Fhwgw%2Fs03%2Fed&ref=s03-pg128&tree=published_page
person,gnd-118538969,Geßner,published_page,page,s03-pg128,http://rs4.ethz.ch/dts/document/?resource=https%3A%2F%2Fexample.org%2Fdts%2Fcollections%2Fhwgw%2Fs03%2Fed&ref=s03-pg128&tree=published_page
person,gnd-123972000,S.H. Grimm,published_page,page,s03-pg128,http://rs4.ethz.ch/dts/document/?resource=https%3A%2F%2Fexample.org%2Fdts%2Fcollections%2Fhwgw%2Fs03%2Fed&ref=s03-pg128&tree=published_page
person,gnd-118538969,Geßner,published_page,page,s03-pg128,http://rs4.ethz.ch/dts/document/?resource=https%3A%2F%2Fexample.org%2Fdts%2Fcollections%2Fhwgw%2Fs03%2Fed&ref=s03-pg128&tree=published_page
place,gnd-4014770-8,England,published_page,page,s03-pg128,http://rs4.ethz.ch/dts/document/?resource=https%3A%2F%2Fexample.org%2Fdts%2Fcollections%2Fhwgw%2Fs03%2Fed&ref=s03-pg128&tree=published_page
place,gnd-4051993-4,Schaffhausen,published_page,page,s03-pg128,http://rs4.ethz.ch/dts/document/?resource=https%3A%2F%2Fexample.org%2Fdts%2Fcollections%2Fhwgw%2Fs03%2Fed&ref=s03-pg128&tree=published_page
person,gnd-118634496,Wölfflin,published_page,page,s03-pg128,http://rs4.ethz.ch/dts/document/?resource=https%3A%2F%2Fexample.org%2Fdts%2Fcollections%2Fhwgw%2Fs03%2Fed&ref=s03-pg128&tree=published_page
person,gnd-123972000,Samuel Hieronymus Grimm,published_page,page,s03-pg128,http://rs4.ethz.ch/dts/document/?resource=https%3A%2F%2Fexample.org%2Fdts%2Fcollections%2Fhwgw%2Fs03%2Fed&ref=s03-pg128&tree=published_page
person,gnd-118538969,Salomon Gessner,published_page,page,s03-pg128,http://rs4.ethz.ch/dts/document/?resource=https%3A%2F%2Fexample.org%2Fdts%2Fcollections%2Fhwgw%2Fs03%2Fed&ref=s03-pg128&tree=published_page
organisation,gnd-1012546-2,ZB ZH,published_page,page,s03-pg128,http://rs4.ethz.ch/dts/document/?resource=https%3A%2F%2Fexample.org%2Fdts%2Fcollections%2Fhwgw%2Fs03%2Fed&ref=s03-pg128&tree=published_page
person,gnd-118538969,Geßner,published_page,page,s03-pg128,http://rs4.ethz.ch/dts/document/?resource=https%3A%2F%2Fexample.org%2Fdts%2Fcollections%2Fhwgw%2Fs03%2Fed&ref=s03-pg128&tree=published_page
person,gnd-119025701,Blanckenburgs,published_page,page,s03-pg128,http://rs4.ethz.ch/dts/document/?resource=https%3A%2F%2Fexample.org%2Fdts%2Fcollections%2Fhwgw%2Fs03%2Fed&ref=s03-pg128&tree=published_page
person,gnd-11879941X,Sulzer,published_page,page,s03-pg128,http://rs4.ethz.ch/dts/document/?resource=https%3A%2F%2Fexample.org%2Fdts%2Fcollections%2Fhwgw%2Fs03%2Fed&ref=s03-pg128&tree=published_page
person,gnd-118538969,Salomon Gessner,published_page,page,s03-pg128,http://rs4.ethz.ch/dts/document/?resource=https%3A%2F%2Fexample.org%2Fdts%2Fcollections%2Fhwgw%2Fs03%2Fed&ref=s03-pg128&tree=published_page
place,gnd-4011882-4,Deutschland,published_page,page,s03-pg128,http://rs4.ethz.ch/dts/document/?resource=https%3A%2F%2Fexample.org%2Fdts%2Fcollections%2Fhwgw%2Fs03%2Fed&ref=s03-pg128&tree=published_page
person,gnd-118538969,Geßners,published_page,page,s03-pg128,http://rs4.ethz.ch/dts/document/?resource=https%3A%2F%2Fexample.org%2Fdts%2Fcollections%2Fhwgw%2Fs03%2Fed&ref=s03-pg128&tree=published_page
person,gnd-118535749,Friedrich der Große,published_page,page,s03-pg128,http://rs4.ethz.ch/dts/document/?resource=https%3A%2F%2Fexample.org%2Fdts%2Fcollections%2Fhwgw%2Fs03%2Fed&ref=s03-pg128&tree=published_page
person,gnd-117470902,Seufferts,published_page,page,s03-pg128,http://rs4.ethz.ch/dts/document/?resource=https%3A%2F%2Fexample.org%2Fdts%2Fcollections%2Fhwgw%2Fs03%2Fed&ref=s03-pg128&tree=published_page
person,gnd-118538969,Geßner,published_page,page,s03-pg128,http://rs4.ethz.ch/dts/document/?resource=https%3A%2F%2Fexample.org%2Fdts%2Fcollections%2Fhwgw%2Fs03%2Fed&ref=s03-pg128&tree=published_page
person,gnd-118538322,Gellert,published_page,page,s03-pg128,http://rs4.ethz.ch/dts/document/?resource=https%3A%2F%2Fexample.org%2Fdts%2Fcollections%2Fhwgw%2Fs03%2Fed&ref=s03-pg128&tree=published_page
person,gnd-119171090,Canitz,published_page,page,s03-pg128,http://rs4.ethz.ch/dts/document/?resource=https%3A%2F%2Fexample.org%2Fdts%2Fcollections%2Fhwgw%2Fs03%2Fed&ref=s03-pg128&tree=published_page
person,gnd-118538322,Gellert,published_page,page,s03-pg128,http://rs4.ethz.ch/dts/document/?resource=https%3A%2F%2Fexample.org%2Fdts%2Fcollections%2Fhwgw%2Fs03%2Fed&ref=s03-pg128&tree=published_page
person,gnd-118593730,Phädrus,published_page,page,s03-pg128,http://rs4.ethz.ch/dts/document/?resource=https%3A%2F%2Fexample.org%2Fdts%2Fcollections%2Fhwgw%2Fs03%2Fed&ref=s03-pg128&tree=published_page
person,gnd-118647180,Äsop,published_page,page,s03-pg128,http://rs4.ethz.ch/dts/document/?resource=https%3A%2F%2Fexample.org%2Fdts%2Fcollections%2Fhwgw%2Fs03%2Fed&ref=s03-pg128&tree=published_page
person,gnd-119171090,Canitz,published_page,page,s03-pg128,http://rs4.ethz.ch/dts/document/?resource=https%3A%2F%2Fexample.org%2Fdts%2Fcollections%2Fhwgw%2Fs03%2Fed&ref=s03-pg128&tree=published_page
person,gnd-118538969,Gessner,published_page,page,s03-pg128,http://rs4.ethz.ch/dts/document/?resource=https%3A%2F%2Fexample.org%2Fdts%2Fcollections%2Fhwgw%2Fs03%2Fed&ref=s03-pg128&tree=published_page
person,gnd-118519719,Catulle,published_page,page,s03-pg128,http://rs4.ethz.ch/dts/document/?resource=https%3A%2F%2Fexample.org%2Fdts%2Fcollections%2Fhwgw%2Fs03%2Fed&ref=s03-pg128&tree=published_page
person,gnd-11862251X,Tibulle,published_page,page,s03-pg128,http://rs4.ethz.ch/dts/document/?resource=https%3A%2F%2Fexample.org%2Fdts%2Fcollections%2Fhwgw%2Fs03%2Fed&ref=s03-pg128&tree=published_page
person,gnd-118596764,Properce,published_page,page,s03-pg128,http://rs4.ethz.ch/dts/document/?resource=https%3A%2F%2Fexample.org%2Fdts%2Fcollections%2Fhwgw%2Fs03%2Fed&ref=s03-pg128&tree=published_page
person,gnd-118538969,Geßner,published_page,page,s03-pg128,http://rs4.ethz.ch/dts/document/?resource=https%3A%2F%2Fexample.org%2Fdts%2Fcollections%2Fhwgw%2Fs03%2Fed&ref=s03-pg128&tree=published_page
person,gnd-11862251X,Tibull,published_page,page,s03-pg128,http://rs4.ethz.ch/dts/document/?resource=https%3A%2F%2Fexample.org%2Fdts%2Fcollections%2Fhwgw%2Fs03%2Fed&ref=s03-pg128&tree=published_page
person,gnd-118519719,Catull,published_page,page,s03-pg128,http://rs4.ethz.ch/dts/document/?resource=https%3A%2F%2Fexample.org%2Fdts%2Fcollections%2Fhwgw%2Fs03%2Fed&ref=s03-pg128&tree=published_page
person,gnd-118596764,Properz,published_page,page,s03-pg128,http://rs4.ethz.ch/dts/document/?resource=https%3A%2F%2Fexample.org%2Fdts%2Fcollections%2Fhwgw%2Fs03%2Fed&ref=s03-pg128&tree=published_page
person,gnd-118535749,König,published_page,page,s03-pg128,http://rs4.ethz.ch/dts/document/?resource=https%3A%2F%2Fexample.org%2Fdts%2Fcollections%2Fhwgw%2Fs03%2Fed&ref=s03-pg128&tree=published_page
person,gnd-118538969,Geßner,published_page,page,s03-pg128,http://rs4.ethz.ch/dts/document/?resource=https%3A%2F%2Fexample.org%2Fdts%2Fcollections%2Fhwgw%2Fs03%2Fed&ref=s03-pg128&tree=published_page
person,gnd-118538969,Geßners,published_page,page,s03-pg128,http://rs4.ethz.ch/dts/document/?resource=https%3A%2F%2Fexample.org%2Fdts%2Fcollections%2Fhwgw%2Fs03%2Fed&ref=s03-pg128&tree=published_page
person,gnd-11701348X,Hottinger,published_page,page,s03-pg128,http://rs4.ethz.ch/dts/document/?resource=https%3A%2F%2Fexample.org%2Fdts%2Fcollections%2Fhwgw%2Fs03%2Fed&ref=s03-pg128&tree=published_page
person,gnd-118538969,S. Geßners,published_page,page,s03-pg128,http://rs4.ethz.ch/dts/document/?resource=https%3A%2F%2Fexample.org%2Fdts%2Fcollections%2Fhwgw%2Fs03%2Fed&ref=s03-pg128&tree=published_page
person,gnd-118634496,Wölfflin,published_page,page,s03-pg128,http://rs4.ethz.ch/dts/document/?resource=https%3A%2F%2Fexample.org%2Fdts%2Fcollections%2Fhwgw%2Fs03%2Fed&ref=s03-pg128&tree=published_page
person,gnd-116595671,Conrad,published_page,page,s03-pg128,http://rs4.ethz.ch/dts/document/?resource=https%3A%2F%2Fexample.org%2Fdts%2Fcollections%2Fhwgw%2Fs03%2Fed&ref=s03-pg128&tree=published_page
person,gnd-118538969,Geßner,published_page,page,s03-pg129,http://rs4.ethz.ch/dts/document/?resource=https%3A%2F%2Fexample.org%2Fdts%2Fcollections%2Fhwgw%2Fs03%2Fed&ref=s03-pg129&tree=published_page
person,gnd-118538969,Salomon Gessners,published_page,page,s03-pg129,http://rs4.ethz.ch/dts/document/?resource=https%3A%2F%2Fexample.org%2Fdts%2Fcollections%2Fhwgw%2Fs03%2Fed&ref=s03-pg129&tree=published_page
person,gnd-116595671,Conrad,published_page,page,s03-pg129,http://rs4.ethz.ch/dts/document/?resource=https%3A%2F%2Fexample.org%2Fdts%2Fcollections%2Fhwgw%2Fs03%2Fed&ref=s03-pg129&tree=published_page
place,gnd-4068038-1,Zürich,published_page,page,s03-pg129,http://rs4.ethz.ch/dts/document/?resource=https%3A%2F%2Fexample.org%2Fdts%2Fcollections%2Fhwgw%2Fs03%2Fed&ref=s03-pg129&tree=published_page
person,gnd-118540238,Goethe,published_page,page,s03-pg129,http://rs4.ethz.ch/dts/document/?resource=https%3A%2F%2Fexample.org%2Fdts%2Fcollections%2Fhwgw%2Fs03%2Fed&ref=s03-pg129&tree=published_page
person,gnd-116595671,Sohn,published_page,page,s03-pg129,http://rs4.ethz.ch/dts/document/?resource=https%3A%2F%2Fexample.org%2Fdts%2Fcollections%2Fhwgw%2Fs03%2Fed&ref=s03-pg129&tree=published_page
place,gnd-4050471-2,Rom,published_page,page,s03-pg129,http://rs4.ethz.ch/dts/document/?resource=https%3A%2F%2Fexample.org%2Fdts%2Fcollections%2Fhwgw%2Fs03%2Fed&ref=s03-pg129&tree=published_page
person,gnd-118540238,Goethe,published_page,page,s03-pg129,http://rs4.ethz.ch/dts/document/?resource=https%3A%2F%2Fexample.org%2Fdts%2Fcollections%2Fhwgw%2Fs03%2Fed&ref=s03-pg129&tree=published_page
person,gnd-116600217,Heinrich,published_page,page,s03-pg129,http://rs4.ethz.ch/dts/document/?resource=https%3A%2F%2Fexample.org%2Fdts%2Fcollections%2Fhwgw%2Fs03%2Fed&ref=s03-pg129&tree=published_page
person,gnd-116494476,Carl Geibel,published_page,page,s03-pg129,http://rs4.ethz.ch/dts/document/?resource=https%3A%2F%2Fexample.org%2Fdts%2Fcollections%2Fhwgw%2Fs03%2Fed&ref=s03-pg129&tree=published_page
place,gnd-4035206-7,Leipzig,published_page,page,s03-pg129,http://rs4.ethz.ch/dts/document/?resource=https%3A%2F%2Fexample.org%2Fdts%2Fcollections%2Fhwgw%2Fs03%2Fed&ref=s03-pg129&tree=published_page
person,gnd-118634496,Wölfflins,published_page,page,s03-pg129,http://rs4.ethz.ch/dts/document/?resource=https%3A%2F%2Fexample.org%2Fdts%2Fcollections%2Fhwgw%2Fs03%2Fed&ref=s03-pg129&tree=published_page
person,gnd-118538969,Salomon Gessner,published_page,page,s03-pg129,http://rs4.ethz.ch/dts/document/?resource=https%3A%2F%2Fexample.org%2Fdts%2Fcollections%2Fhwgw%2Fs03%2Fed&ref=s03-pg129&tree=published_page
object,object-Idyllischer-Haus-55,"Idyllischer Hauseingang mit Garten und Brunnen, in quadratischer Kartusche mit Laubgewinde {HW: Eingang eines Landhauses}",published_page,page,s03-pg129,http://rs4.ethz.ch/dts/document/?resource=https%3A%2F%2Fexample.org%2Fdts%2Fcollections%2Fhwgw%2Fs03%2Fed&ref=s03-pg129&tree=published_page
person,gnd-118634496,Wölfflins,published_page,page,s03-pg129,http://rs4.ethz.ch/dts/document/?resource=https%3A%2F%2Fexample.org%2Fdts%2Fcollections%2Fhwgw%2Fs03%2Fed&ref=s03-pg129&tree=published_page
person,gnd-118538969,Salomon Gessner,published_page,page,s03-pg133,http://rs4.ethz.ch/dts/document/?resource=https%3A%2F%2Fexample.org%2Fdts%2Fcollections%2Fhwgw%2Fs03%2Fed&ref=s03-pg133&tree=published_page
object,object-Mit-Putten-kmpfe-43,Mit Putten kämpfende Tritonenkinder {HW: Kampf der See- und Landbuben},published_page,page,s03-pg133,http://rs4.ethz.ch/dts/document/?resource=https%3A%2F%2Fexample.org%2Fdts%2Fcollections%2Fhwgw%2Fs03%2Fed&ref=s03-pg133&tree=published_page
person,gnd-118634496,Wölfflins,published_page,page,s03-pg133,http://rs4.ethz.ch/dts/document/?resource=https%3A%2F%2Fexample.org%2Fdts%2Fcollections%2Fhwgw%2Fs03%2Fed&ref=s03-pg133&tree=published_page
person,gnd-118595741,Pope,published_page,page,s03-pg133,http://rs4.ethz.ch/dts/document/?resource=https%3A%2F%2Fexample.org%2Fdts%2Fcollections%2Fhwgw%2Fs03%2Fed&ref=s03-pg133&tree=published_page
person,gnd-118634496,Wölfflin,published_page,page,s03-pg133,http://rs4.ethz.ch/dts/document/?resource=https%3A%2F%2Fexample.org%2Fdts%2Fcollections%2Fhwgw%2Fs03%2Fed&ref=s03-pg133&tree=published_page
person,gnd-118634496,Wölfflin,published_page,page,s03-pg133,http://rs4.ethz.ch/dts/document/?resource=https%3A%2F%2Fexample.org%2Fdts%2Fcollections%2Fhwgw%2Fs03%2Fed&ref=s03-pg133&tree=published_page
person,gnd-116718846,Wilhelm Creizenach,published_page,page,s03-pg133,http://rs4.ethz.ch/dts/document/?resource=https%3A%2F%2Fexample.org%2Fdts%2Fcollections%2Fhwgw%2Fs03%2Fed&ref=s03-pg133&tree=published_page
person,gnd-118634496,Wölfflin,published_page,page,s03-pg133,http://rs4.ethz.ch/dts/document/?resource=https%3A%2F%2Fexample.org%2Fdts%2Fcollections%2Fhwgw%2Fs03%2Fed&ref=s03-pg133&tree=published_page
person,gnd-118634496,Wölfflins,published_page,page,s03-pg133,http://rs4.ethz.ch/dts/document/?resource=https%3A%2F%2Fexample.org%2Fdts%2Fcollections%2Fhwgw%2Fs03%2Fed&ref=s03-pg133&tree=published_page
person,gnd-118639056,Fontenelle,published_page,page,s03-pg134,http://rs4.ethz.ch/dts/document/?resource=https%3A%2F%2Fexample.org%2Fdts%2Fcollections%2Fhwgw%2Fs03%2Fed&ref=s03-pg134&tree=published_page
place,gnd-4011882-4,Deutschland,published_page,page,s03-pg134,http://rs4.ethz.ch/dts/document/?resource=https%3A%2F%2Fexample.org%2Fdts%2Fcollections%2Fhwgw%2Fs03%2Fed&ref=s03-pg134&tree=published_page
person,gnd-118541013,Gottsched,published_page,page,s03-pg134,http://rs4.ethz.ch/dts/document/?resource=https%3A%2F%2Fexample.org%2Fdts%2Fcollections%2Fhwgw%2Fs03%2Fed&ref=s03-pg134&tree=published_page
person,gnd-118541013,Gottsched,published_page,page,s03-pg134,http://rs4.ethz.ch/dts/document/?resource=https%3A%2F%2Fexample.org%2Fdts%2Fcollections%2Fhwgw%2Fs03%2Fed&ref=s03-pg134&tree=published_page
person,gnd-118639056,Fontenelles,published_page,page,s03-pg134,http://rs4.ethz.ch/dts/document/?resource=https%3A%2F%2Fexample.org%2Fdts%2Fcollections%2Fhwgw%2Fs03%2Fed&ref=s03-pg134&tree=published_page
person,gnd-118634496,Wölfflin,published_page,page,s03-pg134,http://rs4.ethz.ch/dts/document/?resource=https%3A%2F%2Fexample.org%2Fdts%2Fcollections%2Fhwgw%2Fs03%2Fed&ref=s03-pg134&tree=published_page
person,gnd-118541013,Gottsched,published_page,page,s03-pg134,http://rs4.ethz.ch/dts/document/?resource=https%3A%2F%2Fexample.org%2Fdts%2Fcollections%2Fhwgw%2Fs03%2Fed&ref=s03-pg134&tree=published_page
person,gnd-118621769,Theokrit,published_page,page,s03-pg134,http://rs4.ethz.ch/dts/document/?resource=https%3A%2F%2Fexample.org%2Fdts%2Fcollections%2Fhwgw%2Fs03%2Fed&ref=s03-pg134&tree=published_page
person,gnd-118626574,Virgil,published_page,page,s03-pg134,http://rs4.ethz.ch/dts/document/?resource=https%3A%2F%2Fexample.org%2Fdts%2Fcollections%2Fhwgw%2Fs03%2Fed&ref=s03-pg134&tree=published_page
person,gnd-118541013,Gottsched,published_page,page,s03-pg135,http://rs4.ethz.ch/dts/document/?resource=https%3A%2F%2Fexample.org%2Fdts%2Fcollections%2Fhwgw%2Fs03%2Fed&ref=s03-pg135&tree=published_page
person,gnd-118634496,Wölfflin,published_page,page,s03-pg135,http://rs4.ethz.ch/dts/document/?resource=https%3A%2F%2Fexample.org%2Fdts%2Fcollections%2Fhwgw%2Fs03%2Fed&ref=s03-pg135&tree=published_page
person,gnd-118607995,J.A. Schlegel,published_page,page,s03-pg135,http://rs4.ethz.ch/dts/document/?resource=https%3A%2F%2Fexample.org%2Fdts%2Fcollections%2Fhwgw%2Fs03%2Fed&ref=s03-pg135&tree=published_page
person,gnd-118607995,Nisus,published_page,page,s03-pg135,http://rs4.ethz.ch/dts/document/?resource=https%3A%2F%2Fexample.org%2Fdts%2Fcollections%2Fhwgw%2Fs03%2Fed&ref=s03-pg135&tree=published_page
place,gnd-4035206-7,Leipzig,published_page,page,s03-pg135,http://rs4.ethz.ch/dts/document/?resource=https%3A%2F%2Fexample.org%2Fdts%2Fcollections%2Fhwgw%2Fs03%2Fed&ref=s03-pg135&tree=published_page
organisation,gnd-17078-1,Zürcher Stadtbibliothek,published_page,page,s03-pg135,http://rs4.ethz.ch/dts/document/?resource=https%3A%2F%2Fexample.org%2Fdts%2Fcollections%2Fhwgw%2Fs03%2Fed&ref=s03-pg135&tree=published_page
organisation,gnd-1012546-2,ZB ZH,published_page,page,s03-pg135,http://rs4.ethz.ch/dts/document/?resource=https%3A%2F%2Fexample.org%2Fdts%2Fcollections%2Fhwgw%2Fs03%2Fed&ref=s03-pg135&tree=published_page
person,gnd-118512315,Bodmers,published_page,page,s03-pg135,http://rs4.ethz.ch/dts/document/?resource=https%3A%2F%2Fexample.org%2Fdts%2Fcollections%2Fhwgw%2Fs03%2Fed&ref=s03-pg135&tree=published_page
person,gnd-118574078,Lohensteinische,published_page,page,s03-pg135,http://rs4.ethz.ch/dts/document/?resource=https%3A%2F%2Fexample.org%2Fdts%2Fcollections%2Fhwgw%2Fs03%2Fed&ref=s03-pg135&tree=published_page
person,gnd-118639056,Fontenelle,published_page,page,s03-pg135,http://rs4.ethz.ch/dts/document/?resource=https%3A%2F%2Fexample.org%2Fdts%2Fcollections%2Fhwgw%2Fs03%2Fed&ref=s03-pg135&tree=published_page
person,gnd-118639056,Fontenellisch,published_page,page,s03-pg135,http://rs4.ethz.ch/dts/document/?resource=https%3A%2F%2Fexample.org%2Fdts%2Fcollections%2Fhwgw%2Fs03%2Fed&ref=s03-pg135&tree=published_page
person,gnd-118639056,Fontenellisch,published_page,page,s03-pg135,http://rs4.ethz.ch/dts/document/?resource=https%3A%2F%2Fexample.org%2Fdts%2Fcollections%2Fhwgw%2Fs03%2Fed&ref=s03-pg135&tree=published_page
person,gnd-118545140,Hallerisch,published_page,page,s03-pg135,http://rs4.ethz.ch/dts/document/?resource=https%3A%2F%2Fexample.org%2Fdts%2Fcollections%2Fhwgw%2Fs03%2Fed&ref=s03-pg135&tree=published_page
person,gnd-118541013,Gottsched,published_page,page,s03-pg135,http://rs4.ethz.ch/dts/document/?resource=https%3A%2F%2Fexample.org%2Fdts%2Fcollections%2Fhwgw%2Fs03%2Fed&ref=s03-pg135&tree=published_page
person,gnd-118607995,Schlegel,published_page,page,s03-pg135,http://rs4.ethz.ch/dts/document/?resource=https%3A%2F%2Fexample.org%2Fdts%2Fcollections%2Fhwgw%2Fs03%2Fed&ref=s03-pg135&tree=published_page
person,gnd-118639056,Fontenelles,published_page,page,s03-pg136,http://rs4.ethz.ch/dts/document/?resource=https%3A%2F%2Fexample.org%2Fdts%2Fcollections%2Fhwgw%2Fs03%2Fed&ref=s03-pg136&tree=published_page
person,gnd-118634496,Wölfflin,published_page,page,s03-pg136,http://rs4.ethz.ch/dts/document/?resource=https%3A%2F%2Fexample.org%2Fdts%2Fcollections%2Fhwgw%2Fs03%2Fed&ref=s03-pg136&tree=published_page
person,gnd-118639056,Fontenelle,published_page,page,s03-pg136,http://rs4.ethz.ch/dts/document/?resource=https%3A%2F%2Fexample.org%2Fdts%2Fcollections%2Fhwgw%2Fs03%2Fed&ref=s03-pg136&tree=published_page
person,gnd-118639056,Fontenelles,published_page,page,s03-pg136,http://rs4.ethz.ch/dts/document/?resource=https%3A%2F%2Fexample.org%2Fdts%2Fcollections%2Fhwgw%2Fs03%2Fed&ref=s03-pg136&tree=published_page
person,gnd-118607995,Schlegel,published_page,page,s03-pg136,http://rs4.ethz.ch/dts/document/?resource=https%3A%2F%2Fexample.org%2Fdts%2Fcollections%2Fhwgw%2Fs03%2Fed&ref=s03-pg136&tree=published_page
person,gnd-118639056,Fontenelle,published_page,page,s03-pg136,http://rs4.ethz.ch/dts/document/?resource=https%3A%2F%2Fexample.org%2Fdts%2Fcollections%2Fhwgw%2Fs03%2Fed&ref=s03-pg136&tree=published_page
person,gnd-118639056,Fontenellisch,published_page,page,s03-pg136,http://rs4.ethz.ch/dts/document/?resource=https%3A%2F%2Fexample.org%2Fdts%2Fcollections%2Fhwgw%2Fs03%2Fed&ref=s03-pg136&tree=published_page
person,gnd-118541013,Gottsched,published_page,page,s03-pg136,http://rs4.ethz.ch/dts/document/?resource=https%3A%2F%2Fexample.org%2Fdts%2Fcollections%2Fhwgw%2Fs03%2Fed&ref=s03-pg136&tree=published_page
person,gnd-118512315,Bodmers,published_page,page,s03-pg136,http://rs4.ethz.ch/dts/document/?resource=https%3A%2F%2Fexample.org%2Fdts%2Fcollections%2Fhwgw%2Fs03%2Fed&ref=s03-pg136&tree=published_page
person,gnd-11851217X,Boccaccio,published_page,page,s03-pg136,http://rs4.ethz.ch/dts/document/?resource=https%3A%2F%2Fexample.org%2Fdts%2Fcollections%2Fhwgw%2Fs03%2Fed&ref=s03-pg136&tree=published_page
person,gnd-118607995,Schlegelschen,published_page,page,s03-pg136,http://rs4.ethz.ch/dts/document/?resource=https%3A%2F%2Fexample.org%2Fdts%2Fcollections%2Fhwgw%2Fs03%2Fed&ref=s03-pg136&tree=published_page
person,gnd-118634496,Wölfflin,published_page,page,s03-pg136,http://rs4.ethz.ch/dts/document/?resource=https%3A%2F%2Fexample.org%2Fdts%2Fcollections%2Fhwgw%2Fs03%2Fed&ref=s03-pg136&tree=published_page
person,gnd-118512315,Bodmer,published_page,page,s03-pg136,http://rs4.ethz.ch/dts/document/?resource=https%3A%2F%2Fexample.org%2Fdts%2Fcollections%2Fhwgw%2Fs03%2Fed&ref=s03-pg136&tree=published_page
person,gnd-118717758,Gleim,published_page,page,s03-pg136,http://rs4.ethz.ch/dts/document/?resource=https%3A%2F%2Fexample.org%2Fdts%2Fcollections%2Fhwgw%2Fs03%2Fed&ref=s03-pg136&tree=published_page
person,gnd-118607995,Schlegels,published_page,page,s03-pg136,http://rs4.ethz.ch/dts/document/?resource=https%3A%2F%2Fexample.org%2Fdts%2Fcollections%2Fhwgw%2Fs03%2Fed&ref=s03-pg136&tree=published_page
person,gnd-118639056,Fontenelle,published_page,page,s03-pg136,http://rs4.ethz.ch/dts/document/?resource=https%3A%2F%2Fexample.org%2Fdts%2Fcollections%2Fhwgw%2Fs03%2Fed&ref=s03-pg136&tree=published_page
person,gnd-118672541,Dubos,published_page,page,s03-pg136,http://rs4.ethz.ch/dts/document/?resource=https%3A%2F%2Fexample.org%2Fdts%2Fcollections%2Fhwgw%2Fs03%2Fed&ref=s03-pg136&tree=published_page
person,gnd-118621769,Theokrit,published_page,page,s03-pg136,http://rs4.ethz.ch/dts/document/?resource=https%3A%2F%2Fexample.org%2Fdts%2Fcollections%2Fhwgw%2Fs03%2Fed&ref=s03-pg136&tree=published_page
person,gnd-118634496,Wölfflin,published_page,page,s03-pg136,http://rs4.ethz.ch/dts/document/?resource=https%3A%2F%2Fexample.org%2Fdts%2Fcollections%2Fhwgw%2Fs03%2Fed&ref=s03-pg136&tree=published_page
person,gnd-118626574,Virgil,published_page,page,s03-pg136,http://rs4.ethz.ch/dts/document/?resource=https%3A%2F%2Fexample.org%2Fdts%2Fcollections%2Fhwgw%2Fs03%2Fed&ref=s03-pg136&tree=published_page
person,gnd-100143172,Gresset,published_page,page,s03-pg136,http://rs4.ethz.ch/dts/document/?resource=https%3A%2F%2Fexample.org%2Fdts%2Fcollections%2Fhwgw%2Fs03%2Fed&ref=s03-pg136&tree=published_page
person,gnd-100143172,Gresset,published_page,page,s03-pg137,http://rs4.ethz.ch/dts/document/?resource=https%3A%2F%2Fexample.org%2Fdts%2Fcollections%2Fhwgw%2Fs03%2Fed&ref=s03-pg137&tree=published_page
person,gnd-118626574,Virgile,published_page,page,s03-pg137,http://rs4.ethz.ch/dts/document/?resource=https%3A%2F%2Fexample.org%2Fdts%2Fcollections%2Fhwgw%2Fs03%2Fed&ref=s03-pg137&tree=published_page
organisation,gnd-2024938-X,UB M,published_page,page,s03-pg137,http://rs4.ethz.ch/dts/document/?resource=https%3A%2F%2Fexample.org%2Fdts%2Fcollections%2Fhwgw%2Fs03%2Fed&ref=s03-pg137&tree=published_page
person,gnd-118634496,Wölfflin,published_page,page,s03-pg137,http://rs4.ethz.ch/dts/document/?resource=https%3A%2F%2Fexample.org%2Fdts%2Fcollections%2Fhwgw%2Fs03%2Fed&ref=s03-pg137&tree=published_page
person,gnd-100143172,Jean-Baptiste Louis Gresset,published_page,page,s03-pg137,http://rs4.ethz.ch/dts/document/?resource=https%3A%2F%2Fexample.org%2Fdts%2Fcollections%2Fhwgw%2Fs03%2Fed&ref=s03-pg137&tree=published_page
place,gnd-4068038-1,Zürich,published_page,page,s03-pg137,http://rs4.ethz.ch/dts/document/?resource=https%3A%2F%2Fexample.org%2Fdts%2Fcollections%2Fhwgw%2Fs03%2Fed&ref=s03-pg137&tree=published_page
person,gnd-118607995,Schlegels,published_page,page,s03-pg137,http://rs4.ethz.ch/dts/document/?resource=https%3A%2F%2Fexample.org%2Fdts%2Fcollections%2Fhwgw%2Fs03%2Fed&ref=s03-pg137&tree=published_page
person,gnd-118538969,Geßners,published_page,page,s03-pg137,http://rs4.ethz.ch/dts/document/?resource=https%3A%2F%2Fexample.org%2Fdts%2Fcollections%2Fhwgw%2Fs03%2Fed&ref=s03-pg137&tree=published_page
person,gnd-118541013,Gottsched,published_page,page,s03-pg137,http://rs4.ethz.ch/dts/document/?resource=https%3A%2F%2Fexample.org%2Fdts%2Fcollections%2Fhwgw%2Fs03%2Fed&ref=s03-pg137&tree=published_page
person,gnd-118541013,Gottsched,published_page,page,s03-pg137,http://rs4.ethz.ch/dts/document/?resource=https%3A%2F%2Fexample.org%2Fdts%2Fcollections%2Fhwgw%2Fs03%2Fed&ref=s03-pg137&tree=published_page
person,gnd-118639056,Fontenelles,published_page,page,s03-pg137,http://rs4.ethz.ch/dts/document/?resource=https%3A%2F%2Fexample.org%2Fdts%2Fcollections%2Fhwgw%2Fs03%2Fed&ref=s03-pg137&tree=published_page
person,gnd-118607995,Schlegel,published_page,page,s03-pg137,http://rs4.ethz.ch/dts/document/?resource=https%3A%2F%2Fexample.org%2Fdts%2Fcollections%2Fhwgw%2Fs03%2Fed&ref=s03-pg137&tree=published_page
person,gnd-118621769,Theokrit,published_page,page,s03-pg137,http://rs4.ethz.ch/dts/document/?resource=https%3A%2F%2Fexample.org%2Fdts%2Fcollections%2Fhwgw%2Fs03%2Fed&ref=s03-pg137&tree=published_page
person,gnd-118541013,Gottsched,published_page,page,s03-pg137,http://rs4.ethz.ch/dts/document/?resource=https%3A%2F%2Fexample.org%2Fdts%2Fcollections%2Fhwgw%2Fs03%2Fed&ref=s03-pg137&tree=published_page
person,gnd-118538969,Geßners,published_page,page,s03-pg137,http://rs4.ethz.ch/dts/document/?resource=https%3A%2F%2Fexample.org%2Fdts%2Fcollections%2Fhwgw%2Fs03%2Fed&ref=s03-pg137&tree=published_page
person,gnd-118626574,Virgil,published_page,page,s03-pg137,http://rs4.ethz.ch/dts/document/?resource=https%3A%2F%2Fexample.org%2Fdts%2Fcollections%2Fhwgw%2Fs03%2Fed&ref=s03-pg137&tree=published_page
person,gnd-118538969,Geßner,published_page,page,s03-pg137,http://rs4.ethz.ch/dts/document/?resource=https%3A%2F%2Fexample.org%2Fdts%2Fcollections%2Fhwgw%2Fs03%2Fed&ref=s03-pg137&tree=published_page
person,gnd-118639056,Fontenelle,published_page,page,s03-pg137,http://rs4.ethz.ch/dts/document/?resource=https%3A%2F%2Fexample.org%2Fdts%2Fcollections%2Fhwgw%2Fs03%2Fed&ref=s03-pg137&tree=published_page
person,gnd-118538969,Geßner,published_page,page,s03-pg137,http://rs4.ethz.ch/dts/document/?resource=https%3A%2F%2Fexample.org%2Fdts%2Fcollections%2Fhwgw%2Fs03%2Fed&ref=s03-pg137&tree=published_page
person,gnd-118634496,Wölfflin,published_page,page,s03-pg138,http://rs4.ethz.ch/dts/document/?resource=https%3A%2F%2Fexample.org%2Fdts%2Fcollections%2Fhwgw%2Fs03%2Fed&ref=s03-pg138&tree=published_page
person,gnd-118525263,Diderot,published_page,page,s03-pg138,http://rs4.ethz.ch/dts/document/?resource=https%3A%2F%2Fexample.org%2Fdts%2Fcollections%2Fhwgw%2Fs03%2Fed&ref=s03-pg138&tree=published_page
person,gnd-118538969,Geßner,published_page,page,s03-pg138,http://rs4.ethz.ch/dts/document/?resource=https%3A%2F%2Fexample.org%2Fdts%2Fcollections%2Fhwgw%2Fs03%2Fed&ref=s03-pg138&tree=published_page
person,gnd-118634496,Wölfflin,published_page,page,s03-pg138,http://rs4.ethz.ch/dts/document/?resource=https%3A%2F%2Fexample.org%2Fdts%2Fcollections%2Fhwgw%2Fs03%2Fed&ref=s03-pg138&tree=published_page
person,gnd-118538969,Geßnersche,published_page,page,s03-pg138,http://rs4.ethz.ch/dts/document/?resource=https%3A%2F%2Fexample.org%2Fdts%2Fcollections%2Fhwgw%2Fs03%2Fed&ref=s03-pg138&tree=published_page
person,gnd-118634496,Wölfflins,published_page,page,s03-pg138,http://rs4.ethz.ch/dts/document/?resource=https%3A%2F%2Fexample.org%2Fdts%2Fcollections%2Fhwgw%2Fs03%2Fed&ref=s03-pg138&tree=published_page
person,gnd-118538969,Geßnern,published_page,page,s03-pg139,http://rs4.ethz.ch/dts/document/?resource=https%3A%2F%2Fexample.org%2Fdts%2Fcollections%2Fhwgw%2Fs03%2Fed&ref=s03-pg139&tree=published_page
person,gnd-118549553,Herder,published_page,page,s03-pg139,http://rs4.ethz.ch/dts/document/?resource=https%3A%2F%2Fexample.org%2Fdts%2Fcollections%2Fhwgw%2Fs03%2Fed&ref=s03-pg139&tree=published_page
person,gnd-118621769,Theocrit,published_page,page,s03-pg139,http://rs4.ethz.ch/dts/document/?resource=https%3A%2F%2Fexample.org%2Fdts%2Fcollections%2Fhwgw%2Fs03%2Fed&ref=s03-pg139&tree=published_page
person,gnd-118737066,Moschus,published_page,page,s03-pg139,http://rs4.ethz.ch/dts/document/?resource=https%3A%2F%2Fexample.org%2Fdts%2Fcollections%2Fhwgw%2Fs03%2Fed&ref=s03-pg139&tree=published_page
person,gnd-118835874,Bion,published_page,page,s03-pg139,http://rs4.ethz.ch/dts/document/?resource=https%3A%2F%2Fexample.org%2Fdts%2Fcollections%2Fhwgw%2Fs03%2Fed&ref=s03-pg139&tree=published_page
person,gnd-118634496,Wölfflin,published_page,page,s03-pg139,http://rs4.ethz.ch/dts/document/?resource=https%3A%2F%2Fexample.org%2Fdts%2Fcollections%2Fhwgw%2Fs03%2Fed&ref=s03-pg139&tree=published_page
person,gnd-118538969,Geßners,published_page,page,s03-pg139,http://rs4.ethz.ch/dts/document/?resource=https%3A%2F%2Fexample.org%2Fdts%2Fcollections%2Fhwgw%2Fs03%2Fed&ref=s03-pg139&tree=published_page
person,gnd-118791745,Phädrus,published_page,page,s03-pg139,http://rs4.ethz.ch/dts/document/?resource=https%3A%2F%2Fexample.org%2Fdts%2Fcollections%2Fhwgw%2Fs03%2Fed&ref=s03-pg139&tree=published_page
person,gnd-118615270,Sokrates,published_page,page,s03-pg139,http://rs4.ethz.ch/dts/document/?resource=https%3A%2F%2Fexample.org%2Fdts%2Fcollections%2Fhwgw%2Fs03%2Fed&ref=s03-pg139&tree=published_page
person,gnd-118594893,Plato,published_page,page,s03-pg139,http://rs4.ethz.ch/dts/document/?resource=https%3A%2F%2Fexample.org%2Fdts%2Fcollections%2Fhwgw%2Fs03%2Fed&ref=s03-pg139&tree=published_page
person,gnd-118594893,Plato,published_page,page,s03-pg139,http://rs4.ethz.ch/dts/document/?resource=https%3A%2F%2Fexample.org%2Fdts%2Fcollections%2Fhwgw%2Fs03%2Fed&ref=s03-pg139&tree=published_page
person,gnd-118634496,Wölfflin,published_page,page,s03-pg139,http://rs4.ethz.ch/dts/document/?resource=https%3A%2F%2Fexample.org%2Fdts%2Fcollections%2Fhwgw%2Fs03%2Fed&ref=s03-pg139&tree=published_page
person,gnd-118549553,Herders,published_page,page,s03-pg139,http://rs4.ethz.ch/dts/document/?resource=https%3A%2F%2Fexample.org%2Fdts%2Fcollections%2Fhwgw%2Fs03%2Fed&ref=s03-pg139&tree=published_page
person,gnd-119351358,Bülers,published_page,page,s03-pg139,http://rs4.ethz.ch/dts/document/?resource=https%3A%2F%2Fexample.org%2Fdts%2Fcollections%2Fhwgw%2Fs03%2Fed&ref=s03-pg139&tree=published_page
person,gnd-118538969,Salomon Geßners,published_page,page,s03-pg139,http://rs4.ethz.ch/dts/document/?resource=https%3A%2F%2Fexample.org%2Fdts%2Fcollections%2Fhwgw%2Fs03%2Fed&ref=s03-pg139&tree=published_page
place,gnd-4021141-1,Glarus,published_page,page,s03-pg139,http://rs4.ethz.ch/dts/document/?resource=https%3A%2F%2Fexample.org%2Fdts%2Fcollections%2Fhwgw%2Fs03%2Fed&ref=s03-pg139&tree=published_page
person,gnd-118538969,Geßners,published_page,page,s03-pg139,http://rs4.ethz.ch/dts/document/?resource=https%3A%2F%2Fexample.org%2Fdts%2Fcollections%2Fhwgw%2Fs03%2Fed&ref=s03-pg139&tree=published_page
person,gnd-118538322,Gellerts,published_page,page,s03-pg139,http://rs4.ethz.ch/dts/document/?resource=https%3A%2F%2Fexample.org%2Fdts%2Fcollections%2Fhwgw%2Fs03%2Fed&ref=s03-pg139&tree=published_page
person,gnd-118603426,Jean Jacques,published_page,page,s03-pg139,http://rs4.ethz.ch/dts/document/?resource=https%3A%2F%2Fexample.org%2Fdts%2Fcollections%2Fhwgw%2Fs03%2Fed&ref=s03-pg139&tree=published_page
person,gnd-118538969,Geßner,published_page,page,s03-pg139,http://rs4.ethz.ch/dts/document/?resource=https%3A%2F%2Fexample.org%2Fdts%2Fcollections%2Fhwgw%2Fs03%2Fed&ref=s03-pg139&tree=published_page
person,gnd-118538969,Geßners,published_page,page,s03-pg139,http://rs4.ethz.ch/dts/document/?resource=https%3A%2F%2Fexample.org%2Fdts%2Fcollections%2Fhwgw%2Fs03%2Fed&ref=s03-pg139&tree=published_page
person,gnd-118541013,Gottsched,published_page,page,s03-pg139,http://rs4.ethz.ch/dts/document/?resource=https%3A%2F%2Fexample.org%2Fdts%2Fcollections%2Fhwgw%2Fs03%2Fed&ref=s03-pg139&tree=published_page
person,gnd-118512315,Bodmer,published_page,page,s03-pg139,http://rs4.ethz.ch/dts/document/?resource=https%3A%2F%2Fexample.org%2Fdts%2Fcollections%2Fhwgw%2Fs03%2Fed&ref=s03-pg139&tree=published_page
person,gnd-118798588,H. von Stein,published_page,page,s03-pg140,http://rs4.ethz.ch/dts/document/?resource=https%3A%2F%2Fexample.org%2Fdts%2Fcollections%2Fhwgw%2Fs03%2Fed&ref=s03-pg140&tree=published_page
person,gnd-118633600,Winckelmanns,published_page,page,s03-pg140,http://rs4.ethz.ch/dts/document/?resource=https%3A%2F%2Fexample.org%2Fdts%2Fcollections%2Fhwgw%2Fs03%2Fed&ref=s03-pg140&tree=published_page
person,gnd-118536745,H. Füßlis,published_page,page,s03-pg140,http://rs4.ethz.ch/dts/document/?resource=https%3A%2F%2Fexample.org%2Fdts%2Fcollections%2Fhwgw%2Fs03%2Fed&ref=s03-pg140&tree=published_page
person,gnd-129810819,Webbs,published_page,page,s03-pg140,http://rs4.ethz.ch/dts/document/?resource=https%3A%2F%2Fexample.org%2Fdts%2Fcollections%2Fhwgw%2Fs03%2Fed&ref=s03-pg140&tree=published_page
person,gnd-118633600,Winckelmann,published_page,page,s03-pg140,http://rs4.ethz.ch/dts/document/?resource=https%3A%2F%2Fexample.org%2Fdts%2Fcollections%2Fhwgw%2Fs03%2Fed&ref=s03-pg140&tree=published_page
person,gnd-129810819,Webbs,published_page,page,s03-pg140,http://rs4.ethz.ch/dts/document/?resource=https%3A%2F%2Fexample.org%2Fdts%2Fcollections%2Fhwgw%2Fs03%2Fed&ref=s03-pg140&tree=published_page
person,gnd-118634496,Wölfflin,published_page,page,s03-pg140,http://rs4.ethz.ch/dts/document/?resource=https%3A%2F%2Fexample.org%2Fdts%2Fcollections%2Fhwgw%2Fs03%2Fed&ref=s03-pg140&tree=published_page
person,gnd-118538969,Geßner,published_page,page,s03-pg140,http://rs4.ethz.ch/dts/document/?resource=https%3A%2F%2Fexample.org%2Fdts%2Fcollections%2Fhwgw%2Fs03%2Fed&ref=s03-pg140&tree=published_page
person,gnd-118538969,Geßner,published_page,page,s03-pg140,http://rs4.ethz.ch/dts/document/?resource=https%3A%2F%2Fexample.org%2Fdts%2Fcollections%2Fhwgw%2Fs03%2Fed&ref=s03-pg140&tree=published_page
person,gnd-118621769,Theokrit,published_page,page,s03-pg140,http://rs4.ethz.ch/dts/document/?resource=https%3A%2F%2Fexample.org%2Fdts%2Fcollections%2Fhwgw%2Fs03%2Fed&ref=s03-pg140&tree=published_page
person,gnd-118621769,Theocrit,published_page,page,s03-pg140,http://rs4.ethz.ch/dts/document/?resource=https%3A%2F%2Fexample.org%2Fdts%2Fcollections%2Fhwgw%2Fs03%2Fed&ref=s03-pg140&tree=published_page
person,gnd-118607960,A.W.v. Schlegel,published_page,page,s03-pg140,http://rs4.ethz.ch/dts/document/?resource=https%3A%2F%2Fexample.org%2Fdts%2Fcollections%2Fhwgw%2Fs03%2Fed&ref=s03-pg140&tree=published_page
person,gnd-118607960,A.W.v. Schlegel,published_page,page,s03-pg140,http://rs4.ethz.ch/dts/document/?resource=https%3A%2F%2Fexample.org%2Fdts%2Fcollections%2Fhwgw%2Fs03%2Fed&ref=s03-pg140&tree=published_page
person,gnd-118538969,Salomon Geßner,published_page,page,s03-pg140,http://rs4.ethz.ch/dts/document/?resource=https%3A%2F%2Fexample.org%2Fdts%2Fcollections%2Fhwgw%2Fs03%2Fed&ref=s03-pg140&tree=published_page
person,gnd-118538969,Geßner,published_page,page,s03-pg140,http://rs4.ethz.ch/dts/document/?resource=https%3A%2F%2Fexample.org%2Fdts%2Fcollections%2Fhwgw%2Fs03%2Fed&ref=s03-pg140&tree=published_page
person,gnd-11701348X,Hottinger,published_page,page,s03-pg140,http://rs4.ethz.ch/dts/document/?resource=https%3A%2F%2Fexample.org%2Fdts%2Fcollections%2Fhwgw%2Fs03%2Fed&ref=s03-pg140&tree=published_page
person,gnd-118538969,Geßner,published_page,page,s03-pg141,http://rs4.ethz.ch/dts/document/?resource=https%3A%2F%2Fexample.org%2Fdts%2Fcollections%2Fhwgw%2Fs03%2Fed&ref=s03-pg141&tree=published_page
person,gnd-118607960,A. W. v. Schlegel,published_page,page,s03-pg141,http://rs4.ethz.ch/dts/document/?resource=https%3A%2F%2Fexample.org%2Fdts%2Fcollections%2Fhwgw%2Fs03%2Fed&ref=s03-pg141&tree=published_page
person,gnd-118538969,Geßner,published_page,page,s03-pg141,http://rs4.ethz.ch/dts/document/?resource=https%3A%2F%2Fexample.org%2Fdts%2Fcollections%2Fhwgw%2Fs03%2Fed&ref=s03-pg141&tree=published_page
person,gnd-118538969,Geßner,published_page,page,s03-pg141,http://rs4.ethz.ch/dts/document/?resource=https%3A%2F%2Fexample.org%2Fdts%2Fcollections%2Fhwgw%2Fs03%2Fed&ref=s03-pg141&tree=published_page
person,gnd-118621769,Theokrit,published_page,page,s03-pg141,http://rs4.ethz.ch/dts/document/?resource=https%3A%2F%2Fexample.org%2Fdts%2Fcollections%2Fhwgw%2Fs03%2Fed&ref=s03-pg141&tree=published_page
person,gnd-118621769,Theokrit,published_page,page,s03-pg141,http://rs4.ethz.ch/dts/document/?resource=https%3A%2F%2Fexample.org%2Fdts%2Fcollections%2Fhwgw%2Fs03%2Fed&ref=s03-pg141&tree=published_page
person,gnd-118621769,Theokrit,published_page,page,s03-pg141,http://rs4.ethz.ch/dts/document/?resource=https%3A%2F%2Fexample.org%2Fdts%2Fcollections%2Fhwgw%2Fs03%2Fed&ref=s03-pg141&tree=published_page
person,gnd-118538969,Geßner,published_page,page,s03-pg141,http://rs4.ethz.ch/dts/document/?resource=https%3A%2F%2Fexample.org%2Fdts%2Fcollections%2Fhwgw%2Fs03%2Fed&ref=s03-pg141&tree=published_page
person,gnd-118538969,Geßner,published_page,page,s03-pg142,http://rs4.ethz.ch/dts/document/?resource=https%3A%2F%2Fexample.org%2Fdts%2Fcollections%2Fhwgw%2Fs03%2Fed&ref=s03-pg142&tree=published_page
person,gnd-118621769,Theokrit,published_page,page,s03-pg142,http://rs4.ethz.ch/dts/document/?resource=https%3A%2F%2Fexample.org%2Fdts%2Fcollections%2Fhwgw%2Fs03%2Fed&ref=s03-pg142&tree=published_page
person,gnd-118538969,Geßner,published_page,page,s03-pg142,http://rs4.ethz.ch/dts/document/?resource=https%3A%2F%2Fexample.org%2Fdts%2Fcollections%2Fhwgw%2Fs03%2Fed&ref=s03-pg142&tree=published_page
person,gnd-118717758,Gleim,published_page,page,s03-pg142,http://rs4.ethz.ch/dts/document/?resource=https%3A%2F%2Fexample.org%2Fdts%2Fcollections%2Fhwgw%2Fs03%2Fed&ref=s03-pg142&tree=published_page
person,gnd-123816637,Madame Deshoulières,published_page,page,s03-pg142,http://rs4.ethz.ch/dts/document/?resource=https%3A%2F%2Fexample.org%2Fdts%2Fcollections%2Fhwgw%2Fs03%2Fed&ref=s03-pg142&tree=published_page
person,gnd-118634496,Wölfflin,published_page,page,s03-pg142,http://rs4.ethz.ch/dts/document/?resource=https%3A%2F%2Fexample.org%2Fdts%2Fcollections%2Fhwgw%2Fs03%2Fed&ref=s03-pg142&tree=published_page
organisation,gnd-2031351-2,BSB M,published_page,page,s03-pg142,http://rs4.ethz.ch/dts/document/?resource=https%3A%2F%2Fexample.org%2Fdts%2Fcollections%2Fhwgw%2Fs03%2Fed&ref=s03-pg142&tree=published_page
person,gnd-118538969,Geßners,published_page,page,s03-pg142,http://rs4.ethz.ch/dts/document/?resource=https%3A%2F%2Fexample.org%2Fdts%2Fcollections%2Fhwgw%2Fs03%2Fed&ref=s03-pg142&tree=published_page
person,gnd-118621769,Theokrit,published_page,page,s03-pg142,http://rs4.ethz.ch/dts/document/?resource=https%3A%2F%2Fexample.org%2Fdts%2Fcollections%2Fhwgw%2Fs03%2Fed&ref=s03-pg142&tree=published_page
person,gnd-118639056,Fontenelle,published_page,page,s03-pg142,http://rs4.ethz.ch/dts/document/?resource=https%3A%2F%2Fexample.org%2Fdts%2Fcollections%2Fhwgw%2Fs03%2Fed&ref=s03-pg142&tree=published_page
person,gnd-118621769,Theokritische,published_page,page,s03-pg142,http://rs4.ethz.ch/dts/document/?resource=https%3A%2F%2Fexample.org%2Fdts%2Fcollections%2Fhwgw%2Fs03%2Fed&ref=s03-pg142&tree=published_page
person,gnd-100143172,Gresset,published_page,page,s03-pg142,http://rs4.ethz.ch/dts/document/?resource=https%3A%2F%2Fexample.org%2Fdts%2Fcollections%2Fhwgw%2Fs03%2Fed&ref=s03-pg142&tree=published_page
person,gnd-118541013,Gottsched,published_page,page,s03-pg142,http://rs4.ethz.ch/dts/document/?resource=https%3A%2F%2Fexample.org%2Fdts%2Fcollections%2Fhwgw%2Fs03%2Fed&ref=s03-pg142&tree=published_page
person,gnd-118538969,Geßner,published_page,page,s03-pg142,http://rs4.ethz.ch/dts/document/?resource=https%3A%2F%2Fexample.org%2Fdts%2Fcollections%2Fhwgw%2Fs03%2Fed&ref=s03-pg142&tree=published_page
person,gnd-118538969,Geßner,published_page,page,s03-pg142,http://rs4.ethz.ch/dts/document/?resource=https%3A%2F%2Fexample.org%2Fdts%2Fcollections%2Fhwgw%2Fs03%2Fed&ref=s03-pg142&tree=published_page
person,gnd-118607200,Scherer,published_page,page,s03-pg143,http://rs4.ethz.ch/dts/document/?resource=https%3A%2F%2Fexample.org%2Fdts%2Fcollections%2Fhwgw%2Fs03%2Fed&ref=s03-pg143&tree=published_page
person,gnd-118607200,Scherer,published_page,page,s03-pg143,http://rs4.ethz.ch/dts/document/?resource=https%3A%2F%2Fexample.org%2Fdts%2Fcollections%2Fhwgw%2Fs03%2Fed&ref=s03-pg143&tree=published_page
place,gnd-4035206-7,Leipzig,published_page,page,s03-pg143,http://rs4.ethz.ch/dts/document/?resource=https%3A%2F%2Fexample.org%2Fdts%2Fcollections%2Fhwgw%2Fs03%2Fed&ref=s03-pg143&tree=published_page
person,gnd-118538969,Geßners,published_page,page,s03-pg143,http://rs4.ethz.ch/dts/document/?resource=https%3A%2F%2Fexample.org%2Fdts%2Fcollections%2Fhwgw%2Fs03%2Fed&ref=s03-pg143&tree=published_page
person,gnd-118512315,Bodmer,published_page,page,s03-pg143,http://rs4.ethz.ch/dts/document/?resource=https%3A%2F%2Fexample.org%2Fdts%2Fcollections%2Fhwgw%2Fs03%2Fed&ref=s03-pg143&tree=published_page
person,gnd-118717758,Gleim,published_page,page,s03-pg143,http://rs4.ethz.ch/dts/document/?resource=https%3A%2F%2Fexample.org%2Fdts%2Fcollections%2Fhwgw%2Fs03%2Fed&ref=s03-pg143&tree=published_page
person,gnd-119059614,Ramler,published_page,page,s03-pg143,http://rs4.ethz.ch/dts/document/?resource=https%3A%2F%2Fexample.org%2Fdts%2Fcollections%2Fhwgw%2Fs03%2Fed&ref=s03-pg143&tree=published_page
person,gnd-118621769,Theocrit,published_page,page,s03-pg143,http://rs4.ethz.ch/dts/document/?resource=https%3A%2F%2Fexample.org%2Fdts%2Fcollections%2Fhwgw%2Fs03%2Fed&ref=s03-pg143&tree=published_page
person,gnd-118538969,Geßner,published_page,page,s03-pg143,http://rs4.ethz.ch/dts/document/?resource=https%3A%2F%2Fexample.org%2Fdts%2Fcollections%2Fhwgw%2Fs03%2Fed&ref=s03-pg143&tree=published_page
person,gnd-118538969,Geßner,published_page,page,s03-pg143,http://rs4.ethz.ch/dts/document/?resource=https%3A%2F%2Fexample.org%2Fdts%2Fcollections%2Fhwgw%2Fs03%2Fed&ref=s03-pg143&tree=published_page
person,gnd-118621769,Theokrit,published_page,page,s03-pg143,http://rs4.ethz.ch/dts/document/?resource=https%3A%2F%2Fexample.org%2Fdts%2Fcollections%2Fhwgw%2Fs03%2Fed&ref=s03-pg143&tree=published_page
person,gnd-118538969,Geßner,published_page,page,s03-pg143,http://rs4.ethz.ch/dts/document/?resource=https%3A%2F%2Fexample.org%2Fdts%2Fcollections%2Fhwgw%2Fs03%2Fed&ref=s03-pg143&tree=published_page
person,gnd-118621769,Theokrit,published_page,page,s03-pg143,http://rs4.ethz.ch/dts/document/?resource=https%3A%2F%2Fexample.org%2Fdts%2Fcollections%2Fhwgw%2Fs03%2Fed&ref=s03-pg143&tree=published_page
person,gnd-118538969,Geßner,published_page,page,s03-pg143,http://rs4.ethz.ch/dts/document/?resource=https%3A%2F%2Fexample.org%2Fdts%2Fcollections%2Fhwgw%2Fs03%2Fed&ref=s03-pg143&tree=published_page
person,gnd-118621769,Theokrit,published_page,page,s03-pg143,http://rs4.ethz.ch/dts/document/?resource=https%3A%2F%2Fexample.org%2Fdts%2Fcollections%2Fhwgw%2Fs03%2Fed&ref=s03-pg143&tree=published_page
person,gnd-118621769,Theokrit,published_page,page,s03-pg143,http://rs4.ethz.ch/dts/document/?resource=https%3A%2F%2Fexample.org%2Fdts%2Fcollections%2Fhwgw%2Fs03%2Fed&ref=s03-pg143&tree=published_page
person,gnd-11855333X,Homers,published_page,page,s03-pg143,http://rs4.ethz.ch/dts/document/?resource=https%3A%2F%2Fexample.org%2Fdts%2Fcollections%2Fhwgw%2Fs03%2Fed&ref=s03-pg143&tree=published_page
person,gnd-118538969,Geßner,published_page,page,s03-pg143,http://rs4.ethz.ch/dts/document/?resource=https%3A%2F%2Fexample.org%2Fdts%2Fcollections%2Fhwgw%2Fs03%2Fed&ref=s03-pg143&tree=published_page
person,gnd-118541013,Gottsched,published_page,page,s03-pg143,http://rs4.ethz.ch/dts/document/?resource=https%3A%2F%2Fexample.org%2Fdts%2Fcollections%2Fhwgw%2Fs03%2Fed&ref=s03-pg143&tree=published_page
person,gnd-118541013,Gottsched,published_page,page,s03-pg143,http://rs4.ethz.ch/dts/document/?resource=https%3A%2F%2Fexample.org%2Fdts%2Fcollections%2Fhwgw%2Fs03%2Fed&ref=s03-pg143&tree=published_page
person,gnd-118538969,Geßner,published_page,page,s03-pg143,http://rs4.ethz.ch/dts/document/?resource=https%3A%2F%2Fexample.org%2Fdts%2Fcollections%2Fhwgw%2Fs03%2Fed&ref=s03-pg143&tree=published_page
person,gnd-118541013,Gottsched,published_page,page,s03-pg143,http://rs4.ethz.ch/dts/document/?resource=https%3A%2F%2Fexample.org%2Fdts%2Fcollections%2Fhwgw%2Fs03%2Fed&ref=s03-pg143&tree=published_page
person,gnd-118639056,fontenellischer,published_page,page,s03-pg143,http://rs4.ethz.ch/dts/document/?resource=https%3A%2F%2Fexample.org%2Fdts%2Fcollections%2Fhwgw%2Fs03%2Fed&ref=s03-pg143&tree=published_page
person,gnd-118538969,Geßner,published_page,page,s03-pg144,http://rs4.ethz.ch/dts/document/?resource=https%3A%2F%2Fexample.org%2Fdts%2Fcollections%2Fhwgw%2Fs03%2Fed&ref=s03-pg144&tree=published_page
person,gnd-118717758,Gleim,published_page,page,s03-pg144,http://rs4.ethz.ch/dts/document/?resource=https%3A%2F%2Fexample.org%2Fdts%2Fcollections%2Fhwgw%2Fs03%2Fed&ref=s03-pg144&tree=published_page
person,gnd-118545140,Haller,published_page,page,s03-pg144,http://rs4.ethz.ch/dts/document/?resource=https%3A%2F%2Fexample.org%2Fdts%2Fcollections%2Fhwgw%2Fs03%2Fed&ref=s03-pg144&tree=published_page
person,gnd-118538969,Gessners,published_page,page,s03-pg144,http://rs4.ethz.ch/dts/document/?resource=https%3A%2F%2Fexample.org%2Fdts%2Fcollections%2Fhwgw%2Fs03%2Fed&ref=s03-pg144&tree=published_page
person,gnd-118717758,Gleim,published_page,page,s03-pg144,http://rs4.ethz.ch/dts/document/?resource=https%3A%2F%2Fexample.org%2Fdts%2Fcollections%2Fhwgw%2Fs03%2Fed&ref=s03-pg144&tree=published_page
place,gnd-4068038-1,Zürich,published_page,page,s03-pg144,http://rs4.ethz.ch/dts/document/?resource=https%3A%2F%2Fexample.org%2Fdts%2Fcollections%2Fhwgw%2Fs03%2Fed&ref=s03-pg144&tree=published_page
person,gnd-118621769,Theokrit,published_page,page,s03-pg144,http://rs4.ethz.ch/dts/document/?resource=https%3A%2F%2Fexample.org%2Fdts%2Fcollections%2Fhwgw%2Fs03%2Fed&ref=s03-pg144&tree=published_page
person,gnd-118512315,Bodmer,published_page,page,s03-pg144,http://rs4.ethz.ch/dts/document/?resource=https%3A%2F%2Fexample.org%2Fdts%2Fcollections%2Fhwgw%2Fs03%2Fed&ref=s03-pg144&tree=published_page
person,gnd-118538969,Geßner,published_page,page,s03-pg144,http://rs4.ethz.ch/dts/document/?resource=https%3A%2F%2Fexample.org%2Fdts%2Fcollections%2Fhwgw%2Fs03%2Fed&ref=s03-pg144&tree=published_page
person,gnd-118798588,Stein,published_page,page,s03-pg144,http://rs4.ethz.ch/dts/document/?resource=https%3A%2F%2Fexample.org%2Fdts%2Fcollections%2Fhwgw%2Fs03%2Fed&ref=s03-pg144&tree=published_page
person,gnd-118541013,Gottsched,published_page,page,s03-pg144,http://rs4.ethz.ch/dts/document/?resource=https%3A%2F%2Fexample.org%2Fdts%2Fcollections%2Fhwgw%2Fs03%2Fed&ref=s03-pg144&tree=published_page
person,gnd-118791273,Rosts,published_page,page,s03-pg144,http://rs4.ethz.ch/dts/document/?resource=https%3A%2F%2Fexample.org%2Fdts%2Fcollections%2Fhwgw%2Fs03%2Fed&ref=s03-pg144&tree=published_page
person,gnd-118634496,Wölfflin,published_page,page,s03-pg144,http://rs4.ethz.ch/dts/document/?resource=https%3A%2F%2Fexample.org%2Fdts%2Fcollections%2Fhwgw%2Fs03%2Fed&ref=s03-pg144&tree=published_page
person,gnd-118538969,Geßner,published_page,page,s03-pg144,http://rs4.ethz.ch/dts/document/?resource=https%3A%2F%2Fexample.org%2Fdts%2Fcollections%2Fhwgw%2Fs03%2Fed&ref=s03-pg144&tree=published_page
person,gnd-118607626,Schiller,published_page,page,s03-pg144,http://rs4.ethz.ch/dts/document/?resource=https%3A%2F%2Fexample.org%2Fdts%2Fcollections%2Fhwgw%2Fs03%2Fed&ref=s03-pg144&tree=published_page
person,gnd-118634496,Wölfflin,published_page,page,s03-pg144,http://rs4.ethz.ch/dts/document/?resource=https%3A%2F%2Fexample.org%2Fdts%2Fcollections%2Fhwgw%2Fs03%2Fed&ref=s03-pg144&tree=published_page
organisation,gnd-2031351-2,BSB M,published_page,page,s03-pg144,http://rs4.ethz.ch/dts/document/?resource=https%3A%2F%2Fexample.org%2Fdts%2Fcollections%2Fhwgw%2Fs03%2Fed&ref=s03-pg144&tree=published_page
person,gnd-118636979,Zimmermann,published_page,page,s03-pg144,http://rs4.ethz.ch/dts/document/?resource=https%3A%2F%2Fexample.org%2Fdts%2Fcollections%2Fhwgw%2Fs03%2Fed&ref=s03-pg144&tree=published_page
person,gnd-118636979,J.G. Zimmermann,published_page,page,s03-pg144,http://rs4.ethz.ch/dts/document/?resource=https%3A%2F%2Fexample.org%2Fdts%2Fcollections%2Fhwgw%2Fs03%2Fed&ref=s03-pg144&tree=published_page
person,gnd-118538969,Geßners,published_page,page,s03-pg144,http://rs4.ethz.ch/dts/document/?resource=https%3A%2F%2Fexample.org%2Fdts%2Fcollections%2Fhwgw%2Fs03%2Fed&ref=s03-pg144&tree=published_page
person,gnd-118538969,Geßner,published_page,page,s03-pg145,http://rs4.ethz.ch/dts/document/?resource=https%3A%2F%2Fexample.org%2Fdts%2Fcollections%2Fhwgw%2Fs03%2Fed&ref=s03-pg145&tree=published_page
place,gnd-4055193-3,Sizilien,published_page,page,s03-pg145,http://rs4.ethz.ch/dts/document/?resource=https%3A%2F%2Fexample.org%2Fdts%2Fcollections%2Fhwgw%2Fs03%2Fed&ref=s03-pg145&tree=published_page
place,gnd-4068038-1,Zürich,published_page,page,s03-pg145,http://rs4.ethz.ch/dts/document/?resource=https%3A%2F%2Fexample.org%2Fdts%2Fcollections%2Fhwgw%2Fs03%2Fed&ref=s03-pg145&tree=published_page
person,gnd-118621769,Theocrits,published_page,page,s03-pg145,http://rs4.ethz.ch/dts/document/?resource=https%3A%2F%2Fexample.org%2Fdts%2Fcollections%2Fhwgw%2Fs03%2Fed&ref=s03-pg145&tree=published_page
person,gnd-118538969,Geßners,published_page,page,s03-pg145,http://rs4.ethz.ch/dts/document/?resource=https%3A%2F%2Fexample.org%2Fdts%2Fcollections%2Fhwgw%2Fs03%2Fed&ref=s03-pg145&tree=published_page
person,gnd-118538969,Salomon Gessner,published_page,page,s03-pg145,http://rs4.ethz.ch/dts/document/?resource=https%3A%2F%2Fexample.org%2Fdts%2Fcollections%2Fhwgw%2Fs03%2Fed&ref=s03-pg145&tree=published_page
object,object-Blumen-Arrangeme-51,Blumen-Arrangement {HW: Blumen-Vignette},published_page,page,s03-pg145,http://rs4.ethz.ch/dts/document/?resource=https%3A%2F%2Fexample.org%2Fdts%2Fcollections%2Fhwgw%2Fs03%2Fed&ref=s03-pg145&tree=published_page
person,gnd-118634496,Wölfflins,published_page,page,s03-pg145,http://rs4.ethz.ch/dts/document/?resource=https%3A%2F%2Fexample.org%2Fdts%2Fcollections%2Fhwgw%2Fs03%2Fed&ref=s03-pg145&tree=published_page
person,gnd-118538969,Geßner,published_page,page,s03-pg146,http://rs4.ethz.ch/dts/document/?resource=https%3A%2F%2Fexample.org%2Fdts%2Fcollections%2Fhwgw%2Fs03%2Fed&ref=s03-pg146&tree=published_page
person,gnd-118538969,Geßners,published_page,page,s03-pg146,http://rs4.ethz.ch/dts/document/?resource=https%3A%2F%2Fexample.org%2Fdts%2Fcollections%2Fhwgw%2Fs03%2Fed&ref=s03-pg146&tree=published_page
person,gnd-118634496,Wölfflin,published_page,page,s03-pg146,http://rs4.ethz.ch/dts/document/?resource=https%3A%2F%2Fexample.org%2Fdts%2Fcollections%2Fhwgw%2Fs03%2Fed&ref=s03-pg146&tree=published_page
person,gnd-118538969,Geßner,published_page,page,s03-pg146,http://rs4.ethz.ch/dts/document/?resource=https%3A%2F%2Fexample.org%2Fdts%2Fcollections%2Fhwgw%2Fs03%2Fed&ref=s03-pg146&tree=published_page
place,gnd-4068038-1,Zürich,published_page,page,s03-pg146,http://rs4.ethz.ch/dts/document/?resource=https%3A%2F%2Fexample.org%2Fdts%2Fcollections%2Fhwgw%2Fs03%2Fed&ref=s03-pg146&tree=published_page
person,gnd-118538969,Geßners,published_page,page,s03-pg146,http://rs4.ethz.ch/dts/document/?resource=https%3A%2F%2Fexample.org%2Fdts%2Fcollections%2Fhwgw%2Fs03%2Fed&ref=s03-pg146&tree=published_page
person,gnd-118634771,Christian Wolff,published_page,page,s03-pg146,http://rs4.ethz.ch/dts/document/?resource=https%3A%2F%2Fexample.org%2Fdts%2Fcollections%2Fhwgw%2Fs03%2Fed&ref=s03-pg146&tree=published_page
person,gnd-118512315,Bodmers,published_page,page,s03-pg146,http://rs4.ethz.ch/dts/document/?resource=https%3A%2F%2Fexample.org%2Fdts%2Fcollections%2Fhwgw%2Fs03%2Fed&ref=s03-pg146&tree=published_page
person,gnd-118541013,Gottscheds,published_page,page,s03-pg146,http://rs4.ethz.ch/dts/document/?resource=https%3A%2F%2Fexample.org%2Fdts%2Fcollections%2Fhwgw%2Fs03%2Fed&ref=s03-pg146&tree=published_page
person,gnd-118607200,Scherer,published_page,page,s03-pg147,http://rs4.ethz.ch/dts/document/?resource=https%3A%2F%2Fexample.org%2Fdts%2Fcollections%2Fhwgw%2Fs03%2Fed&ref=s03-pg147&tree=published_page
person,gnd-118538969,Geßners,published_page,page,s03-pg147,http://rs4.ethz.ch/dts/document/?resource=https%3A%2F%2Fexample.org%2Fdts%2Fcollections%2Fhwgw%2Fs03%2Fed&ref=s03-pg147&tree=published_page
person,gnd-118603426,J.J. Rousseaus,published_page,page,s03-pg147,http://rs4.ethz.ch/dts/document/?resource=https%3A%2F%2Fexample.org%2Fdts%2Fcollections%2Fhwgw%2Fs03%2Fed&ref=s03-pg147&tree=published_page
person,gnd-118538969,Geßner,published_page,page,s03-pg147,http://rs4.ethz.ch/dts/document/?resource=https%3A%2F%2Fexample.org%2Fdts%2Fcollections%2Fhwgw%2Fs03%2Fed&ref=s03-pg147&tree=published_page
person,gnd-118538969,Geßner,published_page,page,s03-pg147,http://rs4.ethz.ch/dts/document/?resource=https%3A%2F%2Fexample.org%2Fdts%2Fcollections%2Fhwgw%2Fs03%2Fed&ref=s03-pg147&tree=published_page
person,gnd-118603426,Rousseau,published_page,page,s03-pg147,http://rs4.ethz.ch/dts/document/?resource=https%3A%2F%2Fexample.org%2Fdts%2Fcollections%2Fhwgw%2Fs03%2Fed&ref=s03-pg147&tree=published_page
person,gnd-118603426,Rousseaus,published_page,page,s03-pg147,http://rs4.ethz.ch/dts/document/?resource=https%3A%2F%2Fexample.org%2Fdts%2Fcollections%2Fhwgw%2Fs03%2Fed&ref=s03-pg147&tree=published_page
person,gnd-118634496,Wölfflin,published_page,page,s03-pg147,http://rs4.ethz.ch/dts/document/?resource=https%3A%2F%2Fexample.org%2Fdts%2Fcollections%2Fhwgw%2Fs03%2Fed&ref=s03-pg147&tree=published_page
organisation,gnd-2031351-2,BSB M,published_page,page,s03-pg147,http://rs4.ethz.ch/dts/document/?resource=https%3A%2F%2Fexample.org%2Fdts%2Fcollections%2Fhwgw%2Fs03%2Fed&ref=s03-pg147&tree=published_page
person,gnd-118603426,Rousseaus,published_page,page,s03-pg148,http://rs4.ethz.ch/dts/document/?resource=https%3A%2F%2Fexample.org%2Fdts%2Fcollections%2Fhwgw%2Fs03%2Fed&ref=s03-pg148&tree=published_page
place,gnd-4068038-1,Zürich,published_page,page,s03-pg148,http://rs4.ethz.ch/dts/document/?resource=https%3A%2F%2Fexample.org%2Fdts%2Fcollections%2Fhwgw%2Fs03%2Fed&ref=s03-pg148&tree=published_page
person,gnd-117374377,W.D. Sulzer,published_page,page,s03-pg148,http://rs4.ethz.ch/dts/document/?resource=https%3A%2F%2Fexample.org%2Fdts%2Fcollections%2Fhwgw%2Fs03%2Fed&ref=s03-pg148&tree=published_page
person,gnd-118538969,Geßner,published_page,page,s03-pg148,http://rs4.ethz.ch/dts/document/?resource=https%3A%2F%2Fexample.org%2Fdts%2Fcollections%2Fhwgw%2Fs03%2Fed&ref=s03-pg148&tree=published_page
person,gnd-118603426,J.J. Rousseau,published_page,page,s03-pg148,http://rs4.ethz.ch/dts/document/?resource=https%3A%2F%2Fexample.org%2Fdts%2Fcollections%2Fhwgw%2Fs03%2Fed&ref=s03-pg148&tree=published_page
person,gnd-118632477,Wieland,published_page,page,s03-pg148,http://rs4.ethz.ch/dts/document/?resource=https%3A%2F%2Fexample.org%2Fdts%2Fcollections%2Fhwgw%2Fs03%2Fed&ref=s03-pg148&tree=published_page
person,gnd-118632477,Wielands,published_page,page,s03-pg148,http://rs4.ethz.ch/dts/document/?resource=https%3A%2F%2Fexample.org%2Fdts%2Fcollections%2Fhwgw%2Fs03%2Fed&ref=s03-pg148&tree=published_page
person,gnd-118538969,Gessner,published_page,page,s03-pg148,http://rs4.ethz.ch/dts/document/?resource=https%3A%2F%2Fexample.org%2Fdts%2Fcollections%2Fhwgw%2Fs03%2Fed&ref=s03-pg148&tree=published_page
place,gnd-4006424-4,Biberach,published_page,page,s03-pg148,http://rs4.ethz.ch/dts/document/?resource=https%3A%2F%2Fexample.org%2Fdts%2Fcollections%2Fhwgw%2Fs03%2Fed&ref=s03-pg148&tree=published_page
person,gnd-118633600,Winckelmann,published_page,page,s03-pg148,http://rs4.ethz.ch/dts/document/?resource=https%3A%2F%2Fexample.org%2Fdts%2Fcollections%2Fhwgw%2Fs03%2Fed&ref=s03-pg148&tree=published_page
person,gnd-118603426,Rousseau,published_page,page,s03-pg148,http://rs4.ethz.ch/dts/document/?resource=https%3A%2F%2Fexample.org%2Fdts%2Fcollections%2Fhwgw%2Fs03%2Fed&ref=s03-pg148&tree=published_page
place,gnd-4068038-1,Zürich,published_page,page,s03-pg148,http://rs4.ethz.ch/dts/document/?resource=https%3A%2F%2Fexample.org%2Fdts%2Fcollections%2Fhwgw%2Fs03%2Fed&ref=s03-pg148&tree=published_page
person,gnd-118512315,Bodmer,published_page,page,s03-pg148,http://rs4.ethz.ch/dts/document/?resource=https%3A%2F%2Fexample.org%2Fdts%2Fcollections%2Fhwgw%2Fs03%2Fed&ref=s03-pg148&tree=published_page
person,gnd-118538969,Geßner,published_page,page,s03-pg148,http://rs4.ethz.ch/dts/document/?resource=https%3A%2F%2Fexample.org%2Fdts%2Fcollections%2Fhwgw%2Fs03%2Fed&ref=s03-pg148&tree=published_page
person,gnd-118603426,Rousseaus,published_page,page,s03-pg148,http://rs4.ethz.ch/dts/document/?resource=https%3A%2F%2Fexample.org%2Fdts%2Fcollections%2Fhwgw%2Fs03%2Fed&ref=s03-pg148&tree=published_page
person,gnd-118538969,Geßner,published_page,page,s03-pg148,http://rs4.ethz.ch/dts/document/?resource=https%3A%2F%2Fexample.org%2Fdts%2Fcollections%2Fhwgw%2Fs03%2Fed&ref=s03-pg148&tree=published_page
person,gnd-118603426,Rousseau,published_page,page,s03-pg148,http://rs4.ethz.ch/dts/document/?resource=https%3A%2F%2Fexample.org%2Fdts%2Fcollections%2Fhwgw%2Fs03%2Fed&ref=s03-pg148&tree=published_page
person,gnd-117031933,Huber,published_page,page,s03-pg148,http://rs4.ethz.ch/dts/document/?resource=https%3A%2F%2Fexample.org%2Fdts%2Fcollections%2Fhwgw%2Fs03%2Fed&ref=s03-pg148&tree=published_page
place,gnd-4068038-1,Zürich,published_page,page,s03-pg148,http://rs4.ethz.ch/dts/document/?resource=https%3A%2F%2Fexample.org%2Fdts%2Fcollections%2Fhwgw%2Fs03%2Fed&ref=s03-pg148&tree=published_page
place,gnd-4115218-9,Montmorency,published_page,page,s03-pg148,http://rs4.ethz.ch/dts/document/?resource=https%3A%2F%2Fexample.org%2Fdts%2Fcollections%2Fhwgw%2Fs03%2Fed&ref=s03-pg148&tree=published_page
person,gnd-118538969,Gessner,published_page,page,s03-pg148,http://rs4.ethz.ch/dts/document/?resource=https%3A%2F%2Fexample.org%2Fdts%2Fcollections%2Fhwgw%2Fs03%2Fed&ref=s03-pg148&tree=published_page
person,gnd-118603426,Rousseaus,published_page,page,s03-pg148,http://rs4.ethz.ch/dts/document/?resource=https%3A%2F%2Fexample.org%2Fdts%2Fcollections%2Fhwgw%2Fs03%2Fed&ref=s03-pg148&tree=published_page
person,gnd-117031933,Huber,published_page,page,s03-pg148,http://rs4.ethz.ch/dts/document/?resource=https%3A%2F%2Fexample.org%2Fdts%2Fcollections%2Fhwgw%2Fs03%2Fed&ref=s03-pg148&tree=published_page
place,gnd-4115218-9,Montmorency,published_page,page,s03-pg148,http://rs4.ethz.ch/dts/document/?resource=https%3A%2F%2Fexample.org%2Fdts%2Fcollections%2Fhwgw%2Fs03%2Fed&ref=s03-pg148&tree=published_page
person,gnd-11701348X,Hottinger,published_page,page,s03-pg148,http://rs4.ethz.ch/dts/document/?resource=https%3A%2F%2Fexample.org%2Fdts%2Fcollections%2Fhwgw%2Fs03%2Fed&ref=s03-pg148&tree=published_page
person,gnd-118634496,Wölfflin,published_page,page,s03-pg148,http://rs4.ethz.ch/dts/document/?resource=https%3A%2F%2Fexample.org%2Fdts%2Fcollections%2Fhwgw%2Fs03%2Fed&ref=s03-pg148&tree=published_page
person,gnd-118512315,Bodmer,published_page,page,s03-pg148,http://rs4.ethz.ch/dts/document/?resource=https%3A%2F%2Fexample.org%2Fdts%2Fcollections%2Fhwgw%2Fs03%2Fed&ref=s03-pg148&tree=published_page
person,gnd-118603426,Rousseau,published_page,page,s03-pg148,http://rs4.ethz.ch/dts/document/?resource=https%3A%2F%2Fexample.org%2Fdts%2Fcollections%2Fhwgw%2Fs03%2Fed&ref=s03-pg148&tree=published_page
person,gnd-118538969,Geßnersche,published_page,page,s03-pg148,http://rs4.ethz.ch/dts/document/?resource=https%3A%2F%2Fexample.org%2Fdts%2Fcollections%2Fhwgw%2Fs03%2Fed&ref=s03-pg148&tree=published_page
person,gnd-118634496,Wölfflin,published_page,page,s03-pg148,http://rs4.ethz.ch/dts/document/?resource=https%3A%2F%2Fexample.org%2Fdts%2Fcollections%2Fhwgw%2Fs03%2Fed&ref=s03-pg148&tree=published_page
person,gnd-118634496,Wölfflin,published_page,page,s03-pg148,http://rs4.ethz.ch/dts/document/?resource=https%3A%2F%2Fexample.org%2Fdts%2Fcollections%2Fhwgw%2Fs03%2Fed&ref=s03-pg148&tree=published_page
person,gnd-118763202,Turgot,published_page,page,s03-pg148,http://rs4.ethz.ch/dts/document/?resource=https%3A%2F%2Fexample.org%2Fdts%2Fcollections%2Fhwgw%2Fs03%2Fed&ref=s03-pg148&tree=published_page
person,gnd-118525263,Diderot,published_page,page,s03-pg148,http://rs4.ethz.ch/dts/document/?resource=https%3A%2F%2Fexample.org%2Fdts%2Fcollections%2Fhwgw%2Fs03%2Fed&ref=s03-pg148&tree=published_page
person,gnd-118697765,Grimm,published_page,page,s03-pg148,http://rs4.ethz.ch/dts/document/?resource=https%3A%2F%2Fexample.org%2Fdts%2Fcollections%2Fhwgw%2Fs03%2Fed&ref=s03-pg148&tree=published_page
person,gnd-118763202,Turgot,published_page,page,s03-pg148,http://rs4.ethz.ch/dts/document/?resource=https%3A%2F%2Fexample.org%2Fdts%2Fcollections%2Fhwgw%2Fs03%2Fed&ref=s03-pg148&tree=published_page
person,gnd-118603426,Rousseau,published_page,page,s03-pg148,http://rs4.ethz.ch/dts/document/?resource=https%3A%2F%2Fexample.org%2Fdts%2Fcollections%2Fhwgw%2Fs03%2Fed&ref=s03-pg148&tree=published_page
person,gnd-118540238,Goethe,published_page,page,s03-pg148,http://rs4.ethz.ch/dts/document/?resource=https%3A%2F%2Fexample.org%2Fdts%2Fcollections%2Fhwgw%2Fs03%2Fed&ref=s03-pg148&tree=published_page
person,gnd-118607960,A. W. v. Schlegel,published_page,page,s03-pg148,http://rs4.ethz.ch/dts/document/?resource=https%3A%2F%2Fexample.org%2Fdts%2Fcollections%2Fhwgw%2Fs03%2Fed&ref=s03-pg148&tree=published_page
person,gnd-118538918,Gervinus,published_page,page,s03-pg148,http://rs4.ethz.ch/dts/document/?resource=https%3A%2F%2Fexample.org%2Fdts%2Fcollections%2Fhwgw%2Fs03%2Fed&ref=s03-pg148&tree=published_page
person,gnd-118538969,Geßner,published_page,page,s03-pg148,http://rs4.ethz.ch/dts/document/?resource=https%3A%2F%2Fexample.org%2Fdts%2Fcollections%2Fhwgw%2Fs03%2Fed&ref=s03-pg148&tree=published_page
organisation,gnd-2031351-2,BSB M,published_page,page,s03-pg148,http://rs4.ethz.ch/dts/document/?resource=https%3A%2F%2Fexample.org%2Fdts%2Fcollections%2Fhwgw%2Fs03%2Fed&ref=s03-pg148&tree=published_page
person,gnd-118538969,Geßner,published_page,page,s03-pg148,http://rs4.ethz.ch/dts/document/?resource=https%3A%2F%2Fexample.org%2Fdts%2Fcollections%2Fhwgw%2Fs03%2Fed&ref=s03-pg148&tree=published_page
object,object-Petit-Trianon-34,petit Trianon,published_page,page,s03-pg149,http://rs4.ethz.ch/dts/document/?resource=https%3A%2F%2Fexample.org%2Fdts%2Fcollections%2Fhwgw%2Fs03%2Fed&ref=s03-pg149&tree=published_page
person,gnd-118538969,Geßner,published_page,page,s03-pg149,http://rs4.ethz.ch/dts/document/?resource=https%3A%2F%2Fexample.org%2Fdts%2Fcollections%2Fhwgw%2Fs03%2Fed&ref=s03-pg149&tree=published_page
person,gnd-128624280,Königin von England,published_page,page,s03-pg149,http://rs4.ethz.ch/dts/document/?resource=https%3A%2F%2Fexample.org%2Fdts%2Fcollections%2Fhwgw%2Fs03%2Fed&ref=s03-pg149&tree=published_page
person,gnd-118538969,Geßner,published_page,page,s03-pg149,http://rs4.ethz.ch/dts/document/?resource=https%3A%2F%2Fexample.org%2Fdts%2Fcollections%2Fhwgw%2Fs03%2Fed&ref=s03-pg149&tree=published_page
person,gnd-118603426,Rousseau,published_page,page,s03-pg149,http://rs4.ethz.ch/dts/document/?resource=https%3A%2F%2Fexample.org%2Fdts%2Fcollections%2Fhwgw%2Fs03%2Fed&ref=s03-pg149&tree=published_page
person,gnd-118538969,Geßner,published_page,page,s03-pg149,http://rs4.ethz.ch/dts/document/?resource=https%3A%2F%2Fexample.org%2Fdts%2Fcollections%2Fhwgw%2Fs03%2Fed&ref=s03-pg149&tree=published_page
person,gnd-118603426,Rousseau,published_page,page,s03-pg149,http://rs4.ethz.ch/dts/document/?resource=https%3A%2F%2Fexample.org%2Fdts%2Fcollections%2Fhwgw%2Fs03%2Fed&ref=s03-pg149&tree=published_page
person,gnd-118603426,Rousseau,published_page,page,s03-pg149,http://rs4.ethz.ch/dts/document/?resource=https%3A%2F%2Fexample.org%2Fdts%2Fcollections%2Fhwgw%2Fs03%2Fed&ref=s03-pg149&tree=published_page
person,gnd-108352129,Wolfgang Proß,published_page,page,s03-pg149,http://rs4.ethz.ch/dts/document/?resource=https%3A%2F%2Fexample.org%2Fdts%2Fcollections%2Fhwgw%2Fs03%2Fed&ref=s03-pg149&tree=published_page
place,gnd-4053881-3,Schweiz,published_page,page,s03-pg149,http://rs4.ethz.ch/dts/document/?resource=https%3A%2F%2Fexample.org%2Fdts%2Fcollections%2Fhwgw%2Fs03%2Fed&ref=s03-pg149&tree=published_page
place,gnd-4068038-1,Zürich,published_page,page,s03-pg149,http://rs4.ethz.ch/dts/document/?resource=https%3A%2F%2Fexample.org%2Fdts%2Fcollections%2Fhwgw%2Fs03%2Fed&ref=s03-pg149&tree=published_page
person,gnd-118538969,Geßner,published_page,page,s03-pg149,http://rs4.ethz.ch/dts/document/?resource=https%3A%2F%2Fexample.org%2Fdts%2Fcollections%2Fhwgw%2Fs03%2Fed&ref=s03-pg149&tree=published_page
person,gnd-119020890,Hirzel,published_page,page,s03-pg149,http://rs4.ethz.ch/dts/document/?resource=https%3A%2F%2Fexample.org%2Fdts%2Fcollections%2Fhwgw%2Fs03%2Fed&ref=s03-pg149&tree=published_page
place,gnd-4068038-1,Zürich,published_page,page,s03-pg149,http://rs4.ethz.ch/dts/document/?resource=https%3A%2F%2Fexample.org%2Fdts%2Fcollections%2Fhwgw%2Fs03%2Fed&ref=s03-pg149&tree=published_page
person,gnd-118538969,Geßners,published_page,page,s03-pg149,http://rs4.ethz.ch/dts/document/?resource=https%3A%2F%2Fexample.org%2Fdts%2Fcollections%2Fhwgw%2Fs03%2Fed&ref=s03-pg149&tree=published_page
person,gnd-104051566,Frey,published_page,page,s03-pg149,http://rs4.ethz.ch/dts/document/?resource=https%3A%2F%2Fexample.org%2Fdts%2Fcollections%2Fhwgw%2Fs03%2Fed&ref=s03-pg149&tree=published_page
person,gnd-118603426,Rousseau,published_page,page,s03-pg149,http://rs4.ethz.ch/dts/document/?resource=https%3A%2F%2Fexample.org%2Fdts%2Fcollections%2Fhwgw%2Fs03%2Fed&ref=s03-pg149&tree=published_page
person,gnd-118699598,Kleinjogg,published_page,page,s03-pg149,http://rs4.ethz.ch/dts/document/?resource=https%3A%2F%2Fexample.org%2Fdts%2Fcollections%2Fhwgw%2Fs03%2Fed&ref=s03-pg149&tree=published_page
person,gnd-117031933,Huber,published_page,page,s03-pg149,http://rs4.ethz.ch/dts/document/?resource=https%3A%2F%2Fexample.org%2Fdts%2Fcollections%2Fhwgw%2Fs03%2Fed&ref=s03-pg149&tree=published_page
person,gnd-118634496,Wölfflin,published_page,page,s03-pg149,http://rs4.ethz.ch/dts/document/?resource=https%3A%2F%2Fexample.org%2Fdts%2Fcollections%2Fhwgw%2Fs03%2Fed&ref=s03-pg149&tree=published_page
person,gnd-118603426,Rousseaus,published_page,page,s03-pg149,http://rs4.ethz.ch/dts/document/?resource=https%3A%2F%2Fexample.org%2Fdts%2Fcollections%2Fhwgw%2Fs03%2Fed&ref=s03-pg149&tree=published_page
person,gnd-117031933,Huber,published_page,page,s03-pg149,http://rs4.ethz.ch/dts/document/?resource=https%3A%2F%2Fexample.org%2Fdts%2Fcollections%2Fhwgw%2Fs03%2Fed&ref=s03-pg149&tree=published_page
place,gnd-4115218-9,Montmorency,published_page,page,s03-pg149,http://rs4.ethz.ch/dts/document/?resource=https%3A%2F%2Fexample.org%2Fdts%2Fcollections%2Fhwgw%2Fs03%2Fed&ref=s03-pg149&tree=published_page
organisation,gnd-2031351-2,BSB M,published_page,page,s03-pg149,http://rs4.ethz.ch/dts/document/?resource=https%3A%2F%2Fexample.org%2Fdts%2Fcollections%2Fhwgw%2Fs03%2Fed&ref=s03-pg149&tree=published_page
person,gnd-118512315,Bodmer,published_page,page,s03-pg150,http://rs4.ethz.ch/dts/document/?resource=https%3A%2F%2Fexample.org%2Fdts%2Fcollections%2Fhwgw%2Fs03%2Fed&ref=s03-pg150&tree=published_page
person,gnd-117595950,Zellweger,published_page,page,s03-pg150,http://rs4.ethz.ch/dts/document/?resource=https%3A%2F%2Fexample.org%2Fdts%2Fcollections%2Fhwgw%2Fs03%2Fed&ref=s03-pg150&tree=published_page
place,gnd-4106969-9,Trogen,published_page,page,s03-pg150,http://rs4.ethz.ch/dts/document/?resource=https%3A%2F%2Fexample.org%2Fdts%2Fcollections%2Fhwgw%2Fs03%2Fed&ref=s03-pg150&tree=published_page
person,gnd-118634496,Wölfflin,published_page,page,s03-pg150,http://rs4.ethz.ch/dts/document/?resource=https%3A%2F%2Fexample.org%2Fdts%2Fcollections%2Fhwgw%2Fs03%2Fed&ref=s03-pg150&tree=published_page
person,gnd-118512315,Bodmers,published_page,page,s03-pg150,http://rs4.ethz.ch/dts/document/?resource=https%3A%2F%2Fexample.org%2Fdts%2Fcollections%2Fhwgw%2Fs03%2Fed&ref=s03-pg150&tree=published_page
person,gnd-117595950,Zellweger,published_page,page,s03-pg150,http://rs4.ethz.ch/dts/document/?resource=https%3A%2F%2Fexample.org%2Fdts%2Fcollections%2Fhwgw%2Fs03%2Fed&ref=s03-pg150&tree=published_page
person,gnd-118545140,Haller,published_page,page,s03-pg150,http://rs4.ethz.ch/dts/document/?resource=https%3A%2F%2Fexample.org%2Fdts%2Fcollections%2Fhwgw%2Fs03%2Fed&ref=s03-pg150&tree=published_page
person,gnd-118545140,Hallers,published_page,page,s03-pg150,http://rs4.ethz.ch/dts/document/?resource=https%3A%2F%2Fexample.org%2Fdts%2Fcollections%2Fhwgw%2Fs03%2Fed&ref=s03-pg150&tree=published_page
person,gnd-118538969,Geßner,published_page,page,s03-pg150,http://rs4.ethz.ch/dts/document/?resource=https%3A%2F%2Fexample.org%2Fdts%2Fcollections%2Fhwgw%2Fs03%2Fed&ref=s03-pg150&tree=published_page
person,gnd-118512315,Bodmer,published_page,page,s03-pg150,http://rs4.ethz.ch/dts/document/?resource=https%3A%2F%2Fexample.org%2Fdts%2Fcollections%2Fhwgw%2Fs03%2Fed&ref=s03-pg150&tree=published_page
person,gnd-118545140,Hallers,published_page,page,s03-pg150,http://rs4.ethz.ch/dts/document/?resource=https%3A%2F%2Fexample.org%2Fdts%2Fcollections%2Fhwgw%2Fs03%2Fed&ref=s03-pg150&tree=published_page
person,gnd-118545140,Haller,published_page,page,s03-pg150,http://rs4.ethz.ch/dts/document/?resource=https%3A%2F%2Fexample.org%2Fdts%2Fcollections%2Fhwgw%2Fs03%2Fed&ref=s03-pg150&tree=published_page
person,gnd-118538969,Geßners,published_page,page,s03-pg150,http://rs4.ethz.ch/dts/document/?resource=https%3A%2F%2Fexample.org%2Fdts%2Fcollections%2Fhwgw%2Fs03%2Fed&ref=s03-pg150&tree=published_page
person,gnd-118634496,Wölfflin,published_page,page,s03-pg150,http://rs4.ethz.ch/dts/document/?resource=https%3A%2F%2Fexample.org%2Fdts%2Fcollections%2Fhwgw%2Fs03%2Fed&ref=s03-pg150&tree=published_page
person,gnd-118525263,Diderot,published_page,page,s03-pg150,http://rs4.ethz.ch/dts/document/?resource=https%3A%2F%2Fexample.org%2Fdts%2Fcollections%2Fhwgw%2Fs03%2Fed&ref=s03-pg150&tree=published_page
person,gnd-118545140,Haller,published_page,page,s03-pg150,http://rs4.ethz.ch/dts/document/?resource=https%3A%2F%2Fexample.org%2Fdts%2Fcollections%2Fhwgw%2Fs03%2Fed&ref=s03-pg150&tree=published_page
person,gnd-118585800,Muralt,published_page,page,s03-pg150,http://rs4.ethz.ch/dts/document/?resource=https%3A%2F%2Fexample.org%2Fdts%2Fcollections%2Fhwgw%2Fs03%2Fed&ref=s03-pg150&tree=published_page
person,gnd-118603426,Rousseau,published_page,page,s03-pg150,http://rs4.ethz.ch/dts/document/?resource=https%3A%2F%2Fexample.org%2Fdts%2Fcollections%2Fhwgw%2Fs03%2Fed&ref=s03-pg150&tree=published_page
person,gnd-118585800,Muralt,published_page,page,s03-pg150,http://rs4.ethz.ch/dts/document/?resource=https%3A%2F%2Fexample.org%2Fdts%2Fcollections%2Fhwgw%2Fs03%2Fed&ref=s03-pg150&tree=published_page
person,gnd-119020890,Hirzels,published_page,page,s03-pg150,http://rs4.ethz.ch/dts/document/?resource=https%3A%2F%2Fexample.org%2Fdts%2Fcollections%2Fhwgw%2Fs03%2Fed&ref=s03-pg150&tree=published_page
person,gnd-118697609,O.v. Greyerz,published_page,page,s03-pg150,http://rs4.ethz.ch/dts/document/?resource=https%3A%2F%2Fexample.org%2Fdts%2Fcollections%2Fhwgw%2Fs03%2Fed&ref=s03-pg150&tree=published_page
person,gnd-118634496,Wölfflin,published_page,page,s03-pg150,http://rs4.ethz.ch/dts/document/?resource=https%3A%2F%2Fexample.org%2Fdts%2Fcollections%2Fhwgw%2Fs03%2Fed&ref=s03-pg150&tree=published_page
person,gnd-118585800,Muralt,published_page,page,s03-pg150,http://rs4.ethz.ch/dts/document/?resource=https%3A%2F%2Fexample.org%2Fdts%2Fcollections%2Fhwgw%2Fs03%2Fed&ref=s03-pg150&tree=published_page
person,gnd-118585800,Muralt,published_page,page,s03-pg150,http://rs4.ethz.ch/dts/document/?resource=https%3A%2F%2Fexample.org%2Fdts%2Fcollections%2Fhwgw%2Fs03%2Fed&ref=s03-pg150&tree=published_page
person,gnd-118585800,Muralt,published_page,page,s03-pg150,http://rs4.ethz.ch/dts/document/?resource=https%3A%2F%2Fexample.org%2Fdts%2Fcollections%2Fhwgw%2Fs03%2Fed&ref=s03-pg150&tree=published_page
person,gnd-118585800,Muralt,published_page,page,s03-pg150,http://rs4.ethz.ch/dts/document/?resource=https%3A%2F%2Fexample.org%2Fdts%2Fcollections%2Fhwgw%2Fs03%2Fed&ref=s03-pg150&tree=published_page
person,gnd-118512315,Bodmer,published_page,page,s03-pg150,http://rs4.ethz.ch/dts/document/?resource=https%3A%2F%2Fexample.org%2Fdts%2Fcollections%2Fhwgw%2Fs03%2Fed&ref=s03-pg150&tree=published_page
person,gnd-118514881,Breitinger,published_page,page,s03-pg150,http://rs4.ethz.ch/dts/document/?resource=https%3A%2F%2Fexample.org%2Fdts%2Fcollections%2Fhwgw%2Fs03%2Fed&ref=s03-pg150&tree=published_page
person,gnd-118603426,Rousseaus,published_page,page,s03-pg151,http://rs4.ethz.ch/dts/document/?resource=https%3A%2F%2Fexample.org%2Fdts%2Fcollections%2Fhwgw%2Fs03%2Fed&ref=s03-pg151&tree=published_page
person,gnd-118500619,Addison,published_page,page,s03-pg151,http://rs4.ethz.ch/dts/document/?resource=https%3A%2F%2Fexample.org%2Fdts%2Fcollections%2Fhwgw%2Fs03%2Fed&ref=s03-pg151&tree=published_page
person,gnd-118514881,Breitinger,published_page,page,s03-pg151,http://rs4.ethz.ch/dts/document/?resource=https%3A%2F%2Fexample.org%2Fdts%2Fcollections%2Fhwgw%2Fs03%2Fed&ref=s03-pg151&tree=published_page
person,gnd-118512315,Bodmer,published_page,page,s03-pg151,http://rs4.ethz.ch/dts/document/?resource=https%3A%2F%2Fexample.org%2Fdts%2Fcollections%2Fhwgw%2Fs03%2Fed&ref=s03-pg151&tree=published_page
person,gnd-118634496,Wölfflin,published_page,page,s03-pg151,http://rs4.ethz.ch/dts/document/?resource=https%3A%2F%2Fexample.org%2Fdts%2Fcollections%2Fhwgw%2Fs03%2Fed&ref=s03-pg151&tree=published_page
person,gnd-118500619,Addison,published_page,page,s03-pg151,http://rs4.ethz.ch/dts/document/?resource=https%3A%2F%2Fexample.org%2Fdts%2Fcollections%2Fhwgw%2Fs03%2Fed&ref=s03-pg151&tree=published_page
place,gnd-4068038-1,Zürich,published_page,page,s03-pg151,http://rs4.ethz.ch/dts/document/?resource=https%3A%2F%2Fexample.org%2Fdts%2Fcollections%2Fhwgw%2Fs03%2Fed&ref=s03-pg151&tree=published_page
person,gnd-118603426,Rousseau,published_page,page,s03-pg151,http://rs4.ethz.ch/dts/document/?resource=https%3A%2F%2Fexample.org%2Fdts%2Fcollections%2Fhwgw%2Fs03%2Fed&ref=s03-pg151&tree=published_page
person,gnd-118538969,Geßner,published_page,page,s03-pg151,http://rs4.ethz.ch/dts/document/?resource=https%3A%2F%2Fexample.org%2Fdts%2Fcollections%2Fhwgw%2Fs03%2Fed&ref=s03-pg151&tree=published_page
person,gnd-118603426,Rousseau,published_page,page,s03-pg151,http://rs4.ethz.ch/dts/document/?resource=https%3A%2F%2Fexample.org%2Fdts%2Fcollections%2Fhwgw%2Fs03%2Fed&ref=s03-pg151&tree=published_page
person,gnd-118538969,Geßner,published_page,page,s03-pg151,http://rs4.ethz.ch/dts/document/?resource=https%3A%2F%2Fexample.org%2Fdts%2Fcollections%2Fhwgw%2Fs03%2Fed&ref=s03-pg151&tree=published_page
person,gnd-118622277,Thomson,published_page,page,s03-pg151,http://rs4.ethz.ch/dts/document/?resource=https%3A%2F%2Fexample.org%2Fdts%2Fcollections%2Fhwgw%2Fs03%2Fed&ref=s03-pg151&tree=published_page
person,gnd-11862055X,Taine,published_page,page,s03-pg151,http://rs4.ethz.ch/dts/document/?resource=https%3A%2F%2Fexample.org%2Fdts%2Fcollections%2Fhwgw%2Fs03%2Fed&ref=s03-pg151&tree=published_page
person,gnd-118603426,Rousseau,published_page,page,s03-pg151,http://rs4.ethz.ch/dts/document/?resource=https%3A%2F%2Fexample.org%2Fdts%2Fcollections%2Fhwgw%2Fs03%2Fed&ref=s03-pg151&tree=published_page
person,gnd-118603426,Rousseau,published_page,page,s03-pg151,http://rs4.ethz.ch/dts/document/?resource=https%3A%2F%2Fexample.org%2Fdts%2Fcollections%2Fhwgw%2Fs03%2Fed&ref=s03-pg151&tree=published_page
person,gnd-118622277,Thomson,published_page,page,s03-pg151,http://rs4.ethz.ch/dts/document/?resource=https%3A%2F%2Fexample.org%2Fdts%2Fcollections%2Fhwgw%2Fs03%2Fed&ref=s03-pg151&tree=published_page
person,gnd-118603426,Rousseaus,published_page,page,s03-pg151,http://rs4.ethz.ch/dts/document/?resource=https%3A%2F%2Fexample.org%2Fdts%2Fcollections%2Fhwgw%2Fs03%2Fed&ref=s03-pg151&tree=published_page
person,gnd-11862055X,Taine,published_page,page,s03-pg151,http://rs4.ethz.ch/dts/document/?resource=https%3A%2F%2Fexample.org%2Fdts%2Fcollections%2Fhwgw%2Fs03%2Fed&ref=s03-pg151&tree=published_page
person,gnd-118634496,Wölfflin,published_page,page,s03-pg151,http://rs4.ethz.ch/dts/document/?resource=https%3A%2F%2Fexample.org%2Fdts%2Fcollections%2Fhwgw%2Fs03%2Fed&ref=s03-pg151&tree=published_page
person,gnd-118538969,Geßner,published_page,page,s03-pg151,http://rs4.ethz.ch/dts/document/?resource=https%3A%2F%2Fexample.org%2Fdts%2Fcollections%2Fhwgw%2Fs03%2Fed&ref=s03-pg151&tree=published_page
person,gnd-118515586,Brockes,published_page,page,s03-pg151,http://rs4.ethz.ch/dts/document/?resource=https%3A%2F%2Fexample.org%2Fdts%2Fcollections%2Fhwgw%2Fs03%2Fed&ref=s03-pg151&tree=published_page
person,gnd-118723499,Kleist,published_page,page,s03-pg151,http://rs4.ethz.ch/dts/document/?resource=https%3A%2F%2Fexample.org%2Fdts%2Fcollections%2Fhwgw%2Fs03%2Fed&ref=s03-pg151&tree=published_page
person,gnd-118622277,Thomson,published_page,page,s03-pg151,http://rs4.ethz.ch/dts/document/?resource=https%3A%2F%2Fexample.org%2Fdts%2Fcollections%2Fhwgw%2Fs03%2Fed&ref=s03-pg151&tree=published_page
person,gnd-118613693,Shaftesbury,published_page,page,s03-pg151,http://rs4.ethz.ch/dts/document/?resource=https%3A%2F%2Fexample.org%2Fdts%2Fcollections%2Fhwgw%2Fs03%2Fed&ref=s03-pg151&tree=published_page
person,gnd-118723499,Kleists,published_page,page,s03-pg151,http://rs4.ethz.ch/dts/document/?resource=https%3A%2F%2Fexample.org%2Fdts%2Fcollections%2Fhwgw%2Fs03%2Fed&ref=s03-pg151&tree=published_page
person,gnd-118549553,Herders,published_page,page,s03-pg151,http://rs4.ethz.ch/dts/document/?resource=https%3A%2F%2Fexample.org%2Fdts%2Fcollections%2Fhwgw%2Fs03%2Fed&ref=s03-pg151&tree=published_page
person,gnd-118613693,Shaftesbury,published_page,page,s03-pg151,http://rs4.ethz.ch/dts/document/?resource=https%3A%2F%2Fexample.org%2Fdts%2Fcollections%2Fhwgw%2Fs03%2Fed&ref=s03-pg151&tree=published_page
person,gnd-118634496,Wölfflin,published_page,page,s03-pg151,http://rs4.ethz.ch/dts/document/?resource=https%3A%2F%2Fexample.org%2Fdts%2Fcollections%2Fhwgw%2Fs03%2Fed&ref=s03-pg151&tree=published_page
person,gnd-118634496,Wölfflin,published_page,page,s03-pg151,http://rs4.ethz.ch/dts/document/?resource=https%3A%2F%2Fexample.org%2Fdts%2Fcollections%2Fhwgw%2Fs03%2Fed&ref=s03-pg151&tree=published_page
person,gnd-119059614,Ramlers,published_page,page,s03-pg152,http://rs4.ethz.ch/dts/document/?resource=https%3A%2F%2Fexample.org%2Fdts%2Fcollections%2Fhwgw%2Fs03%2Fed&ref=s03-pg152&tree=published_page
person,gnd-118538969,Geßner,published_page,page,s03-pg152,http://rs4.ethz.ch/dts/document/?resource=https%3A%2F%2Fexample.org%2Fdts%2Fcollections%2Fhwgw%2Fs03%2Fed&ref=s03-pg152&tree=published_page
person,gnd-118700421,Hagedorn,published_page,page,s03-pg152,http://rs4.ethz.ch/dts/document/?resource=https%3A%2F%2Fexample.org%2Fdts%2Fcollections%2Fhwgw%2Fs03%2Fed&ref=s03-pg152&tree=published_page
person,gnd-118717758,Gleim,published_page,page,s03-pg152,http://rs4.ethz.ch/dts/document/?resource=https%3A%2F%2Fexample.org%2Fdts%2Fcollections%2Fhwgw%2Fs03%2Fed&ref=s03-pg152&tree=published_page
person,gnd-118625756,Uz,published_page,page,s03-pg152,http://rs4.ethz.ch/dts/document/?resource=https%3A%2F%2Fexample.org%2Fdts%2Fcollections%2Fhwgw%2Fs03%2Fed&ref=s03-pg152&tree=published_page
person,gnd-118603426,Rousseau,published_page,page,s03-pg152,http://rs4.ethz.ch/dts/document/?resource=https%3A%2F%2Fexample.org%2Fdts%2Fcollections%2Fhwgw%2Fs03%2Fed&ref=s03-pg152&tree=published_page
person,gnd-118540238,Goethe,published_page,page,s03-pg152,http://rs4.ethz.ch/dts/document/?resource=https%3A%2F%2Fexample.org%2Fdts%2Fcollections%2Fhwgw%2Fs03%2Fed&ref=s03-pg152&tree=published_page
person,gnd-118603426,Rousseau,published_page,page,s03-pg152,http://rs4.ethz.ch/dts/document/?resource=https%3A%2F%2Fexample.org%2Fdts%2Fcollections%2Fhwgw%2Fs03%2Fed&ref=s03-pg152&tree=published_page
person,gnd-118700421,Hagedorn,published_page,page,s03-pg152,http://rs4.ethz.ch/dts/document/?resource=https%3A%2F%2Fexample.org%2Fdts%2Fcollections%2Fhwgw%2Fs03%2Fed&ref=s03-pg152&tree=published_page
person,gnd-118634496,Wölfflin,published_page,page,s03-pg152,http://rs4.ethz.ch/dts/document/?resource=https%3A%2F%2Fexample.org%2Fdts%2Fcollections%2Fhwgw%2Fs03%2Fed&ref=s03-pg152&tree=published_page
person,gnd-118717758,Gleim,published_page,page,s03-pg152,http://rs4.ethz.ch/dts/document/?resource=https%3A%2F%2Fexample.org%2Fdts%2Fcollections%2Fhwgw%2Fs03%2Fed&ref=s03-pg152&tree=published_page
person,gnd-118625756,Uz,published_page,page,s03-pg152,http://rs4.ethz.ch/dts/document/?resource=https%3A%2F%2Fexample.org%2Fdts%2Fcollections%2Fhwgw%2Fs03%2Fed&ref=s03-pg152&tree=published_page
person,gnd-118625756,Uz,published_page,page,s03-pg152,http://rs4.ethz.ch/dts/document/?resource=https%3A%2F%2Fexample.org%2Fdts%2Fcollections%2Fhwgw%2Fs03%2Fed&ref=s03-pg152&tree=published_page
person,gnd-118538969,Geßner,published_page,page,s03-pg152,http://rs4.ethz.ch/dts/document/?resource=https%3A%2F%2Fexample.org%2Fdts%2Fcollections%2Fhwgw%2Fs03%2Fed&ref=s03-pg152&tree=published_page
person,gnd-118717758,Gleim,published_page,page,s03-pg152,http://rs4.ethz.ch/dts/document/?resource=https%3A%2F%2Fexample.org%2Fdts%2Fcollections%2Fhwgw%2Fs03%2Fed&ref=s03-pg152&tree=published_page
person,gnd-118717758,Gleimen,published_page,page,s03-pg152,http://rs4.ethz.ch/dts/document/?resource=https%3A%2F%2Fexample.org%2Fdts%2Fcollections%2Fhwgw%2Fs03%2Fed&ref=s03-pg152&tree=published_page
person,gnd-118625756,Uz,published_page,page,s03-pg152,http://rs4.ethz.ch/dts/document/?resource=https%3A%2F%2Fexample.org%2Fdts%2Fcollections%2Fhwgw%2Fs03%2Fed&ref=s03-pg152&tree=published_page
person,gnd-118634496,Wölfflin,published_page,page,s03-pg152,http://rs4.ethz.ch/dts/document/?resource=https%3A%2F%2Fexample.org%2Fdts%2Fcollections%2Fhwgw%2Fs03%2Fed&ref=s03-pg152&tree=published_page
organisation,gnd-2031351-2,BSB M,published_page,page,s03-pg152,http://rs4.ethz.ch/dts/document/?resource=https%3A%2F%2Fexample.org%2Fdts%2Fcollections%2Fhwgw%2Fs03%2Fed&ref=s03-pg152&tree=published_page
person,gnd-118717758,Gleim,published_page,page,s03-pg153,http://rs4.ethz.ch/dts/document/?resource=https%3A%2F%2Fexample.org%2Fdts%2Fcollections%2Fhwgw%2Fs03%2Fed&ref=s03-pg153&tree=published_page
person,gnd-118634496,Wölfflin,published_page,page,s03-pg153,http://rs4.ethz.ch/dts/document/?resource=https%3A%2F%2Fexample.org%2Fdts%2Fcollections%2Fhwgw%2Fs03%2Fed&ref=s03-pg153&tree=published_page
person,gnd-118717758,Gleims,published_page,page,s03-pg153,http://rs4.ethz.ch/dts/document/?resource=https%3A%2F%2Fexample.org%2Fdts%2Fcollections%2Fhwgw%2Fs03%2Fed&ref=s03-pg153&tree=published_page
organisation,gnd-2031351-2,BSB M,published_page,page,s03-pg153,http://rs4.ethz.ch/dts/document/?resource=https%3A%2F%2Fexample.org%2Fdts%2Fcollections%2Fhwgw%2Fs03%2Fed&ref=s03-pg153&tree=published_page
person,gnd-118538969,Geßner,published_page,page,s03-pg153,http://rs4.ethz.ch/dts/document/?resource=https%3A%2F%2Fexample.org%2Fdts%2Fcollections%2Fhwgw%2Fs03%2Fed&ref=s03-pg153&tree=published_page
person,gnd-118634496,Wölfflin,published_page,page,s03-pg153,http://rs4.ethz.ch/dts/document/?resource=https%3A%2F%2Fexample.org%2Fdts%2Fcollections%2Fhwgw%2Fs03%2Fed&ref=s03-pg153&tree=published_page
person,gnd-118525263,Diderot,published_page,page,s03-pg153,http://rs4.ethz.ch/dts/document/?resource=https%3A%2F%2Fexample.org%2Fdts%2Fcollections%2Fhwgw%2Fs03%2Fed&ref=s03-pg153&tree=published_page
person,gnd-118520512,Daniel Chodowiecki,published_page,page,s03-pg153,http://rs4.ethz.ch/dts/document/?resource=https%3A%2F%2Fexample.org%2Fdts%2Fcollections%2Fhwgw%2Fs03%2Fed&ref=s03-pg153&tree=published_page
person,gnd-118653377,Johann Bernhard Basedows,published_page,page,s03-pg153,http://rs4.ethz.ch/dts/document/?resource=https%3A%2F%2Fexample.org%2Fdts%2Fcollections%2Fhwgw%2Fs03%2Fed&ref=s03-pg153&tree=published_page
person,gnd-118653377,Jean Bernard Basedow,published_page,page,s03-pg153,http://rs4.ethz.ch/dts/document/?resource=https%3A%2F%2Fexample.org%2Fdts%2Fcollections%2Fhwgw%2Fs03%2Fed&ref=s03-pg153&tree=published_page
person,gnd-118653377,Joannis Bernhardi Basedovii,published_page,page,s03-pg153,http://rs4.ethz.ch/dts/document/?resource=https%3A%2F%2Fexample.org%2Fdts%2Fcollections%2Fhwgw%2Fs03%2Fed&ref=s03-pg153&tree=published_page
person,gnd-118538969,Geßners,published_page,page,s03-pg153,http://rs4.ethz.ch/dts/document/?resource=https%3A%2F%2Fexample.org%2Fdts%2Fcollections%2Fhwgw%2Fs03%2Fed&ref=s03-pg153&tree=published_page
person,gnd-11862055X,Taine,published_page,page,s03-pg154,http://rs4.ethz.ch/dts/document/?resource=https%3A%2F%2Fexample.org%2Fdts%2Fcollections%2Fhwgw%2Fs03%2Fed&ref=s03-pg154&tree=published_page
person,gnd-118538969,Geßner,published_page,page,s03-pg154,http://rs4.ethz.ch/dts/document/?resource=https%3A%2F%2Fexample.org%2Fdts%2Fcollections%2Fhwgw%2Fs03%2Fed&ref=s03-pg154&tree=published_page
person,gnd-118603426,Rousseau,published_page,page,s03-pg154,http://rs4.ethz.ch/dts/document/?resource=https%3A%2F%2Fexample.org%2Fdts%2Fcollections%2Fhwgw%2Fs03%2Fed&ref=s03-pg154&tree=published_page
person,gnd-118540238,Goethe,published_page,page,s03-pg154,http://rs4.ethz.ch/dts/document/?resource=https%3A%2F%2Fexample.org%2Fdts%2Fcollections%2Fhwgw%2Fs03%2Fed&ref=s03-pg154&tree=published_page
person,gnd-118538969,Geßners,published_page,page,s03-pg154,http://rs4.ethz.ch/dts/document/?resource=https%3A%2F%2Fexample.org%2Fdts%2Fcollections%2Fhwgw%2Fs03%2Fed&ref=s03-pg154&tree=published_page
person,gnd-118538969,Geßner,published_page,page,s03-pg154,http://rs4.ethz.ch/dts/document/?resource=https%3A%2F%2Fexample.org%2Fdts%2Fcollections%2Fhwgw%2Fs03%2Fed&ref=s03-pg154&tree=published_page
person,gnd-11879941X,Sulzer,published_page,page,s03-pg154,http://rs4.ethz.ch/dts/document/?resource=https%3A%2F%2Fexample.org%2Fdts%2Fcollections%2Fhwgw%2Fs03%2Fed&ref=s03-pg154&tree=published_page
person,gnd-118538969,Geßners,published_page,page,s03-pg154,http://rs4.ethz.ch/dts/document/?resource=https%3A%2F%2Fexample.org%2Fdts%2Fcollections%2Fhwgw%2Fs03%2Fed&ref=s03-pg154&tree=published_page
person,gnd-118538969,Geßner,published_page,page,s03-pg154,http://rs4.ethz.ch/dts/document/?resource=https%3A%2F%2Fexample.org%2Fdts%2Fcollections%2Fhwgw%2Fs03%2Fed&ref=s03-pg154&tree=published_page
person,gnd-117031933,Huber,published_page,page,s03-pg154,http://rs4.ethz.ch/dts/document/?resource=https%3A%2F%2Fexample.org%2Fdts%2Fcollections%2Fhwgw%2Fs03%2Fed&ref=s03-pg154&tree=published_page
person,gnd-118525263,Diderots,published_page,page,s03-pg154,http://rs4.ethz.ch/dts/document/?resource=https%3A%2F%2Fexample.org%2Fdts%2Fcollections%2Fhwgw%2Fs03%2Fed&ref=s03-pg154&tree=published_page
person,gnd-118525263,Diderots,published_page,page,s03-pg154,http://rs4.ethz.ch/dts/document/?resource=https%3A%2F%2Fexample.org%2Fdts%2Fcollections%2Fhwgw%2Fs03%2Fed&ref=s03-pg154&tree=published_page
person,gnd-118538969,Gessner,published_page,page,s03-pg154,http://rs4.ethz.ch/dts/document/?resource=https%3A%2F%2Fexample.org%2Fdts%2Fcollections%2Fhwgw%2Fs03%2Fed&ref=s03-pg154&tree=published_page
person,gnd-118634496,Wölfflin,published_page,page,s03-pg154,http://rs4.ethz.ch/dts/document/?resource=https%3A%2F%2Fexample.org%2Fdts%2Fcollections%2Fhwgw%2Fs03%2Fed&ref=s03-pg154&tree=published_page
person,gnd-118613693,Shaftesbury,published_page,page,s03-pg154,http://rs4.ethz.ch/dts/document/?resource=https%3A%2F%2Fexample.org%2Fdts%2Fcollections%2Fhwgw%2Fs03%2Fed&ref=s03-pg154&tree=published_page
person,gnd-118650130,Aristoteles,published_page,page,s03-pg154,http://rs4.ethz.ch/dts/document/?resource=https%3A%2F%2Fexample.org%2Fdts%2Fcollections%2Fhwgw%2Fs03%2Fed&ref=s03-pg154&tree=published_page
person,gnd-118538969,Geßner,published_page,page,s03-pg155,http://rs4.ethz.ch/dts/document/?resource=https%3A%2F%2Fexample.org%2Fdts%2Fcollections%2Fhwgw%2Fs03%2Fed&ref=s03-pg155&tree=published_page
person,gnd-118634496,Wölfflin,published_page,page,s03-pg155,http://rs4.ethz.ch/dts/document/?resource=https%3A%2F%2Fexample.org%2Fdts%2Fcollections%2Fhwgw%2Fs03%2Fed&ref=s03-pg155&tree=published_page
person,gnd-118634496,Wölfflins,published_page,page,s03-pg155,http://rs4.ethz.ch/dts/document/?resource=https%3A%2F%2Fexample.org%2Fdts%2Fcollections%2Fhwgw%2Fs03%2Fed&ref=s03-pg155&tree=published_page
person,gnd-118653377,Basedow,published_page,page,s03-pg155,http://rs4.ethz.ch/dts/document/?resource=https%3A%2F%2Fexample.org%2Fdts%2Fcollections%2Fhwgw%2Fs03%2Fed&ref=s03-pg155&tree=published_page
person,gnd-118723499,Kleist,published_page,page,s03-pg155,http://rs4.ethz.ch/dts/document/?resource=https%3A%2F%2Fexample.org%2Fdts%2Fcollections%2Fhwgw%2Fs03%2Fed&ref=s03-pg155&tree=published_page
person,gnd-118625756,Uz,published_page,page,s03-pg155,http://rs4.ethz.ch/dts/document/?resource=https%3A%2F%2Fexample.org%2Fdts%2Fcollections%2Fhwgw%2Fs03%2Fed&ref=s03-pg155&tree=published_page
person,gnd-118634496,Wölfflin,published_page,page,s03-pg155,http://rs4.ethz.ch/dts/document/?resource=https%3A%2F%2Fexample.org%2Fdts%2Fcollections%2Fhwgw%2Fs03%2Fed&ref=s03-pg155&tree=published_page
person,gnd-118635964,Young,published_page,page,s03-pg155,http://rs4.ethz.ch/dts/document/?resource=https%3A%2F%2Fexample.org%2Fdts%2Fcollections%2Fhwgw%2Fs03%2Fed&ref=s03-pg155&tree=published_page
person,gnd-118634496,Wölfflins,published_page,page,s03-pg155,http://rs4.ethz.ch/dts/document/?resource=https%3A%2F%2Fexample.org%2Fdts%2Fcollections%2Fhwgw%2Fs03%2Fed&ref=s03-pg155&tree=published_page
person,gnd-118515586,Brockes,published_page,page,s03-pg155,http://rs4.ethz.ch/dts/document/?resource=https%3A%2F%2Fexample.org%2Fdts%2Fcollections%2Fhwgw%2Fs03%2Fed&ref=s03-pg155&tree=published_page
person,gnd-118515586,Brockes,published_page,page,s03-pg155,http://rs4.ethz.ch/dts/document/?resource=https%3A%2F%2Fexample.org%2Fdts%2Fcollections%2Fhwgw%2Fs03%2Fed&ref=s03-pg155&tree=published_page
person,gnd-118622277,Thomson,published_page,page,s03-pg155,http://rs4.ethz.ch/dts/document/?resource=https%3A%2F%2Fexample.org%2Fdts%2Fcollections%2Fhwgw%2Fs03%2Fed&ref=s03-pg155&tree=published_page
person,gnd-115547827,B. J. Zink,published_page,page,s03-pg155,http://rs4.ethz.ch/dts/document/?resource=https%3A%2F%2Fexample.org%2Fdts%2Fcollections%2Fhwgw%2Fs03%2Fed&ref=s03-pg155&tree=published_page
person,gnd-115547827,Bartholomaeus Joachim Zinck,published_page,page,s03-pg155,http://rs4.ethz.ch/dts/document/?resource=https%3A%2F%2Fexample.org%2Fdts%2Fcollections%2Fhwgw%2Fs03%2Fed&ref=s03-pg155&tree=published_page
person,gnd-118538969,Geßner,published_page,page,s03-pg155,http://rs4.ethz.ch/dts/document/?resource=https%3A%2F%2Fexample.org%2Fdts%2Fcollections%2Fhwgw%2Fs03%2Fed&ref=s03-pg155&tree=published_page
person,gnd-118634496,Wölfflin,published_page,page,s03-pg155,http://rs4.ethz.ch/dts/document/?resource=https%3A%2F%2Fexample.org%2Fdts%2Fcollections%2Fhwgw%2Fs03%2Fed&ref=s03-pg155&tree=published_page
person,gnd-118603426,Rousseau,published_page,page,s03-pg156,http://rs4.ethz.ch/dts/document/?resource=https%3A%2F%2Fexample.org%2Fdts%2Fcollections%2Fhwgw%2Fs03%2Fed&ref=s03-pg156&tree=published_page
person,gnd-118538969,Salomon Gessner,published_page,page,s03-pg156,http://rs4.ethz.ch/dts/document/?resource=https%3A%2F%2Fexample.org%2Fdts%2Fcollections%2Fhwgw%2Fs03%2Fed&ref=s03-pg156&tree=published_page
object,object-Fruchte-mit-Rose-47,Früchte mit Rose und Blumengewinde {HW: Blumen-Vignette},published_page,page,s03-pg156,http://rs4.ethz.ch/dts/document/?resource=https%3A%2F%2Fexample.org%2Fdts%2Fcollections%2Fhwgw%2Fs03%2Fed&ref=s03-pg156&tree=published_page
person,gnd-118634496,Wölfflins,published_page,page,s03-pg156,http://rs4.ethz.ch/dts/document/?resource=https%3A%2F%2Fexample.org%2Fdts%2Fcollections%2Fhwgw%2Fs03%2Fed&ref=s03-pg156&tree=published_page
person,gnd-118629492,Watteau,published_page,page,s03-pg157,http://rs4.ethz.ch/dts/document/?resource=https%3A%2F%2Fexample.org%2Fdts%2Fcollections%2Fhwgw%2Fs03%2Fed&ref=s03-pg157&tree=published_page
person,gnd-118662244,Boucher,published_page,page,s03-pg157,http://rs4.ethz.ch/dts/document/?resource=https%3A%2F%2Fexample.org%2Fdts%2Fcollections%2Fhwgw%2Fs03%2Fed&ref=s03-pg157&tree=published_page
person,gnd-118538969,Geßner,published_page,page,s03-pg157,http://rs4.ethz.ch/dts/document/?resource=https%3A%2F%2Fexample.org%2Fdts%2Fcollections%2Fhwgw%2Fs03%2Fed&ref=s03-pg157&tree=published_page
person,gnd-118541013,Gottsched,published_page,page,s03-pg157,http://rs4.ethz.ch/dts/document/?resource=https%3A%2F%2Fexample.org%2Fdts%2Fcollections%2Fhwgw%2Fs03%2Fed&ref=s03-pg157&tree=published_page
person,gnd-118538969,Geßner,published_page,page,s03-pg157,http://rs4.ethz.ch/dts/document/?resource=https%3A%2F%2Fexample.org%2Fdts%2Fcollections%2Fhwgw%2Fs03%2Fed&ref=s03-pg157&tree=published_page
person,gnd-118538969,Geßner,published_page,page,s03-pg157,http://rs4.ethz.ch/dts/document/?resource=https%3A%2F%2Fexample.org%2Fdts%2Fcollections%2Fhwgw%2Fs03%2Fed&ref=s03-pg157&tree=published_page
person,gnd-118639056,Fontenelle,published_page,page,s03-pg157,http://rs4.ethz.ch/dts/document/?resource=https%3A%2F%2Fexample.org%2Fdts%2Fcollections%2Fhwgw%2Fs03%2Fed&ref=s03-pg157&tree=published_page
person,gnd-104270632,La Motte-Houdard,published_page,page,s03-pg157,http://rs4.ethz.ch/dts/document/?resource=https%3A%2F%2Fexample.org%2Fdts%2Fcollections%2Fhwgw%2Fs03%2Fed&ref=s03-pg157&tree=published_page
person,gnd-118662244,Boucher,published_page,page,s03-pg157,http://rs4.ethz.ch/dts/document/?resource=https%3A%2F%2Fexample.org%2Fdts%2Fcollections%2Fhwgw%2Fs03%2Fed&ref=s03-pg157&tree=published_page
person,gnd-118639056,Fontenelle,published_page,page,s03-pg157,http://rs4.ethz.ch/dts/document/?resource=https%3A%2F%2Fexample.org%2Fdts%2Fcollections%2Fhwgw%2Fs03%2Fed&ref=s03-pg157&tree=published_page
person,gnd-104270632,la Motte‑Houdard,published_page,page,s03-pg157,http://rs4.ethz.ch/dts/document/?resource=https%3A%2F%2Fexample.org%2Fdts%2Fcollections%2Fhwgw%2Fs03%2Fed&ref=s03-pg157&tree=published_page
person,gnd-118662244,Boucher,published_page,page,s03-pg157,http://rs4.ethz.ch/dts/document/?resource=https%3A%2F%2Fexample.org%2Fdts%2Fcollections%2Fhwgw%2Fs03%2Fed&ref=s03-pg157&tree=published_page
person,gnd-118662244,Boucher,published_page,page,s03-pg157,http://rs4.ethz.ch/dts/document/?resource=https%3A%2F%2Fexample.org%2Fdts%2Fcollections%2Fhwgw%2Fs03%2Fed&ref=s03-pg157&tree=published_page
person,gnd-118538969,Geßners,published_page,page,s03-pg157,http://rs4.ethz.ch/dts/document/?resource=https%3A%2F%2Fexample.org%2Fdts%2Fcollections%2Fhwgw%2Fs03%2Fed&ref=s03-pg157&tree=published_page
person,gnd-118525263,Diderot,published_page,page,s03-pg157,http://rs4.ethz.ch/dts/document/?resource=https%3A%2F%2Fexample.org%2Fdts%2Fcollections%2Fhwgw%2Fs03%2Fed&ref=s03-pg157&tree=published_page
person,gnd-118662244,Bouchers,published_page,page,s03-pg158,http://rs4.ethz.ch/dts/document/?resource=https%3A%2F%2Fexample.org%2Fdts%2Fcollections%2Fhwgw%2Fs03%2Fed&ref=s03-pg158&tree=published_page
person,gnd-118525263,Diderot,published_page,page,s03-pg158,http://rs4.ethz.ch/dts/document/?resource=https%3A%2F%2Fexample.org%2Fdts%2Fcollections%2Fhwgw%2Fs03%2Fed&ref=s03-pg158&tree=published_page
person,gnd-118633600,Winckelmanns,published_page,page,s03-pg158,http://rs4.ethz.ch/dts/document/?resource=https%3A%2F%2Fexample.org%2Fdts%2Fcollections%2Fhwgw%2Fs03%2Fed&ref=s03-pg158&tree=published_page
person,gnd-122269950,Watelets,published_page,page,s03-pg158,http://rs4.ethz.ch/dts/document/?resource=https%3A%2F%2Fexample.org%2Fdts%2Fcollections%2Fhwgw%2Fs03%2Fed&ref=s03-pg158&tree=published_page
person,gnd-118662244,Boucher,published_page,page,s03-pg158,http://rs4.ethz.ch/dts/document/?resource=https%3A%2F%2Fexample.org%2Fdts%2Fcollections%2Fhwgw%2Fs03%2Fed&ref=s03-pg158&tree=published_page
person,gnd-118597787,Raphaël,published_page,page,s03-pg158,http://rs4.ethz.ch/dts/document/?resource=https%3A%2F%2Fexample.org%2Fdts%2Fcollections%2Fhwgw%2Fs03%2Fed&ref=s03-pg158&tree=published_page
person,gnd-118634496,Wölfflin,published_page,page,s03-pg158,http://rs4.ethz.ch/dts/document/?resource=https%3A%2F%2Fexample.org%2Fdts%2Fcollections%2Fhwgw%2Fs03%2Fed&ref=s03-pg158&tree=published_page
person,gnd-118597787,Raphaels,published_page,page,s03-pg158,http://rs4.ethz.ch/dts/document/?resource=https%3A%2F%2Fexample.org%2Fdts%2Fcollections%2Fhwgw%2Fs03%2Fed&ref=s03-pg158&tree=published_page
person,gnd-120142910,Laugier,published_page,page,s03-pg158,http://rs4.ethz.ch/dts/document/?resource=https%3A%2F%2Fexample.org%2Fdts%2Fcollections%2Fhwgw%2Fs03%2Fed&ref=s03-pg158&tree=published_page
person,gnd-120142910,Laugier,published_page,page,s03-pg158,http://rs4.ethz.ch/dts/document/?resource=https%3A%2F%2Fexample.org%2Fdts%2Fcollections%2Fhwgw%2Fs03%2Fed&ref=s03-pg158&tree=published_page
person,gnd-100076262,Caylus,published_page,page,s03-pg158,http://rs4.ethz.ch/dts/document/?resource=https%3A%2F%2Fexample.org%2Fdts%2Fcollections%2Fhwgw%2Fs03%2Fed&ref=s03-pg158&tree=published_page
person,gnd-100076262,Caylus,published_page,page,s03-pg158,http://rs4.ethz.ch/dts/document/?resource=https%3A%2F%2Fexample.org%2Fdts%2Fcollections%2Fhwgw%2Fs03%2Fed&ref=s03-pg158&tree=published_page
object,object-Pantheon-19,Pantheon,published_page,page,s03-pg158,http://rs4.ethz.ch/dts/document/?resource=https%3A%2F%2Fexample.org%2Fdts%2Fcollections%2Fhwgw%2Fs03%2Fed&ref=s03-pg158&tree=published_page
place,gnd-4044660-8,Paris,published_page,page,s03-pg158,http://rs4.ethz.ch/dts/document/?resource=https%3A%2F%2Fexample.org%2Fdts%2Fcollections%2Fhwgw%2Fs03%2Fed&ref=s03-pg158&tree=published_page
person,gnd-118751611,Soufflot,published_page,page,s03-pg158,http://rs4.ethz.ch/dts/document/?resource=https%3A%2F%2Fexample.org%2Fdts%2Fcollections%2Fhwgw%2Fs03%2Fed&ref=s03-pg158&tree=published_page
person,gnd-118697765,Grimm,published_page,page,s03-pg158,http://rs4.ethz.ch/dts/document/?resource=https%3A%2F%2Fexample.org%2Fdts%2Fcollections%2Fhwgw%2Fs03%2Fed&ref=s03-pg158&tree=published_page
person,gnd-118697765,Grimm,published_page,page,s03-pg158,http://rs4.ethz.ch/dts/document/?resource=https%3A%2F%2Fexample.org%2Fdts%2Fcollections%2Fhwgw%2Fs03%2Fed&ref=s03-pg158&tree=published_page
person,gnd-118751611,Soufflot,published_page,page,s03-pg158,http://rs4.ethz.ch/dts/document/?resource=https%3A%2F%2Fexample.org%2Fdts%2Fcollections%2Fhwgw%2Fs03%2Fed&ref=s03-pg158&tree=published_page
person,gnd-118525263,Diderot,published_page,page,s03-pg158,http://rs4.ethz.ch/dts/document/?resource=https%3A%2F%2Fexample.org%2Fdts%2Fcollections%2Fhwgw%2Fs03%2Fed&ref=s03-pg158&tree=published_page
person,gnd-118634496,Wölfflin,published_page,page,s03-pg158,http://rs4.ethz.ch/dts/document/?resource=https%3A%2F%2Fexample.org%2Fdts%2Fcollections%2Fhwgw%2Fs03%2Fed&ref=s03-pg158&tree=published_page
person,gnd-118662244,Boucher,published_page,page,s03-pg158,http://rs4.ethz.ch/dts/document/?resource=https%3A%2F%2Fexample.org%2Fdts%2Fcollections%2Fhwgw%2Fs03%2Fed&ref=s03-pg158&tree=published_page
person,gnd-118662244,Boucher,published_page,page,s03-pg158,http://rs4.ethz.ch/dts/document/?resource=https%3A%2F%2Fexample.org%2Fdts%2Fcollections%2Fhwgw%2Fs03%2Fed&ref=s03-pg158&tree=published_page
person,gnd-118525263,Diderot,published_page,page,s03-pg158,http://rs4.ethz.ch/dts/document/?resource=https%3A%2F%2Fexample.org%2Fdts%2Fcollections%2Fhwgw%2Fs03%2Fed&ref=s03-pg158&tree=published_page
person,gnd-118634496,Wölfflin,published_page,page,s03-pg158,http://rs4.ethz.ch/dts/document/?resource=https%3A%2F%2Fexample.org%2Fdts%2Fcollections%2Fhwgw%2Fs03%2Fed&ref=s03-pg158&tree=published_page
person,gnd-118718789,Greuze,published_page,page,s03-pg158,http://rs4.ethz.ch/dts/document/?resource=https%3A%2F%2Fexample.org%2Fdts%2Fcollections%2Fhwgw%2Fs03%2Fed&ref=s03-pg158&tree=published_page
person,gnd-118634496,Wölfflin,published_page,page,s03-pg158,http://rs4.ethz.ch/dts/document/?resource=https%3A%2F%2Fexample.org%2Fdts%2Fcollections%2Fhwgw%2Fs03%2Fed&ref=s03-pg158&tree=published_page
person,gnd-118538969,Geßner,published_page,page,s03-pg159,http://rs4.ethz.ch/dts/document/?resource=https%3A%2F%2Fexample.org%2Fdts%2Fcollections%2Fhwgw%2Fs03%2Fed&ref=s03-pg159&tree=published_page
person,gnd-118525263,Diderot,published_page,page,s03-pg159,http://rs4.ethz.ch/dts/document/?resource=https%3A%2F%2Fexample.org%2Fdts%2Fcollections%2Fhwgw%2Fs03%2Fed&ref=s03-pg159&tree=published_page
person,gnd-118718789,Greuze,published_page,page,s03-pg159,http://rs4.ethz.ch/dts/document/?resource=https%3A%2F%2Fexample.org%2Fdts%2Fcollections%2Fhwgw%2Fs03%2Fed&ref=s03-pg159&tree=published_page
person,gnd-118525263,Diderot,published_page,page,s03-pg159,http://rs4.ethz.ch/dts/document/?resource=https%3A%2F%2Fexample.org%2Fdts%2Fcollections%2Fhwgw%2Fs03%2Fed&ref=s03-pg159&tree=published_page
person,gnd-118718789,Greuze,published_page,page,s03-pg159,http://rs4.ethz.ch/dts/document/?resource=https%3A%2F%2Fexample.org%2Fdts%2Fcollections%2Fhwgw%2Fs03%2Fed&ref=s03-pg159&tree=published_page
object,object-Un-Pre-de-famill-18,Familienvater aus der Bibel vorlesend,published_page,page,s03-pg159,http://rs4.ethz.ch/dts/document/?resource=https%3A%2F%2Fexample.org%2Fdts%2Fcollections%2Fhwgw%2Fs03%2Fed&ref=s03-pg159&tree=published_page
person,gnd-118525263,Diderot,published_page,page,s03-pg159,http://rs4.ethz.ch/dts/document/?resource=https%3A%2F%2Fexample.org%2Fdts%2Fcollections%2Fhwgw%2Fs03%2Fed&ref=s03-pg159&tree=published_page
person,gnd-118718789,Jean-Baptiste Greuze,published_page,page,s03-pg159,http://rs4.ethz.ch/dts/document/?resource=https%3A%2F%2Fexample.org%2Fdts%2Fcollections%2Fhwgw%2Fs03%2Fed&ref=s03-pg159&tree=published_page
object,object-Un-Pre-de-famill-18,Un Père de famille qui lit la Bible à ses enfants,published_page,page,s03-pg159,http://rs4.ethz.ch/dts/document/?resource=https%3A%2F%2Fexample.org%2Fdts%2Fcollections%2Fhwgw%2Fs03%2Fed&ref=s03-pg159&tree=published_page
person,gnd-118538969,Geßners,published_page,page,s03-pg159,http://rs4.ethz.ch/dts/document/?resource=https%3A%2F%2Fexample.org%2Fdts%2Fcollections%2Fhwgw%2Fs03%2Fed&ref=s03-pg159&tree=published_page
person,gnd-118525263,Diderot,published_page,page,s03-pg159,http://rs4.ethz.ch/dts/document/?resource=https%3A%2F%2Fexample.org%2Fdts%2Fcollections%2Fhwgw%2Fs03%2Fed&ref=s03-pg159&tree=published_page
person,gnd-118634496,Wölfflin,published_page,page,s03-pg159,http://rs4.ethz.ch/dts/document/?resource=https%3A%2F%2Fexample.org%2Fdts%2Fcollections%2Fhwgw%2Fs03%2Fed&ref=s03-pg159&tree=published_page
place,gnd-4044660-8,Paris,published_page,page,s03-pg159,http://rs4.ethz.ch/dts/document/?resource=https%3A%2F%2Fexample.org%2Fdts%2Fcollections%2Fhwgw%2Fs03%2Fed&ref=s03-pg159&tree=published_page
person,gnd-118603426,Rousseau,published_page,page,s03-pg159,http://rs4.ethz.ch/dts/document/?resource=https%3A%2F%2Fexample.org%2Fdts%2Fcollections%2Fhwgw%2Fs03%2Fed&ref=s03-pg159&tree=published_page
person,gnd-118538969,Geßner,published_page,page,s03-pg159,http://rs4.ethz.ch/dts/document/?resource=https%3A%2F%2Fexample.org%2Fdts%2Fcollections%2Fhwgw%2Fs03%2Fed&ref=s03-pg159&tree=published_page
person,gnd-118723499,Kleist,published_page,page,s03-pg159,http://rs4.ethz.ch/dts/document/?resource=https%3A%2F%2Fexample.org%2Fdts%2Fcollections%2Fhwgw%2Fs03%2Fed&ref=s03-pg159&tree=published_page
person,gnd-118656759,Bertola,published_page,page,s03-pg159,http://rs4.ethz.ch/dts/document/?resource=https%3A%2F%2Fexample.org%2Fdts%2Fcollections%2Fhwgw%2Fs03%2Fed&ref=s03-pg159&tree=published_page
person,gnd-118538969,Geßner,published_page,page,s03-pg159,http://rs4.ethz.ch/dts/document/?resource=https%3A%2F%2Fexample.org%2Fdts%2Fcollections%2Fhwgw%2Fs03%2Fed&ref=s03-pg159&tree=published_page
person,gnd-118538969,Geßners,published_page,page,s03-pg160,http://rs4.ethz.ch/dts/document/?resource=https%3A%2F%2Fexample.org%2Fdts%2Fcollections%2Fhwgw%2Fs03%2Fed&ref=s03-pg160&tree=published_page
person,gnd-102121982,Steinbrüchels,published_page,page,s03-pg160,http://rs4.ethz.ch/dts/document/?resource=https%3A%2F%2Fexample.org%2Fdts%2Fcollections%2Fhwgw%2Fs03%2Fed&ref=s03-pg160&tree=published_page
person,gnd-118538969,Geßner,published_page,page,s03-pg160,http://rs4.ethz.ch/dts/document/?resource=https%3A%2F%2Fexample.org%2Fdts%2Fcollections%2Fhwgw%2Fs03%2Fed&ref=s03-pg160&tree=published_page
person,gnd-118538969,Geßner,published_page,page,s03-pg160,http://rs4.ethz.ch/dts/document/?resource=https%3A%2F%2Fexample.org%2Fdts%2Fcollections%2Fhwgw%2Fs03%2Fed&ref=s03-pg160&tree=published_page
person,gnd-118634496,Wölfflin,published_page,page,s03-pg160,http://rs4.ethz.ch/dts/document/?resource=https%3A%2F%2Fexample.org%2Fdts%2Fcollections%2Fhwgw%2Fs03%2Fed&ref=s03-pg160&tree=published_page
person,gnd-118783270,Raphael Mengs,published_page,page,s03-pg160,http://rs4.ethz.ch/dts/document/?resource=https%3A%2F%2Fexample.org%2Fdts%2Fcollections%2Fhwgw%2Fs03%2Fed&ref=s03-pg160&tree=published_page
place,gnd-4050471-2,Rom,published_page,page,s03-pg160,http://rs4.ethz.ch/dts/document/?resource=https%3A%2F%2Fexample.org%2Fdts%2Fcollections%2Fhwgw%2Fs03%2Fed&ref=s03-pg160&tree=published_page
place,gnd-4018145-5,Frankreich,published_page,page,s03-pg160,http://rs4.ethz.ch/dts/document/?resource=https%3A%2F%2Fexample.org%2Fdts%2Fcollections%2Fhwgw%2Fs03%2Fed&ref=s03-pg160&tree=published_page
person,gnd-118525263,Diderot,published_page,page,s03-pg160,http://rs4.ethz.ch/dts/document/?resource=https%3A%2F%2Fexample.org%2Fdts%2Fcollections%2Fhwgw%2Fs03%2Fed&ref=s03-pg160&tree=published_page
person,gnd-118783270,Mengs’,published_page,page,s03-pg160,http://rs4.ethz.ch/dts/document/?resource=https%3A%2F%2Fexample.org%2Fdts%2Fcollections%2Fhwgw%2Fs03%2Fed&ref=s03-pg160&tree=published_page
person,gnd-118572121,Lessings,published_page,page,s03-pg160,http://rs4.ethz.ch/dts/document/?resource=https%3A%2F%2Fexample.org%2Fdts%2Fcollections%2Fhwgw%2Fs03%2Fed&ref=s03-pg160&tree=published_page
person,gnd-118587668,Nicolai,published_page,page,s03-pg160,http://rs4.ethz.ch/dts/document/?resource=https%3A%2F%2Fexample.org%2Fdts%2Fcollections%2Fhwgw%2Fs03%2Fed&ref=s03-pg160&tree=published_page
person,gnd-118538969,Geßner,published_page,page,s03-pg160,http://rs4.ethz.ch/dts/document/?resource=https%3A%2F%2Fexample.org%2Fdts%2Fcollections%2Fhwgw%2Fs03%2Fed&ref=s03-pg160&tree=published_page
place,gnd-4051993-4,Schaffhausen,published_page,page,s03-pg160,http://rs4.ethz.ch/dts/document/?resource=https%3A%2F%2Fexample.org%2Fdts%2Fcollections%2Fhwgw%2Fs03%2Fed&ref=s03-pg160&tree=published_page
organisation,gnd-1012546-2,ZB ZH,published_page,page,s03-pg160,http://rs4.ethz.ch/dts/document/?resource=https%3A%2F%2Fexample.org%2Fdts%2Fcollections%2Fhwgw%2Fs03%2Fed&ref=s03-pg160&tree=published_page
person,gnd-118634496,Wölfflin,published_page,page,s03-pg160,http://rs4.ethz.ch/dts/document/?resource=https%3A%2F%2Fexample.org%2Fdts%2Fcollections%2Fhwgw%2Fs03%2Fed&ref=s03-pg160&tree=published_page
person,gnd-118783270,Mengs,published_page,page,s03-pg160,http://rs4.ethz.ch/dts/document/?resource=https%3A%2F%2Fexample.org%2Fdts%2Fcollections%2Fhwgw%2Fs03%2Fed&ref=s03-pg160&tree=published_page
person,gnd-118538969,Geßner,published_page,page,s03-pg160,http://rs4.ethz.ch/dts/document/?resource=https%3A%2F%2Fexample.org%2Fdts%2Fcollections%2Fhwgw%2Fs03%2Fed&ref=s03-pg160&tree=published_page
person,gnd-117752266,Fuesslin,published_page,page,s03-pg160,http://rs4.ethz.ch/dts/document/?resource=https%3A%2F%2Fexample.org%2Fdts%2Fcollections%2Fhwgw%2Fs03%2Fed&ref=s03-pg160&tree=published_page
person,gnd-118597787,Raffaels,published_page,page,s03-pg160,http://rs4.ethz.ch/dts/document/?resource=https%3A%2F%2Fexample.org%2Fdts%2Fcollections%2Fhwgw%2Fs03%2Fed&ref=s03-pg160&tree=published_page
person,gnd-11867692X,Correggios,published_page,page,s03-pg160,http://rs4.ethz.ch/dts/document/?resource=https%3A%2F%2Fexample.org%2Fdts%2Fcollections%2Fhwgw%2Fs03%2Fed&ref=s03-pg160&tree=published_page
person,gnd-118633600,Winckelmanns,published_page,page,s03-pg160,http://rs4.ethz.ch/dts/document/?resource=https%3A%2F%2Fexample.org%2Fdts%2Fcollections%2Fhwgw%2Fs03%2Fed&ref=s03-pg160&tree=published_page
place,gnd-4068038-1,Zürich,published_page,page,s03-pg160,http://rs4.ethz.ch/dts/document/?resource=https%3A%2F%2Fexample.org%2Fdts%2Fcollections%2Fhwgw%2Fs03%2Fed&ref=s03-pg160&tree=published_page
person,gnd-117752266,C. Füßli,published_page,page,s03-pg160,http://rs4.ethz.ch/dts/document/?resource=https%3A%2F%2Fexample.org%2Fdts%2Fcollections%2Fhwgw%2Fs03%2Fed&ref=s03-pg160&tree=published_page
place,gnd-4050471-2,Rom,published_page,page,s03-pg160,http://rs4.ethz.ch/dts/document/?resource=https%3A%2F%2Fexample.org%2Fdts%2Fcollections%2Fhwgw%2Fs03%2Fed&ref=s03-pg160&tree=published_page
person,gnd-118536745,J.H. Füßli,published_page,page,s03-pg160,http://rs4.ethz.ch/dts/document/?resource=https%3A%2F%2Fexample.org%2Fdts%2Fcollections%2Fhwgw%2Fs03%2Fed&ref=s03-pg160&tree=published_page
person,gnd-129810819,Webbs,published_page,page,s03-pg160,http://rs4.ethz.ch/dts/document/?resource=https%3A%2F%2Fexample.org%2Fdts%2Fcollections%2Fhwgw%2Fs03%2Fed&ref=s03-pg160&tree=published_page
person,gnd-118662244,Bouchers,published_page,page,s03-pg160,http://rs4.ethz.ch/dts/document/?resource=https%3A%2F%2Fexample.org%2Fdts%2Fcollections%2Fhwgw%2Fs03%2Fed&ref=s03-pg160&tree=published_page
person,gnd-122268857,Vanloos,published_page,page,s03-pg160,http://rs4.ethz.ch/dts/document/?resource=https%3A%2F%2Fexample.org%2Fdts%2Fcollections%2Fhwgw%2Fs03%2Fed&ref=s03-pg160&tree=published_page
place,gnd-4062404-3,Vatikans,published_page,page,s03-pg160,http://rs4.ethz.ch/dts/document/?resource=https%3A%2F%2Fexample.org%2Fdts%2Fcollections%2Fhwgw%2Fs03%2Fed&ref=s03-pg160&tree=published_page
person,gnd-118597787,Raffaels,published_page,page,s03-pg160,http://rs4.ethz.ch/dts/document/?resource=https%3A%2F%2Fexample.org%2Fdts%2Fcollections%2Fhwgw%2Fs03%2Fed&ref=s03-pg160&tree=published_page
person,gnd-117752266,Johann Caspar Füssli,published_page,page,s03-pg160,http://rs4.ethz.ch/dts/document/?resource=https%3A%2F%2Fexample.org%2Fdts%2Fcollections%2Fhwgw%2Fs03%2Fed&ref=s03-pg160&tree=published_page
person,gnd-118536745,Johann Heinrich Füssli,published_page,page,s03-pg160,http://rs4.ethz.ch/dts/document/?resource=https%3A%2F%2Fexample.org%2Fdts%2Fcollections%2Fhwgw%2Fs03%2Fed&ref=s03-pg160&tree=published_page
person,gnd-129810819,Webbs,published_page,page,s03-pg160,http://rs4.ethz.ch/dts/document/?resource=https%3A%2F%2Fexample.org%2Fdts%2Fcollections%2Fhwgw%2Fs03%2Fed&ref=s03-pg160&tree=published_page
person,gnd-118538969,Geßner,published_page,page,s03-pg160,http://rs4.ethz.ch/dts/document/?resource=https%3A%2F%2Fexample.org%2Fdts%2Fcollections%2Fhwgw%2Fs03%2Fed&ref=s03-pg160&tree=published_page
object,gnd-7592745-7,Vesta-Tempels,published_page,page,s03-pg161,http://rs4.ethz.ch/dts/document/?resource=https%3A%2F%2Fexample.org%2Fdts%2Fcollections%2Fhwgw%2Fs03%2Fed&ref=s03-pg161&tree=published_page
person,gnd-118538969,Geßner,published_page,page,s03-pg161,http://rs4.ethz.ch/dts/document/?resource=https%3A%2F%2Fexample.org%2Fdts%2Fcollections%2Fhwgw%2Fs03%2Fed&ref=s03-pg161&tree=published_page
place,gnd-4011882-4,Deutschland,published_page,page,s03-pg161,http://rs4.ethz.ch/dts/document/?resource=https%3A%2F%2Fexample.org%2Fdts%2Fcollections%2Fhwgw%2Fs03%2Fed&ref=s03-pg161&tree=published_page
person,gnd-118786792,Öser,published_page,page,s03-pg161,http://rs4.ethz.ch/dts/document/?resource=https%3A%2F%2Fexample.org%2Fdts%2Fcollections%2Fhwgw%2Fs03%2Fed&ref=s03-pg161&tree=published_page
person,gnd-118633600,Winckelmann,published_page,page,s03-pg161,http://rs4.ethz.ch/dts/document/?resource=https%3A%2F%2Fexample.org%2Fdts%2Fcollections%2Fhwgw%2Fs03%2Fed&ref=s03-pg161&tree=published_page
person,gnd-118633600,Winckelmann,published_page,page,s03-pg161,http://rs4.ethz.ch/dts/document/?resource=https%3A%2F%2Fexample.org%2Fdts%2Fcollections%2Fhwgw%2Fs03%2Fed&ref=s03-pg161&tree=published_page
person,gnd-118538969,Geßner,published_page,page,s03-pg161,http://rs4.ethz.ch/dts/document/?resource=https%3A%2F%2Fexample.org%2Fdts%2Fcollections%2Fhwgw%2Fs03%2Fed&ref=s03-pg161&tree=published_page
person,gnd-118538969,Geßner,published_page,page,s03-pg161,http://rs4.ethz.ch/dts/document/?resource=https%3A%2F%2Fexample.org%2Fdts%2Fcollections%2Fhwgw%2Fs03%2Fed&ref=s03-pg161&tree=published_page
person,gnd-118538969,Geßner,published_page,page,s03-pg162,http://rs4.ethz.ch/dts/document/?resource=https%3A%2F%2Fexample.org%2Fdts%2Fcollections%2Fhwgw%2Fs03%2Fed&ref=s03-pg162&tree=published_page
person,gnd-118634496,Wölfflin,published_page,page,s03-pg162,http://rs4.ethz.ch/dts/document/?resource=https%3A%2F%2Fexample.org%2Fdts%2Fcollections%2Fhwgw%2Fs03%2Fed&ref=s03-pg162&tree=published_page
person,gnd-118538969,Geßner,published_page,page,s03-pg162,http://rs4.ethz.ch/dts/document/?resource=https%3A%2F%2Fexample.org%2Fdts%2Fcollections%2Fhwgw%2Fs03%2Fed&ref=s03-pg162&tree=published_page
person,gnd-118634496,Wölfflin,published_page,page,s03-pg162,http://rs4.ethz.ch/dts/document/?resource=https%3A%2F%2Fexample.org%2Fdts%2Fcollections%2Fhwgw%2Fs03%2Fed&ref=s03-pg162&tree=published_page
person,gnd-118538969,Geßners,published_page,page,s03-pg162,http://rs4.ethz.ch/dts/document/?resource=https%3A%2F%2Fexample.org%2Fdts%2Fcollections%2Fhwgw%2Fs03%2Fed&ref=s03-pg162&tree=published_page
person,gnd-118621769,Theokrit,published_page,page,s03-pg162,http://rs4.ethz.ch/dts/document/?resource=https%3A%2F%2Fexample.org%2Fdts%2Fcollections%2Fhwgw%2Fs03%2Fed&ref=s03-pg162&tree=published_page
person,gnd-118538969,Geßners,published_page,page,s03-pg162,http://rs4.ethz.ch/dts/document/?resource=https%3A%2F%2Fexample.org%2Fdts%2Fcollections%2Fhwgw%2Fs03%2Fed&ref=s03-pg162&tree=published_page
person,gnd-118538969,Geßners,published_page,page,s03-pg162,http://rs4.ethz.ch/dts/document/?resource=https%3A%2F%2Fexample.org%2Fdts%2Fcollections%2Fhwgw%2Fs03%2Fed&ref=s03-pg162&tree=published_page
place,gnd-4018145-5,France,published_page,page,s03-pg162,http://rs4.ethz.ch/dts/document/?resource=https%3A%2F%2Fexample.org%2Fdts%2Fcollections%2Fhwgw%2Fs03%2Fed&ref=s03-pg162&tree=published_page
person,gnd-118633600,Winckelmann,published_page,page,s03-pg162,http://rs4.ethz.ch/dts/document/?resource=https%3A%2F%2Fexample.org%2Fdts%2Fcollections%2Fhwgw%2Fs03%2Fed&ref=s03-pg162&tree=published_page
person,gnd-118572121,Lessing,published_page,page,s03-pg162,http://rs4.ethz.ch/dts/document/?resource=https%3A%2F%2Fexample.org%2Fdts%2Fcollections%2Fhwgw%2Fs03%2Fed&ref=s03-pg162&tree=published_page
person,gnd-118538969,Gessner,published_page,page,s03-pg162,http://rs4.ethz.ch/dts/document/?resource=https%3A%2F%2Fexample.org%2Fdts%2Fcollections%2Fhwgw%2Fs03%2Fed&ref=s03-pg162&tree=published_page
person,gnd-118783270,Raphaël Mengs,published_page,page,s03-pg162,http://rs4.ethz.ch/dts/document/?resource=https%3A%2F%2Fexample.org%2Fdts%2Fcollections%2Fhwgw%2Fs03%2Fed&ref=s03-pg162&tree=published_page
place,gnd-4018145-5,Frankreich,published_page,page,s03-pg162,http://rs4.ethz.ch/dts/document/?resource=https%3A%2F%2Fexample.org%2Fdts%2Fcollections%2Fhwgw%2Fs03%2Fed&ref=s03-pg162&tree=published_page
person,gnd-118633600,Winckelmann,published_page,page,s03-pg162,http://rs4.ethz.ch/dts/document/?resource=https%3A%2F%2Fexample.org%2Fdts%2Fcollections%2Fhwgw%2Fs03%2Fed&ref=s03-pg162&tree=published_page
person,gnd-118572121,Lessing,published_page,page,s03-pg162,http://rs4.ethz.ch/dts/document/?resource=https%3A%2F%2Fexample.org%2Fdts%2Fcollections%2Fhwgw%2Fs03%2Fed&ref=s03-pg162&tree=published_page
person,gnd-118538969,Gessner,published_page,page,s03-pg162,http://rs4.ethz.ch/dts/document/?resource=https%3A%2F%2Fexample.org%2Fdts%2Fcollections%2Fhwgw%2Fs03%2Fed&ref=s03-pg162&tree=published_page
person,gnd-118783270,Raphael Mengs,published_page,page,s03-pg162,http://rs4.ethz.ch/dts/document/?resource=https%3A%2F%2Fexample.org%2Fdts%2Fcollections%2Fhwgw%2Fs03%2Fed&ref=s03-pg162&tree=published_page
place,gnd-4011882-4,Deutschland,published_page,page,s03-pg163,http://rs4.ethz.ch/dts/document/?resource=https%3A%2F%2Fexample.org%2Fdts%2Fcollections%2Fhwgw%2Fs03%2Fed&ref=s03-pg163&tree=published_page
person,gnd-118633600,Winckelmann,published_page,page,s03-pg163,http://rs4.ethz.ch/dts/document/?resource=https%3A%2F%2Fexample.org%2Fdts%2Fcollections%2Fhwgw%2Fs03%2Fed&ref=s03-pg163&tree=published_page
person,gnd-118538969,Geßner,published_page,page,s03-pg163,http://rs4.ethz.ch/dts/document/?resource=https%3A%2F%2Fexample.org%2Fdts%2Fcollections%2Fhwgw%2Fs03%2Fed&ref=s03-pg163&tree=published_page
person,gnd-118633600,Winckelmann,published_page,page,s03-pg163,http://rs4.ethz.ch/dts/document/?resource=https%3A%2F%2Fexample.org%2Fdts%2Fcollections%2Fhwgw%2Fs03%2Fed&ref=s03-pg163&tree=published_page
person,gnd-118786792,Öser,published_page,page,s03-pg163,http://rs4.ethz.ch/dts/document/?resource=https%3A%2F%2Fexample.org%2Fdts%2Fcollections%2Fhwgw%2Fs03%2Fed&ref=s03-pg163&tree=published_page
place,gnd-4035206-7,Leipzig,published_page,page,s03-pg163,http://rs4.ethz.ch/dts/document/?resource=https%3A%2F%2Fexample.org%2Fdts%2Fcollections%2Fhwgw%2Fs03%2Fed&ref=s03-pg163&tree=published_page
person,gnd-118786792,Oeser,published_page,page,s03-pg163,http://rs4.ethz.ch/dts/document/?resource=https%3A%2F%2Fexample.org%2Fdts%2Fcollections%2Fhwgw%2Fs03%2Fed&ref=s03-pg163&tree=published_page
place,gnd-4068038-1,Zürich,published_page,page,s03-pg163,http://rs4.ethz.ch/dts/document/?resource=https%3A%2F%2Fexample.org%2Fdts%2Fcollections%2Fhwgw%2Fs03%2Fed&ref=s03-pg163&tree=published_page
person,gnd-118512315,Bodmers,published_page,page,s03-pg163,http://rs4.ethz.ch/dts/document/?resource=https%3A%2F%2Fexample.org%2Fdts%2Fcollections%2Fhwgw%2Fs03%2Fed&ref=s03-pg163&tree=published_page
person,gnd-118512315,Bodmer,published_page,page,s03-pg163,http://rs4.ethz.ch/dts/document/?resource=https%3A%2F%2Fexample.org%2Fdts%2Fcollections%2Fhwgw%2Fs03%2Fed&ref=s03-pg163&tree=published_page
person,gnd-11855333X,Homer,published_page,page,s03-pg163,http://rs4.ethz.ch/dts/document/?resource=https%3A%2F%2Fexample.org%2Fdts%2Fcollections%2Fhwgw%2Fs03%2Fed&ref=s03-pg163&tree=published_page
person,gnd-118582607,Milton,published_page,page,s03-pg163,http://rs4.ethz.ch/dts/document/?resource=https%3A%2F%2Fexample.org%2Fdts%2Fcollections%2Fhwgw%2Fs03%2Fed&ref=s03-pg163&tree=published_page
person,gnd-11855333X,Homer,published_page,page,s03-pg163,http://rs4.ethz.ch/dts/document/?resource=https%3A%2F%2Fexample.org%2Fdts%2Fcollections%2Fhwgw%2Fs03%2Fed&ref=s03-pg163&tree=published_page
person,gnd-118634496,Wölfflin,published_page,page,s03-pg163,http://rs4.ethz.ch/dts/document/?resource=https%3A%2F%2Fexample.org%2Fdts%2Fcollections%2Fhwgw%2Fs03%2Fed&ref=s03-pg163&tree=published_page
person,gnd-118512315,Bodmers,published_page,page,s03-pg163,http://rs4.ethz.ch/dts/document/?resource=https%3A%2F%2Fexample.org%2Fdts%2Fcollections%2Fhwgw%2Fs03%2Fed&ref=s03-pg163&tree=published_page
person,gnd-108352129,Wolfgang Proß,published_page,page,s03-pg163,http://rs4.ethz.ch/dts/document/?resource=https%3A%2F%2Fexample.org%2Fdts%2Fcollections%2Fhwgw%2Fs03%2Fed&ref=s03-pg163&tree=published_page
person,gnd-118512315,Bodmer,published_page,page,s03-pg163,http://rs4.ethz.ch/dts/document/?resource=https%3A%2F%2Fexample.org%2Fdts%2Fcollections%2Fhwgw%2Fs03%2Fed&ref=s03-pg163&tree=published_page
person,gnd-108352129,Wolfgang Proß,published_page,page,s03-pg163,http://rs4.ethz.ch/dts/document/?resource=https%3A%2F%2Fexample.org%2Fdts%2Fcollections%2Fhwgw%2Fs03%2Fed&ref=s03-pg163&tree=published_page
person,gnd-118582607,Milton,published_page,page,s03-pg163,http://rs4.ethz.ch/dts/document/?resource=https%3A%2F%2Fexample.org%2Fdts%2Fcollections%2Fhwgw%2Fs03%2Fed&ref=s03-pg163&tree=published_page
person,gnd-118538969,Geßners,published_page,page,s03-pg163,http://rs4.ethz.ch/dts/document/?resource=https%3A%2F%2Fexample.org%2Fdts%2Fcollections%2Fhwgw%2Fs03%2Fed&ref=s03-pg163&tree=published_page
person,gnd-118633600,Winckelmann,published_page,page,s03-pg163,http://rs4.ethz.ch/dts/document/?resource=https%3A%2F%2Fexample.org%2Fdts%2Fcollections%2Fhwgw%2Fs03%2Fed&ref=s03-pg163&tree=published_page
person,gnd-118582607,Miltons,published_page,page,s03-pg163,http://rs4.ethz.ch/dts/document/?resource=https%3A%2F%2Fexample.org%2Fdts%2Fcollections%2Fhwgw%2Fs03%2Fed&ref=s03-pg163&tree=published_page
person,gnd-118633600,Winckelmann,published_page,page,s03-pg163,http://rs4.ethz.ch/dts/document/?resource=https%3A%2F%2Fexample.org%2Fdts%2Fcollections%2Fhwgw%2Fs03%2Fed&ref=s03-pg163&tree=published_page
person,gnd-118538969,Geßners,published_page,page,s03-pg163,http://rs4.ethz.ch/dts/document/?resource=https%3A%2F%2Fexample.org%2Fdts%2Fcollections%2Fhwgw%2Fs03%2Fed&ref=s03-pg163&tree=published_page
person,gnd-102121982,Steinbrüchel,published_page,page,s03-pg163,http://rs4.ethz.ch/dts/document/?resource=https%3A%2F%2Fexample.org%2Fdts%2Fcollections%2Fhwgw%2Fs03%2Fed&ref=s03-pg163&tree=published_page
person,gnd-102121982,Steinbrüchels,published_page,page,s03-pg163,http://rs4.ethz.ch/dts/document/?resource=https%3A%2F%2Fexample.org%2Fdts%2Fcollections%2Fhwgw%2Fs03%2Fed&ref=s03-pg163&tree=published_page
person,gnd-118632477,Wieland,published_page,page,s03-pg163,http://rs4.ethz.ch/dts/document/?resource=https%3A%2F%2Fexample.org%2Fdts%2Fcollections%2Fhwgw%2Fs03%2Fed&ref=s03-pg163&tree=published_page
person,gnd-118563386,Klopstocks,published_page,page,s03-pg163,http://rs4.ethz.ch/dts/document/?resource=https%3A%2F%2Fexample.org%2Fdts%2Fcollections%2Fhwgw%2Fs03%2Fed&ref=s03-pg163&tree=published_page
person,gnd-118538969,Geßner,published_page,page,s03-pg163,http://rs4.ethz.ch/dts/document/?resource=https%3A%2F%2Fexample.org%2Fdts%2Fcollections%2Fhwgw%2Fs03%2Fed&ref=s03-pg163&tree=published_page
person,gnd-118613693,Shaftesbury,published_page,page,s03-pg163,http://rs4.ethz.ch/dts/document/?resource=https%3A%2F%2Fexample.org%2Fdts%2Fcollections%2Fhwgw%2Fs03%2Fed&ref=s03-pg163&tree=published_page
person,gnd-118538969,Geßners,published_page,page,s03-pg163,http://rs4.ethz.ch/dts/document/?resource=https%3A%2F%2Fexample.org%2Fdts%2Fcollections%2Fhwgw%2Fs03%2Fed&ref=s03-pg163&tree=published_page
person,gnd-118613693,Shaftesburys,published_page,page,s03-pg164,http://rs4.ethz.ch/dts/document/?resource=https%3A%2F%2Fexample.org%2Fdts%2Fcollections%2Fhwgw%2Fs03%2Fed&ref=s03-pg164&tree=published_page
place,gnd-4068038-1,Zürich,published_page,page,s03-pg164,http://rs4.ethz.ch/dts/document/?resource=https%3A%2F%2Fexample.org%2Fdts%2Fcollections%2Fhwgw%2Fs03%2Fed&ref=s03-pg164&tree=published_page
person,gnd-118512315,Bodmer,published_page,page,s03-pg164,http://rs4.ethz.ch/dts/document/?resource=https%3A%2F%2Fexample.org%2Fdts%2Fcollections%2Fhwgw%2Fs03%2Fed&ref=s03-pg164&tree=published_page
person,gnd-118538969,Geßner,published_page,page,s03-pg164,http://rs4.ethz.ch/dts/document/?resource=https%3A%2F%2Fexample.org%2Fdts%2Fcollections%2Fhwgw%2Fs03%2Fed&ref=s03-pg164&tree=published_page
person,gnd-118633600,Winckelmann,published_page,page,s03-pg164,http://rs4.ethz.ch/dts/document/?resource=https%3A%2F%2Fexample.org%2Fdts%2Fcollections%2Fhwgw%2Fs03%2Fed&ref=s03-pg164&tree=published_page
person,gnd-102121982,Steinbrüchel,published_page,page,s03-pg164,http://rs4.ethz.ch/dts/document/?resource=https%3A%2F%2Fexample.org%2Fdts%2Fcollections%2Fhwgw%2Fs03%2Fed&ref=s03-pg164&tree=published_page
person,gnd-118613693,Shaftesbury,published_page,page,s03-pg164,http://rs4.ethz.ch/dts/document/?resource=https%3A%2F%2Fexample.org%2Fdts%2Fcollections%2Fhwgw%2Fs03%2Fed&ref=s03-pg164&tree=published_page
person,gnd-118634496,Wölfflin,published_page,page,s03-pg164,http://rs4.ethz.ch/dts/document/?resource=https%3A%2F%2Fexample.org%2Fdts%2Fcollections%2Fhwgw%2Fs03%2Fed&ref=s03-pg164&tree=published_page
person,gnd-118633600,Winckelmann,published_page,page,s03-pg164,http://rs4.ethz.ch/dts/document/?resource=https%3A%2F%2Fexample.org%2Fdts%2Fcollections%2Fhwgw%2Fs03%2Fed&ref=s03-pg164&tree=published_page
person,gnd-118633600,Winckelmanns,published_page,page,s03-pg164,http://rs4.ethz.ch/dts/document/?resource=https%3A%2F%2Fexample.org%2Fdts%2Fcollections%2Fhwgw%2Fs03%2Fed&ref=s03-pg164&tree=published_page
person,gnd-118538969,Geßner,published_page,page,s03-pg164,http://rs4.ethz.ch/dts/document/?resource=https%3A%2F%2Fexample.org%2Fdts%2Fcollections%2Fhwgw%2Fs03%2Fed&ref=s03-pg164&tree=published_page
person,gnd-118633600,Winckelmann,published_page,page,s03-pg164,http://rs4.ethz.ch/dts/document/?resource=https%3A%2F%2Fexample.org%2Fdts%2Fcollections%2Fhwgw%2Fs03%2Fed&ref=s03-pg164&tree=published_page
person,gnd-116205849,Blümner,published_page,page,s03-pg164,http://rs4.ethz.ch/dts/document/?resource=https%3A%2F%2Fexample.org%2Fdts%2Fcollections%2Fhwgw%2Fs03%2Fed&ref=s03-pg164&tree=published_page
person,gnd-118633600,Winckelmanns,published_page,page,s03-pg164,http://rs4.ethz.ch/dts/document/?resource=https%3A%2F%2Fexample.org%2Fdts%2Fcollections%2Fhwgw%2Fs03%2Fed&ref=s03-pg164&tree=published_page
person,gnd-118634496,Wölfflin,published_page,page,s03-pg164,http://rs4.ethz.ch/dts/document/?resource=https%3A%2F%2Fexample.org%2Fdts%2Fcollections%2Fhwgw%2Fs03%2Fed&ref=s03-pg164&tree=published_page
person,gnd-118634496,Wölfflins,published_page,page,s03-pg164,http://rs4.ethz.ch/dts/document/?resource=https%3A%2F%2Fexample.org%2Fdts%2Fcollections%2Fhwgw%2Fs03%2Fed&ref=s03-pg164&tree=published_page
person,gnd-116137258,Michael Bernays,published_page,page,s03-pg164,http://rs4.ethz.ch/dts/document/?resource=https%3A%2F%2Fexample.org%2Fdts%2Fcollections%2Fhwgw%2Fs03%2Fed&ref=s03-pg164&tree=published_page
person,gnd-116137258,Bernays,published_page,page,s03-pg164,http://rs4.ethz.ch/dts/document/?resource=https%3A%2F%2Fexample.org%2Fdts%2Fcollections%2Fhwgw%2Fs03%2Fed&ref=s03-pg164&tree=published_page
place,gnd-4051362-2,Salerno,published_page,page,s03-pg164,http://rs4.ethz.ch/dts/document/?resource=https%3A%2F%2Fexample.org%2Fdts%2Fcollections%2Fhwgw%2Fs03%2Fed&ref=s03-pg164&tree=published_page
place,gnd-4068038-1,Zürich,published_page,page,s03-pg164,http://rs4.ethz.ch/dts/document/?resource=https%3A%2F%2Fexample.org%2Fdts%2Fcollections%2Fhwgw%2Fs03%2Fed&ref=s03-pg164&tree=published_page
place,gnd-4051362-2,Salerno,published_page,page,s03-pg164,http://rs4.ethz.ch/dts/document/?resource=https%3A%2F%2Fexample.org%2Fdts%2Fcollections%2Fhwgw%2Fs03%2Fed&ref=s03-pg164&tree=published_page
person,gnd-118633600,Winckelmanns,published_page,page,s03-pg164,http://rs4.ethz.ch/dts/document/?resource=https%3A%2F%2Fexample.org%2Fdts%2Fcollections%2Fhwgw%2Fs03%2Fed&ref=s03-pg164&tree=published_page
person,gnd-117752266,Johann Caspar Füssli,published_page,page,s03-pg164,http://rs4.ethz.ch/dts/document/?resource=https%3A%2F%2Fexample.org%2Fdts%2Fcollections%2Fhwgw%2Fs03%2Fed&ref=s03-pg164&tree=published_page
place,gnd-4050471-2,Rom,published_page,page,s03-pg164,http://rs4.ethz.ch/dts/document/?resource=https%3A%2F%2Fexample.org%2Fdts%2Fcollections%2Fhwgw%2Fs03%2Fed&ref=s03-pg164&tree=published_page
person,gnd-104361158,von Volkmann,published_page,page,s03-pg164,http://rs4.ethz.ch/dts/document/?resource=https%3A%2F%2Fexample.org%2Fdts%2Fcollections%2Fhwgw%2Fs03%2Fed&ref=s03-pg164&tree=published_page
place,gnd-4023118-5,Hamburg,published_page,page,s03-pg164,http://rs4.ethz.ch/dts/document/?resource=https%3A%2F%2Fexample.org%2Fdts%2Fcollections%2Fhwgw%2Fs03%2Fed&ref=s03-pg164&tree=published_page
person,gnd-118633600,Winckelmanns,published_page,page,s03-pg164,http://rs4.ethz.ch/dts/document/?resource=https%3A%2F%2Fexample.org%2Fdts%2Fcollections%2Fhwgw%2Fs03%2Fed&ref=s03-pg164&tree=published_page
person,gnd-117752266,C. Füßli,published_page,page,s03-pg164,http://rs4.ethz.ch/dts/document/?resource=https%3A%2F%2Fexample.org%2Fdts%2Fcollections%2Fhwgw%2Fs03%2Fed&ref=s03-pg164&tree=published_page
person,gnd-118805371,P. Usteri,published_page,page,s03-pg164,http://rs4.ethz.ch/dts/document/?resource=https%3A%2F%2Fexample.org%2Fdts%2Fcollections%2Fhwgw%2Fs03%2Fed&ref=s03-pg164&tree=published_page
place,gnd-4050471-2,Rom,published_page,page,s03-pg164,http://rs4.ethz.ch/dts/document/?resource=https%3A%2F%2Fexample.org%2Fdts%2Fcollections%2Fhwgw%2Fs03%2Fed&ref=s03-pg164&tree=published_page
person,gnd-118633600,Winckelmann,published_page,page,s03-pg164,http://rs4.ethz.ch/dts/document/?resource=https%3A%2F%2Fexample.org%2Fdts%2Fcollections%2Fhwgw%2Fs03%2Fed&ref=s03-pg164&tree=published_page
person,gnd-118783270,Mengs,published_page,page,s03-pg164,http://rs4.ethz.ch/dts/document/?resource=https%3A%2F%2Fexample.org%2Fdts%2Fcollections%2Fhwgw%2Fs03%2Fed&ref=s03-pg164&tree=published_page
object,object-Apollo-Mnemosyne-20,Apoll und die Musen,published_page,page,s03-pg164,http://rs4.ethz.ch/dts/document/?resource=https%3A%2F%2Fexample.org%2Fdts%2Fcollections%2Fhwgw%2Fs03%2Fed&ref=s03-pg164&tree=published_page
object,gnd-4197499-2,Villa Albani,published_page,page,s03-pg164,http://rs4.ethz.ch/dts/document/?resource=https%3A%2F%2Fexample.org%2Fdts%2Fcollections%2Fhwgw%2Fs03%2Fed&ref=s03-pg164&tree=published_page
person,gnd-118633600,Winckelmanns,published_page,page,s03-pg164,http://rs4.ethz.ch/dts/document/?resource=https%3A%2F%2Fexample.org%2Fdts%2Fcollections%2Fhwgw%2Fs03%2Fed&ref=s03-pg164&tree=published_page
person,gnd-118538969,Geßner,published_page,page,s03-pg164,http://rs4.ethz.ch/dts/document/?resource=https%3A%2F%2Fexample.org%2Fdts%2Fcollections%2Fhwgw%2Fs03%2Fed&ref=s03-pg164&tree=published_page
person,gnd-118783270,Anton Raphael Mengs,published_page,page,s03-pg164,http://rs4.ethz.ch/dts/document/?resource=https%3A%2F%2Fexample.org%2Fdts%2Fcollections%2Fhwgw%2Fs03%2Fed&ref=s03-pg164&tree=published_page
object,object-Apollo-Mnemosyne-20,"Apollo, Mnemosyne und die neun Musen",published_page,page,s03-pg164,http://rs4.ethz.ch/dts/document/?resource=https%3A%2F%2Fexample.org%2Fdts%2Fcollections%2Fhwgw%2Fs03%2Fed&ref=s03-pg164&tree=published_page
place,gnd-4050471-2,Rom,published_page,page,s03-pg164,http://rs4.ethz.ch/dts/document/?resource=https%3A%2F%2Fexample.org%2Fdts%2Fcollections%2Fhwgw%2Fs03%2Fed&ref=s03-pg164&tree=published_page
object,gnd-4197499-2,Villa Albani,published_page,page,s03-pg164,http://rs4.ethz.ch/dts/document/?resource=https%3A%2F%2Fexample.org%2Fdts%2Fcollections%2Fhwgw%2Fs03%2Fed&ref=s03-pg164&tree=published_page
person,gnd-118633600,Winckelmanns,published_page,page,s03-pg165,http://rs4.ethz.ch/dts/document/?resource=https%3A%2F%2Fexample.org%2Fdts%2Fcollections%2Fhwgw%2Fs03%2Fed&ref=s03-pg165&tree=published_page
person,gnd-118538969,Geßner,published_page,page,s03-pg165,http://rs4.ethz.ch/dts/document/?resource=https%3A%2F%2Fexample.org%2Fdts%2Fcollections%2Fhwgw%2Fs03%2Fed&ref=s03-pg165&tree=published_page
person,gnd-118538969,Geßner,published_page,page,s03-pg165,http://rs4.ethz.ch/dts/document/?resource=https%3A%2F%2Fexample.org%2Fdts%2Fcollections%2Fhwgw%2Fs03%2Fed&ref=s03-pg165&tree=published_page
person,gnd-118633600,Winckelmann,published_page,page,s03-pg165,http://rs4.ethz.ch/dts/document/?resource=https%3A%2F%2Fexample.org%2Fdts%2Fcollections%2Fhwgw%2Fs03%2Fed&ref=s03-pg165&tree=published_page
person,gnd-118538969,Geßner,published_page,page,s03-pg165,http://rs4.ethz.ch/dts/document/?resource=https%3A%2F%2Fexample.org%2Fdts%2Fcollections%2Fhwgw%2Fs03%2Fed&ref=s03-pg165&tree=published_page
person,gnd-118572121,Lessing,published_page,page,s03-pg165,http://rs4.ethz.ch/dts/document/?resource=https%3A%2F%2Fexample.org%2Fdts%2Fcollections%2Fhwgw%2Fs03%2Fed&ref=s03-pg165&tree=published_page
person,gnd-118633600,Winckelmann,published_page,page,s03-pg165,http://rs4.ethz.ch/dts/document/?resource=https%3A%2F%2Fexample.org%2Fdts%2Fcollections%2Fhwgw%2Fs03%2Fed&ref=s03-pg165&tree=published_page
person,gnd-11855333X,Homers,published_page,page,s03-pg165,http://rs4.ethz.ch/dts/document/?resource=https%3A%2F%2Fexample.org%2Fdts%2Fcollections%2Fhwgw%2Fs03%2Fed&ref=s03-pg165&tree=published_page
person,gnd-118538969,Geßner,published_page,page,s03-pg165,http://rs4.ethz.ch/dts/document/?resource=https%3A%2F%2Fexample.org%2Fdts%2Fcollections%2Fhwgw%2Fs03%2Fed&ref=s03-pg165&tree=published_page
person,gnd-118607960,A.W.v. Schlegels,published_page,page,s03-pg165,http://rs4.ethz.ch/dts/document/?resource=https%3A%2F%2Fexample.org%2Fdts%2Fcollections%2Fhwgw%2Fs03%2Fed&ref=s03-pg165&tree=published_page
person,gnd-118538969,Geßners,published_page,page,s03-pg165,http://rs4.ethz.ch/dts/document/?resource=https%3A%2F%2Fexample.org%2Fdts%2Fcollections%2Fhwgw%2Fs03%2Fed&ref=s03-pg165&tree=published_page
person,gnd-118607960,A.W.v. Schlegel,published_page,page,s03-pg165,http://rs4.ethz.ch/dts/document/?resource=https%3A%2F%2Fexample.org%2Fdts%2Fcollections%2Fhwgw%2Fs03%2Fed&ref=s03-pg165&tree=published_page
person,gnd-118538969,Geßners,published_page,page,s03-pg165,http://rs4.ethz.ch/dts/document/?resource=https%3A%2F%2Fexample.org%2Fdts%2Fcollections%2Fhwgw%2Fs03%2Fed&ref=s03-pg165&tree=published_page
person,gnd-118538969,Salomon Gessner,published_page,page,s03-pg165,http://rs4.ethz.ch/dts/document/?resource=https%3A%2F%2Fexample.org%2Fdts%2Fcollections%2Fhwgw%2Fs03%2Fed&ref=s03-pg165&tree=published_page
object,object-Zwei-nach-einer-57,Zwei nach einer Ente haschende Tritonenkinder im Schilf {HW: Kleine Seebuben im Schilf eine Ente haschend},published_page,page,s03-pg165,http://rs4.ethz.ch/dts/document/?resource=https%3A%2F%2Fexample.org%2Fdts%2Fcollections%2Fhwgw%2Fs03%2Fed&ref=s03-pg165&tree=published_page
person,gnd-118634496,Wölfflins,published_page,page,s03-pg165,http://rs4.ethz.ch/dts/document/?resource=https%3A%2F%2Fexample.org%2Fdts%2Fcollections%2Fhwgw%2Fs03%2Fed&ref=s03-pg165&tree=published_page
person,gnd-118538969,Geßners,published_page,page,s03-pg166,http://rs4.ethz.ch/dts/document/?resource=https%3A%2F%2Fexample.org%2Fdts%2Fcollections%2Fhwgw%2Fs03%2Fed&ref=s03-pg166&tree=published_page
person,gnd-118603426,Rousseau,published_page,page,s03-pg166,http://rs4.ethz.ch/dts/document/?resource=https%3A%2F%2Fexample.org%2Fdts%2Fcollections%2Fhwgw%2Fs03%2Fed&ref=s03-pg166&tree=published_page
person,gnd-118538969,Geßnerscher,published_page,page,s03-pg166,http://rs4.ethz.ch/dts/document/?resource=https%3A%2F%2Fexample.org%2Fdts%2Fcollections%2Fhwgw%2Fs03%2Fed&ref=s03-pg166&tree=published_page
person,gnd-118538969,Gessner,published_page,page,s03-pg166,http://rs4.ethz.ch/dts/document/?resource=https%3A%2F%2Fexample.org%2Fdts%2Fcollections%2Fhwgw%2Fs03%2Fed&ref=s03-pg166&tree=published_page
person,gnd-118603426,Rousseaus,published_page,page,s03-pg166,http://rs4.ethz.ch/dts/document/?resource=https%3A%2F%2Fexample.org%2Fdts%2Fcollections%2Fhwgw%2Fs03%2Fed&ref=s03-pg166&tree=published_page
person,gnd-118538969,Gessner,published_page,page,s03-pg166,http://rs4.ethz.ch/dts/document/?resource=https%3A%2F%2Fexample.org%2Fdts%2Fcollections%2Fhwgw%2Fs03%2Fed&ref=s03-pg166&tree=published_page
place,gnd-4115218-9,Montmorency,published_page,page,s03-pg166,http://rs4.ethz.ch/dts/document/?resource=https%3A%2F%2Fexample.org%2Fdts%2Fcollections%2Fhwgw%2Fs03%2Fed&ref=s03-pg166&tree=published_page
person,gnd-118634496,Wölfflin,published_page,page,s03-pg166,http://rs4.ethz.ch/dts/document/?resource=https%3A%2F%2Fexample.org%2Fdts%2Fcollections%2Fhwgw%2Fs03%2Fed&ref=s03-pg166&tree=published_page
person,gnd-118538969,Gessner,published_page,page,s03-pg166,http://rs4.ethz.ch/dts/document/?resource=https%3A%2F%2Fexample.org%2Fdts%2Fcollections%2Fhwgw%2Fs03%2Fed&ref=s03-pg166&tree=published_page
person,gnd-118634496,Wölfflin,published_page,page,s03-pg166,http://rs4.ethz.ch/dts/document/?resource=https%3A%2F%2Fexample.org%2Fdts%2Fcollections%2Fhwgw%2Fs03%2Fed&ref=s03-pg166&tree=published_page
person,gnd-118603426,Rousseaus,published_page,page,s03-pg166,http://rs4.ethz.ch/dts/document/?resource=https%3A%2F%2Fexample.org%2Fdts%2Fcollections%2Fhwgw%2Fs03%2Fed&ref=s03-pg166&tree=published_page
person,gnd-118603426,Rousseau,published_page,page,s03-pg166,http://rs4.ethz.ch/dts/document/?resource=https%3A%2F%2Fexample.org%2Fdts%2Fcollections%2Fhwgw%2Fs03%2Fed&ref=s03-pg166&tree=published_page
person,gnd-118538969,Gessner,published_page,page,s03-pg166,http://rs4.ethz.ch/dts/document/?resource=https%3A%2F%2Fexample.org%2Fdts%2Fcollections%2Fhwgw%2Fs03%2Fed&ref=s03-pg166&tree=published_page
person,gnd-117031933,Michael Huber,published_page,page,s03-pg166,http://rs4.ethz.ch/dts/document/?resource=https%3A%2F%2Fexample.org%2Fdts%2Fcollections%2Fhwgw%2Fs03%2Fed&ref=s03-pg166&tree=published_page
person,gnd-118634496,Wölfflins,published_page,page,s03-pg166,http://rs4.ethz.ch/dts/document/?resource=https%3A%2F%2Fexample.org%2Fdts%2Fcollections%2Fhwgw%2Fs03%2Fed&ref=s03-pg166&tree=published_page
person,gnd-118908154,C. L. v. Hagedorn,published_page,page,s03-pg166,http://rs4.ethz.ch/dts/document/?resource=https%3A%2F%2Fexample.org%2Fdts%2Fcollections%2Fhwgw%2Fs03%2Fed&ref=s03-pg166&tree=published_page
person,gnd-118622277,Thomsons,published_page,page,s03-pg166,http://rs4.ethz.ch/dts/document/?resource=https%3A%2F%2Fexample.org%2Fdts%2Fcollections%2Fhwgw%2Fs03%2Fed&ref=s03-pg166&tree=published_page
person,gnd-118622277,Thomson,published_page,page,s03-pg166,http://rs4.ethz.ch/dts/document/?resource=https%3A%2F%2Fexample.org%2Fdts%2Fcollections%2Fhwgw%2Fs03%2Fed&ref=s03-pg166&tree=published_page
person,gnd-118512315,Bodmer,published_page,page,s03-pg166,http://rs4.ethz.ch/dts/document/?resource=https%3A%2F%2Fexample.org%2Fdts%2Fcollections%2Fhwgw%2Fs03%2Fed&ref=s03-pg166&tree=published_page
person,gnd-118590111,Opitz,published_page,page,s03-pg166,http://rs4.ethz.ch/dts/document/?resource=https%3A%2F%2Fexample.org%2Fdts%2Fcollections%2Fhwgw%2Fs03%2Fed&ref=s03-pg166&tree=published_page
person,gnd-119020890,Hirzels,published_page,page,s03-pg166,http://rs4.ethz.ch/dts/document/?resource=https%3A%2F%2Fexample.org%2Fdts%2Fcollections%2Fhwgw%2Fs03%2Fed&ref=s03-pg166&tree=published_page
person,gnd-118538969,Geßner,published_page,page,s03-pg166,http://rs4.ethz.ch/dts/document/?resource=https%3A%2F%2Fexample.org%2Fdts%2Fcollections%2Fhwgw%2Fs03%2Fed&ref=s03-pg166&tree=published_page
person,gnd-118538969,Geßner,published_page,page,s03-pg166,http://rs4.ethz.ch/dts/document/?resource=https%3A%2F%2Fexample.org%2Fdts%2Fcollections%2Fhwgw%2Fs03%2Fed&ref=s03-pg166&tree=published_page
person,gnd-118545140,Hallers,published_page,page,s03-pg166,http://rs4.ethz.ch/dts/document/?resource=https%3A%2F%2Fexample.org%2Fdts%2Fcollections%2Fhwgw%2Fs03%2Fed&ref=s03-pg166&tree=published_page
person,gnd-118723499,Kleists,published_page,page,s03-pg166,http://rs4.ethz.ch/dts/document/?resource=https%3A%2F%2Fexample.org%2Fdts%2Fcollections%2Fhwgw%2Fs03%2Fed&ref=s03-pg166&tree=published_page
person,gnd-118538969,Geßners,published_page,page,s03-pg166,http://rs4.ethz.ch/dts/document/?resource=https%3A%2F%2Fexample.org%2Fdts%2Fcollections%2Fhwgw%2Fs03%2Fed&ref=s03-pg166&tree=published_page
person,gnd-118540238,Goethe,published_page,page,s03-pg166,http://rs4.ethz.ch/dts/document/?resource=https%3A%2F%2Fexample.org%2Fdts%2Fcollections%2Fhwgw%2Fs03%2Fed&ref=s03-pg166&tree=published_page
person,gnd-118545140,Hallers,published_page,page,s03-pg166,http://rs4.ethz.ch/dts/document/?resource=https%3A%2F%2Fexample.org%2Fdts%2Fcollections%2Fhwgw%2Fs03%2Fed&ref=s03-pg166&tree=published_page
person,gnd-118538969,Geßners,published_page,page,s03-pg166,http://rs4.ethz.ch/dts/document/?resource=https%3A%2F%2Fexample.org%2Fdts%2Fcollections%2Fhwgw%2Fs03%2Fed&ref=s03-pg166&tree=published_page
person,gnd-118723499,Kleists,published_page,page,s03-pg166,http://rs4.ethz.ch/dts/document/?resource=https%3A%2F%2Fexample.org%2Fdts%2Fcollections%2Fhwgw%2Fs03%2Fed&ref=s03-pg166&tree=published_page
person,gnd-118634496,Wölfflin,published_page,page,s03-pg166,http://rs4.ethz.ch/dts/document/?resource=https%3A%2F%2Fexample.org%2Fdts%2Fcollections%2Fhwgw%2Fs03%2Fed&ref=s03-pg166&tree=published_page
person,gnd-1089597193,Hempelschen,published_page,page,s03-pg166,http://rs4.ethz.ch/dts/document/?resource=https%3A%2F%2Fexample.org%2Fdts%2Fcollections%2Fhwgw%2Fs03%2Fed&ref=s03-pg166&tree=published_page
person,gnd-118634496,Wölfflin,published_page,page,s03-pg166,http://rs4.ethz.ch/dts/document/?resource=https%3A%2F%2Fexample.org%2Fdts%2Fcollections%2Fhwgw%2Fs03%2Fed&ref=s03-pg166&tree=published_page
person,gnd-118515586,Brockes,published_page,page,s03-pg167,http://rs4.ethz.ch/dts/document/?resource=https%3A%2F%2Fexample.org%2Fdts%2Fcollections%2Fhwgw%2Fs03%2Fed&ref=s03-pg167&tree=published_page
person,gnd-118622277,Thomson,published_page,page,s03-pg167,http://rs4.ethz.ch/dts/document/?resource=https%3A%2F%2Fexample.org%2Fdts%2Fcollections%2Fhwgw%2Fs03%2Fed&ref=s03-pg167&tree=published_page
person,gnd-118515586,Brockes,published_page,page,s03-pg167,http://rs4.ethz.ch/dts/document/?resource=https%3A%2F%2Fexample.org%2Fdts%2Fcollections%2Fhwgw%2Fs03%2Fed&ref=s03-pg167&tree=published_page
person,gnd-118622277,Thomson,published_page,page,s03-pg167,http://rs4.ethz.ch/dts/document/?resource=https%3A%2F%2Fexample.org%2Fdts%2Fcollections%2Fhwgw%2Fs03%2Fed&ref=s03-pg167&tree=published_page
person,gnd-118515586,Brockes,published_page,page,s03-pg167,http://rs4.ethz.ch/dts/document/?resource=https%3A%2F%2Fexample.org%2Fdts%2Fcollections%2Fhwgw%2Fs03%2Fed&ref=s03-pg167&tree=published_page
person,gnd-118622277,Thomson,published_page,page,s03-pg167,http://rs4.ethz.ch/dts/document/?resource=https%3A%2F%2Fexample.org%2Fdts%2Fcollections%2Fhwgw%2Fs03%2Fed&ref=s03-pg167&tree=published_page
person,gnd-118515586,Brockes,published_page,page,s03-pg167,http://rs4.ethz.ch/dts/document/?resource=https%3A%2F%2Fexample.org%2Fdts%2Fcollections%2Fhwgw%2Fs03%2Fed&ref=s03-pg167&tree=published_page
person,gnd-118515586,Brockes,published_page,page,s03-pg167,http://rs4.ethz.ch/dts/document/?resource=https%3A%2F%2Fexample.org%2Fdts%2Fcollections%2Fhwgw%2Fs03%2Fed&ref=s03-pg167&tree=published_page
person,gnd-118538969,Geßner,published_page,page,s03-pg168,http://rs4.ethz.ch/dts/document/?resource=https%3A%2F%2Fexample.org%2Fdts%2Fcollections%2Fhwgw%2Fs03%2Fed&ref=s03-pg168&tree=published_page
person,gnd-118515586,Brockes,published_page,page,s03-pg168,http://rs4.ethz.ch/dts/document/?resource=https%3A%2F%2Fexample.org%2Fdts%2Fcollections%2Fhwgw%2Fs03%2Fed&ref=s03-pg168&tree=published_page
person,gnd-118538969,Geßner,published_page,page,s03-pg168,http://rs4.ethz.ch/dts/document/?resource=https%3A%2F%2Fexample.org%2Fdts%2Fcollections%2Fhwgw%2Fs03%2Fed&ref=s03-pg168&tree=published_page
person,gnd-118538969,Geßner,published_page,page,s03-pg168,http://rs4.ethz.ch/dts/document/?resource=https%3A%2F%2Fexample.org%2Fdts%2Fcollections%2Fhwgw%2Fs03%2Fed&ref=s03-pg168&tree=published_page
person,gnd-118634496,Wölfflin,published_page,page,s03-pg168,http://rs4.ethz.ch/dts/document/?resource=https%3A%2F%2Fexample.org%2Fdts%2Fcollections%2Fhwgw%2Fs03%2Fed&ref=s03-pg168&tree=published_page
person,gnd-118538969,Geßner,published_page,page,s03-pg169,http://rs4.ethz.ch/dts/document/?resource=https%3A%2F%2Fexample.org%2Fdts%2Fcollections%2Fhwgw%2Fs03%2Fed&ref=s03-pg169&tree=published_page
person,gnd-118603426,rousseauschen,published_page,page,s03-pg169,http://rs4.ethz.ch/dts/document/?resource=https%3A%2F%2Fexample.org%2Fdts%2Fcollections%2Fhwgw%2Fs03%2Fed&ref=s03-pg169&tree=published_page
person,gnd-118622277,Thomson,published_page,page,s03-pg169,http://rs4.ethz.ch/dts/document/?resource=https%3A%2F%2Fexample.org%2Fdts%2Fcollections%2Fhwgw%2Fs03%2Fed&ref=s03-pg169&tree=published_page
person,gnd-118515586,Brockes,published_page,page,s03-pg169,http://rs4.ethz.ch/dts/document/?resource=https%3A%2F%2Fexample.org%2Fdts%2Fcollections%2Fhwgw%2Fs03%2Fed&ref=s03-pg169&tree=published_page
person,gnd-118622277,Thomson,published_page,page,s03-pg169,http://rs4.ethz.ch/dts/document/?resource=https%3A%2F%2Fexample.org%2Fdts%2Fcollections%2Fhwgw%2Fs03%2Fed&ref=s03-pg169&tree=published_page
person,gnd-118634496,Wölfflin,published_page,page,s03-pg169,http://rs4.ethz.ch/dts/document/?resource=https%3A%2F%2Fexample.org%2Fdts%2Fcollections%2Fhwgw%2Fs03%2Fed&ref=s03-pg169&tree=published_page
person,gnd-118634496,Wölfflin,published_page,page,s03-pg169,http://rs4.ethz.ch/dts/document/?resource=https%3A%2F%2Fexample.org%2Fdts%2Fcollections%2Fhwgw%2Fs03%2Fed&ref=s03-pg169&tree=published_page
person,gnd-118634496,Wölfflin,published_page,page,s03-pg169,http://rs4.ethz.ch/dts/document/?resource=https%3A%2F%2Fexample.org%2Fdts%2Fcollections%2Fhwgw%2Fs03%2Fed&ref=s03-pg169&tree=published_page
person,gnd-118538969,Geßner,published_page,page,s03-pg169,http://rs4.ethz.ch/dts/document/?resource=https%3A%2F%2Fexample.org%2Fdts%2Fcollections%2Fhwgw%2Fs03%2Fed&ref=s03-pg169&tree=published_page
person,gnd-118621769,Theokrits,published_page,page,s03-pg169,http://rs4.ethz.ch/dts/document/?resource=https%3A%2F%2Fexample.org%2Fdts%2Fcollections%2Fhwgw%2Fs03%2Fed&ref=s03-pg169&tree=published_page
person,gnd-118538969,Geßner,published_page,page,s03-pg169,http://rs4.ethz.ch/dts/document/?resource=https%3A%2F%2Fexample.org%2Fdts%2Fcollections%2Fhwgw%2Fs03%2Fed&ref=s03-pg169&tree=published_page
person,gnd-118634496,Wölfflin,published_page,page,s03-pg170,http://rs4.ethz.ch/dts/document/?resource=https%3A%2F%2Fexample.org%2Fdts%2Fcollections%2Fhwgw%2Fs03%2Fed&ref=s03-pg170&tree=published_page
person,gnd-118538969,Geßner,published_page,page,s03-pg170,http://rs4.ethz.ch/dts/document/?resource=https%3A%2F%2Fexample.org%2Fdts%2Fcollections%2Fhwgw%2Fs03%2Fed&ref=s03-pg170&tree=published_page
person,gnd-118538969,Geßner,published_page,page,s03-pg170,http://rs4.ethz.ch/dts/document/?resource=https%3A%2F%2Fexample.org%2Fdts%2Fcollections%2Fhwgw%2Fs03%2Fed&ref=s03-pg170&tree=published_page
person,gnd-118538969,Geßner,published_page,page,s03-pg170,http://rs4.ethz.ch/dts/document/?resource=https%3A%2F%2Fexample.org%2Fdts%2Fcollections%2Fhwgw%2Fs03%2Fed&ref=s03-pg170&tree=published_page
person,gnd-118723499,Kleists,published_page,page,s03-pg171,http://rs4.ethz.ch/dts/document/?resource=https%3A%2F%2Fexample.org%2Fdts%2Fcollections%2Fhwgw%2Fs03%2Fed&ref=s03-pg171&tree=published_page
person,gnd-118538969,Geßner,published_page,page,s03-pg171,http://rs4.ethz.ch/dts/document/?resource=https%3A%2F%2Fexample.org%2Fdts%2Fcollections%2Fhwgw%2Fs03%2Fed&ref=s03-pg171&tree=published_page
person,gnd-118723499,Kleist,published_page,page,s03-pg171,http://rs4.ethz.ch/dts/document/?resource=https%3A%2F%2Fexample.org%2Fdts%2Fcollections%2Fhwgw%2Fs03%2Fed&ref=s03-pg171&tree=published_page
person,gnd-118632477,Wieland,published_page,page,s03-pg171,http://rs4.ethz.ch/dts/document/?resource=https%3A%2F%2Fexample.org%2Fdts%2Fcollections%2Fhwgw%2Fs03%2Fed&ref=s03-pg171&tree=published_page
person,gnd-118632477,Wieland,published_page,page,s03-pg171,http://rs4.ethz.ch/dts/document/?resource=https%3A%2F%2Fexample.org%2Fdts%2Fcollections%2Fhwgw%2Fs03%2Fed&ref=s03-pg171&tree=published_page
person,gnd-118723499,Kleist,published_page,page,s03-pg171,http://rs4.ethz.ch/dts/document/?resource=https%3A%2F%2Fexample.org%2Fdts%2Fcollections%2Fhwgw%2Fs03%2Fed&ref=s03-pg171&tree=published_page
person,gnd-118613693,Shaftesbury,published_page,page,s03-pg171,http://rs4.ethz.ch/dts/document/?resource=https%3A%2F%2Fexample.org%2Fdts%2Fcollections%2Fhwgw%2Fs03%2Fed&ref=s03-pg171&tree=published_page
person,gnd-118634496,Wölfflin,published_page,page,s03-pg171,http://rs4.ethz.ch/dts/document/?resource=https%3A%2F%2Fexample.org%2Fdts%2Fcollections%2Fhwgw%2Fs03%2Fed&ref=s03-pg171&tree=published_page
person,gnd-118613693,Shaftesbury,published_page,page,s03-pg171,http://rs4.ethz.ch/dts/document/?resource=https%3A%2F%2Fexample.org%2Fdts%2Fcollections%2Fhwgw%2Fs03%2Fed&ref=s03-pg171&tree=published_page
person,gnd-118634496,Wölfflin,published_page,page,s03-pg171,http://rs4.ethz.ch/dts/document/?resource=https%3A%2F%2Fexample.org%2Fdts%2Fcollections%2Fhwgw%2Fs03%2Fed&ref=s03-pg171&tree=published_page
person,gnd-118500619,Addison,published_page,page,s03-pg171,http://rs4.ethz.ch/dts/document/?resource=https%3A%2F%2Fexample.org%2Fdts%2Fcollections%2Fhwgw%2Fs03%2Fed&ref=s03-pg171&tree=published_page
person,gnd-118595741,Pope,published_page,page,s03-pg171,http://rs4.ethz.ch/dts/document/?resource=https%3A%2F%2Fexample.org%2Fdts%2Fcollections%2Fhwgw%2Fs03%2Fed&ref=s03-pg171&tree=published_page
person,gnd-120132745,Kent,published_page,page,s03-pg171,http://rs4.ethz.ch/dts/document/?resource=https%3A%2F%2Fexample.org%2Fdts%2Fcollections%2Fhwgw%2Fs03%2Fed&ref=s03-pg171&tree=published_page
person,gnd-118660233,Browne,published_page,page,s03-pg171,http://rs4.ethz.ch/dts/document/?resource=https%3A%2F%2Fexample.org%2Fdts%2Fcollections%2Fhwgw%2Fs03%2Fed&ref=s03-pg171&tree=published_page
person,gnd-119435586,Chambers,published_page,page,s03-pg171,http://rs4.ethz.ch/dts/document/?resource=https%3A%2F%2Fexample.org%2Fdts%2Fcollections%2Fhwgw%2Fs03%2Fed&ref=s03-pg171&tree=published_page
person,gnd-118538969,Geßner,published_page,page,s03-pg171,http://rs4.ethz.ch/dts/document/?resource=https%3A%2F%2Fexample.org%2Fdts%2Fcollections%2Fhwgw%2Fs03%2Fed&ref=s03-pg171&tree=published_page
person,gnd-120132745,Kent,published_page,page,s03-pg171,http://rs4.ethz.ch/dts/document/?resource=https%3A%2F%2Fexample.org%2Fdts%2Fcollections%2Fhwgw%2Fs03%2Fed&ref=s03-pg171&tree=published_page
person,gnd-119435586,Chambers,published_page,page,s03-pg171,http://rs4.ethz.ch/dts/document/?resource=https%3A%2F%2Fexample.org%2Fdts%2Fcollections%2Fhwgw%2Fs03%2Fed&ref=s03-pg171&tree=published_page
person,gnd-118538969,Geßners,published_page,page,s03-pg171,http://rs4.ethz.ch/dts/document/?resource=https%3A%2F%2Fexample.org%2Fdts%2Fcollections%2Fhwgw%2Fs03%2Fed&ref=s03-pg171&tree=published_page
place,gnd-4018145-5,Frankreich,published_page,page,s03-pg172,http://rs4.ethz.ch/dts/document/?resource=https%3A%2F%2Fexample.org%2Fdts%2Fcollections%2Fhwgw%2Fs03%2Fed&ref=s03-pg172&tree=published_page
person,gnd-120142910,Laugier,published_page,page,s03-pg172,http://rs4.ethz.ch/dts/document/?resource=https%3A%2F%2Fexample.org%2Fdts%2Fcollections%2Fhwgw%2Fs03%2Fed&ref=s03-pg172&tree=published_page
place,gnd-1047943247,Versailles,published_page,page,s03-pg172,http://rs4.ethz.ch/dts/document/?resource=https%3A%2F%2Fexample.org%2Fdts%2Fcollections%2Fhwgw%2Fs03%2Fed&ref=s03-pg172&tree=published_page
person,gnd-118603426,Rousseau,published_page,page,s03-pg172,http://rs4.ethz.ch/dts/document/?resource=https%3A%2F%2Fexample.org%2Fdts%2Fcollections%2Fhwgw%2Fs03%2Fed&ref=s03-pg172&tree=published_page
person,gnd-118603426,Rousseau,published_page,page,s03-pg172,http://rs4.ethz.ch/dts/document/?resource=https%3A%2F%2Fexample.org%2Fdts%2Fcollections%2Fhwgw%2Fs03%2Fed&ref=s03-pg172&tree=published_page
person,gnd-118538969,Geßner,published_page,page,s03-pg172,http://rs4.ethz.ch/dts/document/?resource=https%3A%2F%2Fexample.org%2Fdts%2Fcollections%2Fhwgw%2Fs03%2Fed&ref=s03-pg172&tree=published_page
person,gnd-118538969,Geßner,published_page,page,s03-pg172,http://rs4.ethz.ch/dts/document/?resource=https%3A%2F%2Fexample.org%2Fdts%2Fcollections%2Fhwgw%2Fs03%2Fed&ref=s03-pg172&tree=published_page
person,gnd-118603426,Rousseau,published_page,page,s03-pg172,http://rs4.ethz.ch/dts/document/?resource=https%3A%2F%2Fexample.org%2Fdts%2Fcollections%2Fhwgw%2Fs03%2Fed&ref=s03-pg172&tree=published_page
person,gnd-118538969,Geßners,published_page,page,s03-pg172,http://rs4.ethz.ch/dts/document/?resource=https%3A%2F%2Fexample.org%2Fdts%2Fcollections%2Fhwgw%2Fs03%2Fed&ref=s03-pg172&tree=published_page
person,gnd-118538969,Geßner,published_page,page,s03-pg172,http://rs4.ethz.ch/dts/document/?resource=https%3A%2F%2Fexample.org%2Fdts%2Fcollections%2Fhwgw%2Fs03%2Fed&ref=s03-pg172&tree=published_page
person,gnd-118563386,Klopstockische,published_page,page,s03-pg172,http://rs4.ethz.ch/dts/document/?resource=https%3A%2F%2Fexample.org%2Fdts%2Fcollections%2Fhwgw%2Fs03%2Fed&ref=s03-pg172&tree=published_page
person,gnd-118538969,Geßner,published_page,page,s03-pg172,http://rs4.ethz.ch/dts/document/?resource=https%3A%2F%2Fexample.org%2Fdts%2Fcollections%2Fhwgw%2Fs03%2Fed&ref=s03-pg172&tree=published_page
person,gnd-118538969,Geßnerschen,published_page,page,s03-pg173,http://rs4.ethz.ch/dts/document/?resource=https%3A%2F%2Fexample.org%2Fdts%2Fcollections%2Fhwgw%2Fs03%2Fed&ref=s03-pg173&tree=published_page
person,gnd-118538969,Geßner,published_page,page,s03-pg173,http://rs4.ethz.ch/dts/document/?resource=https%3A%2F%2Fexample.org%2Fdts%2Fcollections%2Fhwgw%2Fs03%2Fed&ref=s03-pg173&tree=published_page
person,gnd-118549553,Herder,published_page,page,s03-pg173,http://rs4.ethz.ch/dts/document/?resource=https%3A%2F%2Fexample.org%2Fdts%2Fcollections%2Fhwgw%2Fs03%2Fed&ref=s03-pg173&tree=published_page
person,gnd-118563386,Klopstocksche,published_page,page,s03-pg173,http://rs4.ethz.ch/dts/document/?resource=https%3A%2F%2Fexample.org%2Fdts%2Fcollections%2Fhwgw%2Fs03%2Fed&ref=s03-pg173&tree=published_page
person,gnd-118632477,Wielandsche,published_page,page,s03-pg173,http://rs4.ethz.ch/dts/document/?resource=https%3A%2F%2Fexample.org%2Fdts%2Fcollections%2Fhwgw%2Fs03%2Fed&ref=s03-pg173&tree=published_page
person,gnd-118538969,Geßners,published_page,page,s03-pg173,http://rs4.ethz.ch/dts/document/?resource=https%3A%2F%2Fexample.org%2Fdts%2Fcollections%2Fhwgw%2Fs03%2Fed&ref=s03-pg173&tree=published_page
person,gnd-118538969,Salomon Gessner,published_page,page,s03-pg174,http://rs4.ethz.ch/dts/document/?resource=https%3A%2F%2Fexample.org%2Fdts%2Fcollections%2Fhwgw%2Fs03%2Fed&ref=s03-pg174&tree=published_page
object,object-Zwei-tanzende-Pu-48,"Zwei tanzende Putten mit Pan- und Rohrflöte, bei einem Strauch {HW: Tanzende Kinder}",published_page,page,s03-pg174,http://rs4.ethz.ch/dts/document/?resource=https%3A%2F%2Fexample.org%2Fdts%2Fcollections%2Fhwgw%2Fs03%2Fed&ref=s03-pg174&tree=published_page
person,gnd-118634496,Wölfflins,published_page,page,s03-pg174,http://rs4.ethz.ch/dts/document/?resource=https%3A%2F%2Fexample.org%2Fdts%2Fcollections%2Fhwgw%2Fs03%2Fed&ref=s03-pg174&tree=published_page
person,gnd-118538969,Geßners,published_page,page,s03-pg175,http://rs4.ethz.ch/dts/document/?resource=https%3A%2F%2Fexample.org%2Fdts%2Fcollections%2Fhwgw%2Fs03%2Fed&ref=s03-pg175&tree=published_page
person,gnd-118538969,Geßner,published_page,page,s03-pg175,http://rs4.ethz.ch/dts/document/?resource=https%3A%2F%2Fexample.org%2Fdts%2Fcollections%2Fhwgw%2Fs03%2Fed&ref=s03-pg175&tree=published_page
place,gnd-4011882-4,Deutschland,published_page,page,s03-pg175,http://rs4.ethz.ch/dts/document/?resource=https%3A%2F%2Fexample.org%2Fdts%2Fcollections%2Fhwgw%2Fs03%2Fed&ref=s03-pg175&tree=published_page
person,gnd-118538969,Geßners,published_page,page,s03-pg175,http://rs4.ethz.ch/dts/document/?resource=https%3A%2F%2Fexample.org%2Fdts%2Fcollections%2Fhwgw%2Fs03%2Fed&ref=s03-pg175&tree=published_page
person,gnd-118621769,Theokrit,published_page,page,s03-pg175,http://rs4.ethz.ch/dts/document/?resource=https%3A%2F%2Fexample.org%2Fdts%2Fcollections%2Fhwgw%2Fs03%2Fed&ref=s03-pg175&tree=published_page
person,gnd-118538969,Geßner,published_page,page,s03-pg175,http://rs4.ethz.ch/dts/document/?resource=https%3A%2F%2Fexample.org%2Fdts%2Fcollections%2Fhwgw%2Fs03%2Fed&ref=s03-pg175&tree=published_page
person,gnd-118538969,Geßner,published_page,page,s03-pg176,http://rs4.ethz.ch/dts/document/?resource=https%3A%2F%2Fexample.org%2Fdts%2Fcollections%2Fhwgw%2Fs03%2Fed&ref=s03-pg176&tree=published_page
person,gnd-118538969,Geßner,published_page,page,s03-pg176,http://rs4.ethz.ch/dts/document/?resource=https%3A%2F%2Fexample.org%2Fdts%2Fcollections%2Fhwgw%2Fs03%2Fed&ref=s03-pg176&tree=published_page
person,gnd-118621769,Theokrit,published_page,page,s03-pg176,http://rs4.ethz.ch/dts/document/?resource=https%3A%2F%2Fexample.org%2Fdts%2Fcollections%2Fhwgw%2Fs03%2Fed&ref=s03-pg176&tree=published_page
person,gnd-118538969,Geßner,published_page,page,s03-pg176,http://rs4.ethz.ch/dts/document/?resource=https%3A%2F%2Fexample.org%2Fdts%2Fcollections%2Fhwgw%2Fs03%2Fed&ref=s03-pg176&tree=published_page
person,gnd-118621769,Theokrit,published_page,page,s03-pg176,http://rs4.ethz.ch/dts/document/?resource=https%3A%2F%2Fexample.org%2Fdts%2Fcollections%2Fhwgw%2Fs03%2Fed&ref=s03-pg176&tree=published_page
person,gnd-118538969,Geßner,published_page,page,s03-pg176,http://rs4.ethz.ch/dts/document/?resource=https%3A%2F%2Fexample.org%2Fdts%2Fcollections%2Fhwgw%2Fs03%2Fed&ref=s03-pg176&tree=published_page
person,gnd-118621769,Theokrit,published_page,page,s03-pg177,http://rs4.ethz.ch/dts/document/?resource=https%3A%2F%2Fexample.org%2Fdts%2Fcollections%2Fhwgw%2Fs03%2Fed&ref=s03-pg177&tree=published_page
person,gnd-118549553,Herders,published_page,page,s03-pg177,http://rs4.ethz.ch/dts/document/?resource=https%3A%2F%2Fexample.org%2Fdts%2Fcollections%2Fhwgw%2Fs03%2Fed&ref=s03-pg177&tree=published_page
person,gnd-118538969,Geßner,published_page,page,s03-pg177,http://rs4.ethz.ch/dts/document/?resource=https%3A%2F%2Fexample.org%2Fdts%2Fcollections%2Fhwgw%2Fs03%2Fed&ref=s03-pg177&tree=published_page
person,gnd-118538969,Geßner,published_page,page,s03-pg177,http://rs4.ethz.ch/dts/document/?resource=https%3A%2F%2Fexample.org%2Fdts%2Fcollections%2Fhwgw%2Fs03%2Fed&ref=s03-pg177&tree=published_page
person,gnd-118632477,Wieland,published_page,page,s03-pg177,http://rs4.ethz.ch/dts/document/?resource=https%3A%2F%2Fexample.org%2Fdts%2Fcollections%2Fhwgw%2Fs03%2Fed&ref=s03-pg177&tree=published_page
person,gnd-118632477,Wieland,published_page,page,s03-pg177,http://rs4.ethz.ch/dts/document/?resource=https%3A%2F%2Fexample.org%2Fdts%2Fcollections%2Fhwgw%2Fs03%2Fed&ref=s03-pg177&tree=published_page
place,gnd-4068038-1,Zürich,published_page,page,s03-pg177,http://rs4.ethz.ch/dts/document/?resource=https%3A%2F%2Fexample.org%2Fdts%2Fcollections%2Fhwgw%2Fs03%2Fed&ref=s03-pg177&tree=published_page
person,gnd-118634496,Wölfflin,published_page,page,s03-pg177,http://rs4.ethz.ch/dts/document/?resource=https%3A%2F%2Fexample.org%2Fdts%2Fcollections%2Fhwgw%2Fs03%2Fed&ref=s03-pg177&tree=published_page
organisation,gnd-2031351-2,BSB M,published_page,page,s03-pg177,http://rs4.ethz.ch/dts/document/?resource=https%3A%2F%2Fexample.org%2Fdts%2Fcollections%2Fhwgw%2Fs03%2Fed&ref=s03-pg177&tree=published_page
person,gnd-118538969,Geßner,published_page,page,s03-pg177,http://rs4.ethz.ch/dts/document/?resource=https%3A%2F%2Fexample.org%2Fdts%2Fcollections%2Fhwgw%2Fs03%2Fed&ref=s03-pg177&tree=published_page
person,gnd-117752266,Fuesslin,published_page,page,s03-pg177,http://rs4.ethz.ch/dts/document/?resource=https%3A%2F%2Fexample.org%2Fdts%2Fcollections%2Fhwgw%2Fs03%2Fed&ref=s03-pg177&tree=published_page
person,gnd-118538969,Gessners,published_page,page,s03-pg177,http://rs4.ethz.ch/dts/document/?resource=https%3A%2F%2Fexample.org%2Fdts%2Fcollections%2Fhwgw%2Fs03%2Fed&ref=s03-pg177&tree=published_page
person,gnd-118636979,Zimmermann,published_page,page,s03-pg177,http://rs4.ethz.ch/dts/document/?resource=https%3A%2F%2Fexample.org%2Fdts%2Fcollections%2Fhwgw%2Fs03%2Fed&ref=s03-pg177&tree=published_page
place,gnd-4068038-1,Zürich,published_page,page,s03-pg177,http://rs4.ethz.ch/dts/document/?resource=https%3A%2F%2Fexample.org%2Fdts%2Fcollections%2Fhwgw%2Fs03%2Fed&ref=s03-pg177&tree=published_page
place,gnd-4068038-1,Zürich,published_page,page,s03-pg178,http://rs4.ethz.ch/dts/document/?resource=https%3A%2F%2Fexample.org%2Fdts%2Fcollections%2Fhwgw%2Fs03%2Fed&ref=s03-pg178&tree=published_page
person,gnd-118538969,Geßner,published_page,page,s03-pg178,http://rs4.ethz.ch/dts/document/?resource=https%3A%2F%2Fexample.org%2Fdts%2Fcollections%2Fhwgw%2Fs03%2Fed&ref=s03-pg178&tree=published_page
person,gnd-115417680,L. Meyer von Knonau,published_page,page,s03-pg178,http://rs4.ethz.ch/dts/document/?resource=https%3A%2F%2Fexample.org%2Fdts%2Fcollections%2Fhwgw%2Fs03%2Fed&ref=s03-pg178&tree=published_page
person,gnd-118538969,Geßners,published_page,page,s03-pg178,http://rs4.ethz.ch/dts/document/?resource=https%3A%2F%2Fexample.org%2Fdts%2Fcollections%2Fhwgw%2Fs03%2Fed&ref=s03-pg178&tree=published_page
person,gnd-11880362X,Martin Usteri,published_page,page,s03-pg178,http://rs4.ethz.ch/dts/document/?resource=https%3A%2F%2Fexample.org%2Fdts%2Fcollections%2Fhwgw%2Fs03%2Fed&ref=s03-pg178&tree=published_page
person,gnd-118520512,Chodowiecki,published_page,page,s03-pg178,http://rs4.ethz.ch/dts/document/?resource=https%3A%2F%2Fexample.org%2Fdts%2Fcollections%2Fhwgw%2Fs03%2Fed&ref=s03-pg178&tree=published_page
person,gnd-118697064,Graff,published_page,page,s03-pg178,http://rs4.ethz.ch/dts/document/?resource=https%3A%2F%2Fexample.org%2Fdts%2Fcollections%2Fhwgw%2Fs03%2Fed&ref=s03-pg178&tree=published_page
person,gnd-118538969,Geßner,published_page,page,s03-pg178,http://rs4.ethz.ch/dts/document/?resource=https%3A%2F%2Fexample.org%2Fdts%2Fcollections%2Fhwgw%2Fs03%2Fed&ref=s03-pg178&tree=published_page
person,gnd-11880362X,Usteri,published_page,page,s03-pg178,http://rs4.ethz.ch/dts/document/?resource=https%3A%2F%2Fexample.org%2Fdts%2Fcollections%2Fhwgw%2Fs03%2Fed&ref=s03-pg178&tree=published_page
place,gnd-4051993-4,Schaffhausen,published_page,page,s03-pg178,http://rs4.ethz.ch/dts/document/?resource=https%3A%2F%2Fexample.org%2Fdts%2Fcollections%2Fhwgw%2Fs03%2Fed&ref=s03-pg178&tree=published_page
organisation,gnd-1012546-2,ZB ZH,published_page,page,s03-pg178,http://rs4.ethz.ch/dts/document/?resource=https%3A%2F%2Fexample.org%2Fdts%2Fcollections%2Fhwgw%2Fs03%2Fed&ref=s03-pg178&tree=published_page
person,gnd-118697064,Graffs,published_page,page,s03-pg178,http://rs4.ethz.ch/dts/document/?resource=https%3A%2F%2Fexample.org%2Fdts%2Fcollections%2Fhwgw%2Fs03%2Fed&ref=s03-pg178&tree=published_page
person,gnd-118538969,Gessner,published_page,page,s03-pg178,http://rs4.ethz.ch/dts/document/?resource=https%3A%2F%2Fexample.org%2Fdts%2Fcollections%2Fhwgw%2Fs03%2Fed&ref=s03-pg178&tree=published_page
place,gnd-4012995-0,Dresden,published_page,page,s03-pg178,http://rs4.ethz.ch/dts/document/?resource=https%3A%2F%2Fexample.org%2Fdts%2Fcollections%2Fhwgw%2Fs03%2Fed&ref=s03-pg178&tree=published_page
person,gnd-118512315,Bodmers,published_page,page,s03-pg178,http://rs4.ethz.ch/dts/document/?resource=https%3A%2F%2Fexample.org%2Fdts%2Fcollections%2Fhwgw%2Fs03%2Fed&ref=s03-pg178&tree=published_page
person,gnd-118512315,Bodmer,published_page,page,s03-pg178,http://rs4.ethz.ch/dts/document/?resource=https%3A%2F%2Fexample.org%2Fdts%2Fcollections%2Fhwgw%2Fs03%2Fed&ref=s03-pg178&tree=published_page
person,gnd-118538969,Geßner,published_page,page,s03-pg178,http://rs4.ethz.ch/dts/document/?resource=https%3A%2F%2Fexample.org%2Fdts%2Fcollections%2Fhwgw%2Fs03%2Fed&ref=s03-pg178&tree=published_page
person,gnd-118538969,Geßner,published_page,page,s03-pg178,http://rs4.ethz.ch/dts/document/?resource=https%3A%2F%2Fexample.org%2Fdts%2Fcollections%2Fhwgw%2Fs03%2Fed&ref=s03-pg178&tree=published_page
person,gnd-118538969,Geßner,published_page,page,s03-pg178,http://rs4.ethz.ch/dts/document/?resource=https%3A%2F%2Fexample.org%2Fdts%2Fcollections%2Fhwgw%2Fs03%2Fed&ref=s03-pg178&tree=published_page
person,gnd-117031933,Huber,published_page,page,s03-pg179,http://rs4.ethz.ch/dts/document/?resource=https%3A%2F%2Fexample.org%2Fdts%2Fcollections%2Fhwgw%2Fs03%2Fed&ref=s03-pg179&tree=published_page
person,gnd-118538969,Geßner,published_page,page,s03-pg179,http://rs4.ethz.ch/dts/document/?resource=https%3A%2F%2Fexample.org%2Fdts%2Fcollections%2Fhwgw%2Fs03%2Fed&ref=s03-pg179&tree=published_page
person,gnd-118538969,Geßner,published_page,page,s03-pg179,http://rs4.ethz.ch/dts/document/?resource=https%3A%2F%2Fexample.org%2Fdts%2Fcollections%2Fhwgw%2Fs03%2Fed&ref=s03-pg179&tree=published_page
person,gnd-118723499,Kleist,published_page,page,s03-pg179,http://rs4.ethz.ch/dts/document/?resource=https%3A%2F%2Fexample.org%2Fdts%2Fcollections%2Fhwgw%2Fs03%2Fed&ref=s03-pg179&tree=published_page
person,gnd-118545140,Haller,published_page,page,s03-pg179,http://rs4.ethz.ch/dts/document/?resource=https%3A%2F%2Fexample.org%2Fdts%2Fcollections%2Fhwgw%2Fs03%2Fed&ref=s03-pg179&tree=published_page
person,gnd-118723499,Kleists,published_page,page,s03-pg179,http://rs4.ethz.ch/dts/document/?resource=https%3A%2F%2Fexample.org%2Fdts%2Fcollections%2Fhwgw%2Fs03%2Fed&ref=s03-pg179&tree=published_page
person,gnd-118538969,Geßner,published_page,page,s03-pg179,http://rs4.ethz.ch/dts/document/?resource=https%3A%2F%2Fexample.org%2Fdts%2Fcollections%2Fhwgw%2Fs03%2Fed&ref=s03-pg179&tree=published_page
person,gnd-118723499,Kleist,published_page,page,s03-pg179,http://rs4.ethz.ch/dts/document/?resource=https%3A%2F%2Fexample.org%2Fdts%2Fcollections%2Fhwgw%2Fs03%2Fed&ref=s03-pg179&tree=published_page
person,gnd-118634496,Wölfflin,published_page,page,s03-pg179,http://rs4.ethz.ch/dts/document/?resource=https%3A%2F%2Fexample.org%2Fdts%2Fcollections%2Fhwgw%2Fs03%2Fed&ref=s03-pg179&tree=published_page
person,gnd-118656759,Bertola,published_page,page,s03-pg179,http://rs4.ethz.ch/dts/document/?resource=https%3A%2F%2Fexample.org%2Fdts%2Fcollections%2Fhwgw%2Fs03%2Fed&ref=s03-pg179&tree=published_page
person,gnd-118538969,Geßner,published_page,page,s03-pg179,http://rs4.ethz.ch/dts/document/?resource=https%3A%2F%2Fexample.org%2Fdts%2Fcollections%2Fhwgw%2Fs03%2Fed&ref=s03-pg179&tree=published_page
person,gnd-118538969,Geßner,published_page,page,s03-pg179,http://rs4.ethz.ch/dts/document/?resource=https%3A%2F%2Fexample.org%2Fdts%2Fcollections%2Fhwgw%2Fs03%2Fed&ref=s03-pg179&tree=published_page
person,gnd-118538969,Geßner,published_page,page,s03-pg179,http://rs4.ethz.ch/dts/document/?resource=https%3A%2F%2Fexample.org%2Fdts%2Fcollections%2Fhwgw%2Fs03%2Fed&ref=s03-pg179&tree=published_page
person,gnd-118512315,Bodmer,published_page,page,s03-pg179,http://rs4.ethz.ch/dts/document/?resource=https%3A%2F%2Fexample.org%2Fdts%2Fcollections%2Fhwgw%2Fs03%2Fed&ref=s03-pg179&tree=published_page
person,gnd-118538969,Geßner,published_page,page,s03-pg179,http://rs4.ethz.ch/dts/document/?resource=https%3A%2F%2Fexample.org%2Fdts%2Fcollections%2Fhwgw%2Fs03%2Fed&ref=s03-pg179&tree=published_page
person,gnd-118541013,Gottsched,published_page,page,s03-pg180,http://rs4.ethz.ch/dts/document/?resource=https%3A%2F%2Fexample.org%2Fdts%2Fcollections%2Fhwgw%2Fs03%2Fed&ref=s03-pg180&tree=published_page
person,gnd-118538969,Geßner,published_page,page,s03-pg180,http://rs4.ethz.ch/dts/document/?resource=https%3A%2F%2Fexample.org%2Fdts%2Fcollections%2Fhwgw%2Fs03%2Fed&ref=s03-pg180&tree=published_page
person,gnd-118538969,Geßner,published_page,page,s03-pg180,http://rs4.ethz.ch/dts/document/?resource=https%3A%2F%2Fexample.org%2Fdts%2Fcollections%2Fhwgw%2Fs03%2Fed&ref=s03-pg180&tree=published_page
organisation,gnd-17078-1,Stadtbibliothek,published_page,page,s03-pg180,http://rs4.ethz.ch/dts/document/?resource=https%3A%2F%2Fexample.org%2Fdts%2Fcollections%2Fhwgw%2Fs03%2Fed&ref=s03-pg180&tree=published_page
place,gnd-4068038-1,Zürich,published_page,page,s03-pg180,http://rs4.ethz.ch/dts/document/?resource=https%3A%2F%2Fexample.org%2Fdts%2Fcollections%2Fhwgw%2Fs03%2Fed&ref=s03-pg180&tree=published_page
organisation,gnd-1012546-2,ZB ZH,published_page,page,s03-pg180,http://rs4.ethz.ch/dts/document/?resource=https%3A%2F%2Fexample.org%2Fdts%2Fcollections%2Fhwgw%2Fs03%2Fed&ref=s03-pg180&tree=published_page
person,gnd-118632477,Wieland,published_page,page,s03-pg180,http://rs4.ethz.ch/dts/document/?resource=https%3A%2F%2Fexample.org%2Fdts%2Fcollections%2Fhwgw%2Fs03%2Fed&ref=s03-pg180&tree=published_page
person,gnd-118632477,Wielands,published_page,page,s03-pg180,http://rs4.ethz.ch/dts/document/?resource=https%3A%2F%2Fexample.org%2Fdts%2Fcollections%2Fhwgw%2Fs03%2Fed&ref=s03-pg180&tree=published_page
person,gnd-118632477,Wieland,published_page,page,s03-pg180,http://rs4.ethz.ch/dts/document/?resource=https%3A%2F%2Fexample.org%2Fdts%2Fcollections%2Fhwgw%2Fs03%2Fed&ref=s03-pg180&tree=published_page
person,gnd-118538969,Geßner,published_page,page,s03-pg180,http://rs4.ethz.ch/dts/document/?resource=https%3A%2F%2Fexample.org%2Fdts%2Fcollections%2Fhwgw%2Fs03%2Fed&ref=s03-pg180&tree=published_page
person,gnd-118717758,Gleim,published_page,page,s03-pg180,http://rs4.ethz.ch/dts/document/?resource=https%3A%2F%2Fexample.org%2Fdts%2Fcollections%2Fhwgw%2Fs03%2Fed&ref=s03-pg180&tree=published_page
person,gnd-118538969,Geßner,published_page,page,s03-pg180,http://rs4.ethz.ch/dts/document/?resource=https%3A%2F%2Fexample.org%2Fdts%2Fcollections%2Fhwgw%2Fs03%2Fed&ref=s03-pg180&tree=published_page
person,gnd-118717758,Gleim,published_page,page,s03-pg180,http://rs4.ethz.ch/dts/document/?resource=https%3A%2F%2Fexample.org%2Fdts%2Fcollections%2Fhwgw%2Fs03%2Fed&ref=s03-pg180&tree=published_page
person,gnd-118541013,gottschedischen,published_page,page,s03-pg180,http://rs4.ethz.ch/dts/document/?resource=https%3A%2F%2Fexample.org%2Fdts%2Fcollections%2Fhwgw%2Fs03%2Fed&ref=s03-pg180&tree=published_page
person,gnd-11879941X,Sulzer,published_page,page,s03-pg180,http://rs4.ethz.ch/dts/document/?resource=https%3A%2F%2Fexample.org%2Fdts%2Fcollections%2Fhwgw%2Fs03%2Fed&ref=s03-pg180&tree=published_page
person,gnd-118512315,Bodmer,published_page,page,s03-pg180,http://rs4.ethz.ch/dts/document/?resource=https%3A%2F%2Fexample.org%2Fdts%2Fcollections%2Fhwgw%2Fs03%2Fed&ref=s03-pg180&tree=published_page
person,gnd-118632477,Wieland,published_page,page,s03-pg180,http://rs4.ethz.ch/dts/document/?resource=https%3A%2F%2Fexample.org%2Fdts%2Fcollections%2Fhwgw%2Fs03%2Fed&ref=s03-pg180&tree=published_page
person,gnd-118538969,Geßner,published_page,page,s03-pg180,http://rs4.ethz.ch/dts/document/?resource=https%3A%2F%2Fexample.org%2Fdts%2Fcollections%2Fhwgw%2Fs03%2Fed&ref=s03-pg180&tree=published_page
person,gnd-118538969,Gessners,published_page,page,s03-pg180,http://rs4.ethz.ch/dts/document/?resource=https%3A%2F%2Fexample.org%2Fdts%2Fcollections%2Fhwgw%2Fs03%2Fed&ref=s03-pg180&tree=published_page
person,gnd-118717758,Gleim,published_page,page,s03-pg180,http://rs4.ethz.ch/dts/document/?resource=https%3A%2F%2Fexample.org%2Fdts%2Fcollections%2Fhwgw%2Fs03%2Fed&ref=s03-pg180&tree=published_page
person,gnd-11879941X,Sulzers,published_page,page,s03-pg180,http://rs4.ethz.ch/dts/document/?resource=https%3A%2F%2Fexample.org%2Fdts%2Fcollections%2Fhwgw%2Fs03%2Fed&ref=s03-pg180&tree=published_page
person,gnd-118512315,Bodmer,published_page,page,s03-pg180,http://rs4.ethz.ch/dts/document/?resource=https%3A%2F%2Fexample.org%2Fdts%2Fcollections%2Fhwgw%2Fs03%2Fed&ref=s03-pg180&tree=published_page
person,gnd-118717758,Gleim,published_page,page,s03-pg180,http://rs4.ethz.ch/dts/document/?resource=https%3A%2F%2Fexample.org%2Fdts%2Fcollections%2Fhwgw%2Fs03%2Fed&ref=s03-pg180&tree=published_page
person,gnd-118572121,Lessing,published_page,page,s03-pg180,http://rs4.ethz.ch/dts/document/?resource=https%3A%2F%2Fexample.org%2Fdts%2Fcollections%2Fhwgw%2Fs03%2Fed&ref=s03-pg180&tree=published_page
person,gnd-118627910,Voß,published_page,page,s03-pg180,http://rs4.ethz.ch/dts/document/?resource=https%3A%2F%2Fexample.org%2Fdts%2Fcollections%2Fhwgw%2Fs03%2Fed&ref=s03-pg180&tree=published_page
person,gnd-11879941X,Sulzer,published_page,page,s03-pg180,http://rs4.ethz.ch/dts/document/?resource=https%3A%2F%2Fexample.org%2Fdts%2Fcollections%2Fhwgw%2Fs03%2Fed&ref=s03-pg180&tree=published_page
person,gnd-118512315,Bodmer,published_page,page,s03-pg180,http://rs4.ethz.ch/dts/document/?resource=https%3A%2F%2Fexample.org%2Fdts%2Fcollections%2Fhwgw%2Fs03%2Fed&ref=s03-pg180&tree=published_page
place,gnd-4011882-4,Deutschland,published_page,page,s03-pg180,http://rs4.ethz.ch/dts/document/?resource=https%3A%2F%2Fexample.org%2Fdts%2Fcollections%2Fhwgw%2Fs03%2Fed&ref=s03-pg180&tree=published_page
person,gnd-11879941X,Sulzers,published_page,page,s03-pg180,http://rs4.ethz.ch/dts/document/?resource=https%3A%2F%2Fexample.org%2Fdts%2Fcollections%2Fhwgw%2Fs03%2Fed&ref=s03-pg180&tree=published_page
person,gnd-118512315,Bodmer,published_page,page,s03-pg180,http://rs4.ethz.ch/dts/document/?resource=https%3A%2F%2Fexample.org%2Fdts%2Fcollections%2Fhwgw%2Fs03%2Fed&ref=s03-pg180&tree=published_page
person,gnd-118541013,Gottsched,published_page,page,s03-pg181,http://rs4.ethz.ch/dts/document/?resource=https%3A%2F%2Fexample.org%2Fdts%2Fcollections%2Fhwgw%2Fs03%2Fed&ref=s03-pg181&tree=published_page
person,gnd-118553569,Horazische,published_page,page,s03-pg181,http://rs4.ethz.ch/dts/document/?resource=https%3A%2F%2Fexample.org%2Fdts%2Fcollections%2Fhwgw%2Fs03%2Fed&ref=s03-pg181&tree=published_page
person,gnd-118607995,J. A. Schlegel,published_page,page,s03-pg181,http://rs4.ethz.ch/dts/document/?resource=https%3A%2F%2Fexample.org%2Fdts%2Fcollections%2Fhwgw%2Fs03%2Fed&ref=s03-pg181&tree=published_page
person,gnd-118574078,Logauischen,published_page,page,s03-pg181,http://rs4.ethz.ch/dts/document/?resource=https%3A%2F%2Fexample.org%2Fdts%2Fcollections%2Fhwgw%2Fs03%2Fed&ref=s03-pg181&tree=published_page
person,gnd-118634496,Wölfflin,published_page,page,s03-pg181,http://rs4.ethz.ch/dts/document/?resource=https%3A%2F%2Fexample.org%2Fdts%2Fcollections%2Fhwgw%2Fs03%2Fed&ref=s03-pg181&tree=published_page
person,gnd-118574078,Lohenstein,published_page,page,s03-pg181,http://rs4.ethz.ch/dts/document/?resource=https%3A%2F%2Fexample.org%2Fdts%2Fcollections%2Fhwgw%2Fs03%2Fed&ref=s03-pg181&tree=published_page
person,gnd-118574078,Daniel Casper von Lohenstein,published_page,page,s03-pg181,http://rs4.ethz.ch/dts/document/?resource=https%3A%2F%2Fexample.org%2Fdts%2Fcollections%2Fhwgw%2Fs03%2Fed&ref=s03-pg181&tree=published_page
person,gnd-116718846,Wilhelm Creizenachs,published_page,page,s03-pg181,http://rs4.ethz.ch/dts/document/?resource=https%3A%2F%2Fexample.org%2Fdts%2Fcollections%2Fhwgw%2Fs03%2Fed&ref=s03-pg181&tree=published_page
person,gnd-118634496,Wölfflin,published_page,page,s03-pg181,http://rs4.ethz.ch/dts/document/?resource=https%3A%2F%2Fexample.org%2Fdts%2Fcollections%2Fhwgw%2Fs03%2Fed&ref=s03-pg181&tree=published_page
person,gnd-118632477,Wieland,published_page,page,s03-pg181,http://rs4.ethz.ch/dts/document/?resource=https%3A%2F%2Fexample.org%2Fdts%2Fcollections%2Fhwgw%2Fs03%2Fed&ref=s03-pg181&tree=published_page
person,gnd-118541013,Gottschedischen,published_page,page,s03-pg181,http://rs4.ethz.ch/dts/document/?resource=https%3A%2F%2Fexample.org%2Fdts%2Fcollections%2Fhwgw%2Fs03%2Fed&ref=s03-pg181&tree=published_page
organisation,gnd-2015908-0,Hof‑ und Staatsbibliothek in München,published_page,page,s03-pg181,http://rs4.ethz.ch/dts/document/?resource=https%3A%2F%2Fexample.org%2Fdts%2Fcollections%2Fhwgw%2Fs03%2Fed&ref=s03-pg181&tree=published_page
organisation,gnd-2031351-2,BSB M,published_page,page,s03-pg181,http://rs4.ethz.ch/dts/document/?resource=https%3A%2F%2Fexample.org%2Fdts%2Fcollections%2Fhwgw%2Fs03%2Fed&ref=s03-pg181&tree=published_page
person,gnd-118574078,Logauischen,published_page,page,s03-pg181,http://rs4.ethz.ch/dts/document/?resource=https%3A%2F%2Fexample.org%2Fdts%2Fcollections%2Fhwgw%2Fs03%2Fed&ref=s03-pg181&tree=published_page
person,gnd-118538969,Geßners,published_page,page,s03-pg181,http://rs4.ethz.ch/dts/document/?resource=https%3A%2F%2Fexample.org%2Fdts%2Fcollections%2Fhwgw%2Fs03%2Fed&ref=s03-pg181&tree=published_page
place,gnd-4035206-7,Leipzig,published_page,page,s03-pg181,http://rs4.ethz.ch/dts/document/?resource=https%3A%2F%2Fexample.org%2Fdts%2Fcollections%2Fhwgw%2Fs03%2Fed&ref=s03-pg181&tree=published_page
person,gnd-118512315,Bodmer,published_page,page,s03-pg181,http://rs4.ethz.ch/dts/document/?resource=https%3A%2F%2Fexample.org%2Fdts%2Fcollections%2Fhwgw%2Fs03%2Fed&ref=s03-pg181&tree=published_page
person,gnd-118512315,Bodmers,published_page,page,s03-pg181,http://rs4.ethz.ch/dts/document/?resource=https%3A%2F%2Fexample.org%2Fdts%2Fcollections%2Fhwgw%2Fs03%2Fed&ref=s03-pg181&tree=published_page
person,gnd-118512315,Bodmers,published_page,page,s03-pg182,http://rs4.ethz.ch/dts/document/?resource=https%3A%2F%2Fexample.org%2Fdts%2Fcollections%2Fhwgw%2Fs03%2Fed&ref=s03-pg182&tree=published_page
person,gnd-118512315,bodmerisch,published_page,page,s03-pg182,http://rs4.ethz.ch/dts/document/?resource=https%3A%2F%2Fexample.org%2Fdts%2Fcollections%2Fhwgw%2Fs03%2Fed&ref=s03-pg182&tree=published_page
person,gnd-118538969,Geßner,published_page,page,s03-pg182,http://rs4.ethz.ch/dts/document/?resource=https%3A%2F%2Fexample.org%2Fdts%2Fcollections%2Fhwgw%2Fs03%2Fed&ref=s03-pg182&tree=published_page
person,gnd-118572121,Lessing,published_page,page,s03-pg182,http://rs4.ethz.ch/dts/document/?resource=https%3A%2F%2Fexample.org%2Fdts%2Fcollections%2Fhwgw%2Fs03%2Fed&ref=s03-pg182&tree=published_page
person,gnd-118538969,Geßner,published_page,page,s03-pg182,http://rs4.ethz.ch/dts/document/?resource=https%3A%2F%2Fexample.org%2Fdts%2Fcollections%2Fhwgw%2Fs03%2Fed&ref=s03-pg182&tree=published_page
person,gnd-118636979,Zimmermann,published_page,page,s03-pg182,http://rs4.ethz.ch/dts/document/?resource=https%3A%2F%2Fexample.org%2Fdts%2Fcollections%2Fhwgw%2Fs03%2Fed&ref=s03-pg182&tree=published_page
person,gnd-118512315,bodmerschen,published_page,page,s03-pg182,http://rs4.ethz.ch/dts/document/?resource=https%3A%2F%2Fexample.org%2Fdts%2Fcollections%2Fhwgw%2Fs03%2Fed&ref=s03-pg182&tree=published_page
person,gnd-118632477,Wieland,published_page,page,s03-pg182,http://rs4.ethz.ch/dts/document/?resource=https%3A%2F%2Fexample.org%2Fdts%2Fcollections%2Fhwgw%2Fs03%2Fed&ref=s03-pg182&tree=published_page
person,gnd-118563386,Klopstockisch,published_page,page,s03-pg182,http://rs4.ethz.ch/dts/document/?resource=https%3A%2F%2Fexample.org%2Fdts%2Fcollections%2Fhwgw%2Fs03%2Fed&ref=s03-pg182&tree=published_page
person,gnd-118512315,Bodmerisch,published_page,page,s03-pg182,http://rs4.ethz.ch/dts/document/?resource=https%3A%2F%2Fexample.org%2Fdts%2Fcollections%2Fhwgw%2Fs03%2Fed&ref=s03-pg182&tree=published_page
person,gnd-118632477,Wielands,published_page,page,s03-pg182,http://rs4.ethz.ch/dts/document/?resource=https%3A%2F%2Fexample.org%2Fdts%2Fcollections%2Fhwgw%2Fs03%2Fed&ref=s03-pg182&tree=published_page
person,gnd-118636979,Zimmermann,published_page,page,s03-pg182,http://rs4.ethz.ch/dts/document/?resource=https%3A%2F%2Fexample.org%2Fdts%2Fcollections%2Fhwgw%2Fs03%2Fed&ref=s03-pg182&tree=published_page
person,gnd-118634496,Wölfflin,published_page,page,s03-pg182,http://rs4.ethz.ch/dts/document/?resource=https%3A%2F%2Fexample.org%2Fdts%2Fcollections%2Fhwgw%2Fs03%2Fed&ref=s03-pg182&tree=published_page
person,gnd-118549553,Herder,published_page,page,s03-pg182,http://rs4.ethz.ch/dts/document/?resource=https%3A%2F%2Fexample.org%2Fdts%2Fcollections%2Fhwgw%2Fs03%2Fed&ref=s03-pg182&tree=published_page
person,gnd-118634496,Wölfflin,published_page,page,s03-pg182,http://rs4.ethz.ch/dts/document/?resource=https%3A%2F%2Fexample.org%2Fdts%2Fcollections%2Fhwgw%2Fs03%2Fed&ref=s03-pg182&tree=published_page
person,gnd-118538969,Geßner,published_page,page,s03-pg182,http://rs4.ethz.ch/dts/document/?resource=https%3A%2F%2Fexample.org%2Fdts%2Fcollections%2Fhwgw%2Fs03%2Fed&ref=s03-pg182&tree=published_page
person,gnd-118538969,Geßner,published_page,page,s03-pg182,http://rs4.ethz.ch/dts/document/?resource=https%3A%2F%2Fexample.org%2Fdts%2Fcollections%2Fhwgw%2Fs03%2Fed&ref=s03-pg182&tree=published_page
person,gnd-118538969,Geßners,published_page,page,s03-pg183,http://rs4.ethz.ch/dts/document/?resource=https%3A%2F%2Fexample.org%2Fdts%2Fcollections%2Fhwgw%2Fs03%2Fed&ref=s03-pg183&tree=published_page
person,gnd-119059614,Ramler,published_page,page,s03-pg183,http://rs4.ethz.ch/dts/document/?resource=https%3A%2F%2Fexample.org%2Fdts%2Fcollections%2Fhwgw%2Fs03%2Fed&ref=s03-pg183&tree=published_page
organisation,gnd-2023655-4,UB BS,published_page,page,s03-pg183,http://rs4.ethz.ch/dts/document/?resource=https%3A%2F%2Fexample.org%2Fdts%2Fcollections%2Fhwgw%2Fs03%2Fed&ref=s03-pg183&tree=published_page
person,gnd-118634496,Wölfflins,published_page,page,s03-pg183,http://rs4.ethz.ch/dts/document/?resource=https%3A%2F%2Fexample.org%2Fdts%2Fcollections%2Fhwgw%2Fs03%2Fed&ref=s03-pg183&tree=published_page
person,gnd-116137258,Bernays’,published_page,page,s03-pg183,http://rs4.ethz.ch/dts/document/?resource=https%3A%2F%2Fexample.org%2Fdts%2Fcollections%2Fhwgw%2Fs03%2Fed&ref=s03-pg183&tree=published_page
person,gnd-119059614,Ramler,published_page,page,s03-pg183,http://rs4.ethz.ch/dts/document/?resource=https%3A%2F%2Fexample.org%2Fdts%2Fcollections%2Fhwgw%2Fs03%2Fed&ref=s03-pg183&tree=published_page
person,gnd-11701348X,Hottinger,published_page,page,s03-pg183,http://rs4.ethz.ch/dts/document/?resource=https%3A%2F%2Fexample.org%2Fdts%2Fcollections%2Fhwgw%2Fs03%2Fed&ref=s03-pg183&tree=published_page
person,gnd-119059614,Ramlern,published_page,page,s03-pg183,http://rs4.ethz.ch/dts/document/?resource=https%3A%2F%2Fexample.org%2Fdts%2Fcollections%2Fhwgw%2Fs03%2Fed&ref=s03-pg183&tree=published_page
person,gnd-119059614,Ramler,published_page,page,s03-pg183,http://rs4.ethz.ch/dts/document/?resource=https%3A%2F%2Fexample.org%2Fdts%2Fcollections%2Fhwgw%2Fs03%2Fed&ref=s03-pg183&tree=published_page
person,gnd-117184934,J.G. Schultheß,published_page,page,s03-pg183,http://rs4.ethz.ch/dts/document/?resource=https%3A%2F%2Fexample.org%2Fdts%2Fcollections%2Fhwgw%2Fs03%2Fed&ref=s03-pg183&tree=published_page
person,gnd-119059614,Ramlers,published_page,page,s03-pg183,http://rs4.ethz.ch/dts/document/?resource=https%3A%2F%2Fexample.org%2Fdts%2Fcollections%2Fhwgw%2Fs03%2Fed&ref=s03-pg183&tree=published_page
person,gnd-119020890,Hirzel,published_page,page,s03-pg183,http://rs4.ethz.ch/dts/document/?resource=https%3A%2F%2Fexample.org%2Fdts%2Fcollections%2Fhwgw%2Fs03%2Fed&ref=s03-pg183&tree=published_page
person,gnd-118634496,Wölfflin,published_page,page,s03-pg183,http://rs4.ethz.ch/dts/document/?resource=https%3A%2F%2Fexample.org%2Fdts%2Fcollections%2Fhwgw%2Fs03%2Fed&ref=s03-pg183&tree=published_page
person,gnd-117184934,Schultheß,published_page,page,s03-pg183,http://rs4.ethz.ch/dts/document/?resource=https%3A%2F%2Fexample.org%2Fdts%2Fcollections%2Fhwgw%2Fs03%2Fed&ref=s03-pg183&tree=published_page
person,gnd-118538969,Geßners,published_page,page,s03-pg183,http://rs4.ethz.ch/dts/document/?resource=https%3A%2F%2Fexample.org%2Fdts%2Fcollections%2Fhwgw%2Fs03%2Fed&ref=s03-pg183&tree=published_page
person,gnd-118621769,Theokrit,published_page,page,s03-pg183,http://rs4.ethz.ch/dts/document/?resource=https%3A%2F%2Fexample.org%2Fdts%2Fcollections%2Fhwgw%2Fs03%2Fed&ref=s03-pg183&tree=published_page
place,gnd-4068038-1,Zürich,published_page,page,s03-pg183,http://rs4.ethz.ch/dts/document/?resource=https%3A%2F%2Fexample.org%2Fdts%2Fcollections%2Fhwgw%2Fs03%2Fed&ref=s03-pg183&tree=published_page
person,gnd-118538969,Geßner,published_page,page,s03-pg183,http://rs4.ethz.ch/dts/document/?resource=https%3A%2F%2Fexample.org%2Fdts%2Fcollections%2Fhwgw%2Fs03%2Fed&ref=s03-pg183&tree=published_page
person,gnd-118613693,Shaftesbury,published_page,page,s03-pg184,http://rs4.ethz.ch/dts/document/?resource=https%3A%2F%2Fexample.org%2Fdts%2Fcollections%2Fhwgw%2Fs03%2Fed&ref=s03-pg184&tree=published_page
person,gnd-118763202,Turgot,published_page,page,s03-pg184,http://rs4.ethz.ch/dts/document/?resource=https%3A%2F%2Fexample.org%2Fdts%2Fcollections%2Fhwgw%2Fs03%2Fed&ref=s03-pg184&tree=published_page
person,gnd-118607960,A.W.v. Schlegel,published_page,page,s03-pg184,http://rs4.ethz.ch/dts/document/?resource=https%3A%2F%2Fexample.org%2Fdts%2Fcollections%2Fhwgw%2Fs03%2Fed&ref=s03-pg184&tree=published_page
person,gnd-118634496,Wölfflins,published_page,page,s03-pg184,http://rs4.ethz.ch/dts/document/?resource=https%3A%2F%2Fexample.org%2Fdts%2Fcollections%2Fhwgw%2Fs03%2Fed&ref=s03-pg184&tree=published_page
person,gnd-118607960,Schlegel,published_page,page,s03-pg184,http://rs4.ethz.ch/dts/document/?resource=https%3A%2F%2Fexample.org%2Fdts%2Fcollections%2Fhwgw%2Fs03%2Fed&ref=s03-pg184&tree=published_page
person,gnd-118607626,Schiller,published_page,page,s03-pg184,http://rs4.ethz.ch/dts/document/?resource=https%3A%2F%2Fexample.org%2Fdts%2Fcollections%2Fhwgw%2Fs03%2Fed&ref=s03-pg184&tree=published_page
person,gnd-118538969,Salomon Gessner,published_page,page,s03-pg184,http://rs4.ethz.ch/dts/document/?resource=https%3A%2F%2Fexample.org%2Fdts%2Fcollections%2Fhwgw%2Fs03%2Fed&ref=s03-pg184&tree=published_page
object,object-Putto-lsst-uber-49,"Putto lässt über seine Hand aus einem umgestossenen Krug Wasser laufen {HW: Kind an der Quellurne, die Hand sich netzend}",published_page,page,s03-pg184,http://rs4.ethz.ch/dts/document/?resource=https%3A%2F%2Fexample.org%2Fdts%2Fcollections%2Fhwgw%2Fs03%2Fed&ref=s03-pg184&tree=published_page
person,gnd-118634496,Wölfflin,published_page,page,s03-pg184,http://rs4.ethz.ch/dts/document/?resource=https%3A%2F%2Fexample.org%2Fdts%2Fcollections%2Fhwgw%2Fs03%2Fed&ref=s03-pg184&tree=published_page
person,gnd-118634496,Wölfflins,published_page,page,s03-pg184,http://rs4.ethz.ch/dts/document/?resource=https%3A%2F%2Fexample.org%2Fdts%2Fcollections%2Fhwgw%2Fs03%2Fed&ref=s03-pg184&tree=published_page
person,gnd-118600486,Ludwig Richter,published_page,page,s03-pg185,http://rs4.ethz.ch/dts/document/?resource=https%3A%2F%2Fexample.org%2Fdts%2Fcollections%2Fhwgw%2Fs03%2Fed&ref=s03-pg185&tree=published_page
person,gnd-118538969,Geßner,published_page,page,s03-pg185,http://rs4.ethz.ch/dts/document/?resource=https%3A%2F%2Fexample.org%2Fdts%2Fcollections%2Fhwgw%2Fs03%2Fed&ref=s03-pg185&tree=published_page
person,gnd-118538969,Salomon Geßners,published_page,page,s03-pg185,http://rs4.ethz.ch/dts/document/?resource=https%3A%2F%2Fexample.org%2Fdts%2Fcollections%2Fhwgw%2Fs03%2Fed&ref=s03-pg185&tree=published_page
person,gnd-118520512,Chodowieckis,published_page,page,s03-pg185,http://rs4.ethz.ch/dts/document/?resource=https%3A%2F%2Fexample.org%2Fdts%2Fcollections%2Fhwgw%2Fs03%2Fed&ref=s03-pg185&tree=published_page
person,gnd-118634496,Wölfflin,published_page,page,s03-pg185,http://rs4.ethz.ch/dts/document/?resource=https%3A%2F%2Fexample.org%2Fdts%2Fcollections%2Fhwgw%2Fs03%2Fed&ref=s03-pg185&tree=published_page
person,gnd-118538969,Geßner,published_page,page,s03-pg185,http://rs4.ethz.ch/dts/document/?resource=https%3A%2F%2Fexample.org%2Fdts%2Fcollections%2Fhwgw%2Fs03%2Fed&ref=s03-pg185&tree=published_page
person,gnd-118520512,Chodowiecki,published_page,page,s03-pg185,http://rs4.ethz.ch/dts/document/?resource=https%3A%2F%2Fexample.org%2Fdts%2Fcollections%2Fhwgw%2Fs03%2Fed&ref=s03-pg185&tree=published_page
person,gnd-118574450,Claude Lorrain,published_page,page,s03-pg185,http://rs4.ethz.ch/dts/document/?resource=https%3A%2F%2Fexample.org%2Fdts%2Fcollections%2Fhwgw%2Fs03%2Fed&ref=s03-pg185&tree=published_page
person,gnd-118791141,Salvator Rosa,published_page,page,s03-pg185,http://rs4.ethz.ch/dts/document/?resource=https%3A%2F%2Fexample.org%2Fdts%2Fcollections%2Fhwgw%2Fs03%2Fed&ref=s03-pg185&tree=published_page
person,gnd-1029908850,Fred. Moucheron,published_page,page,s03-pg185,http://rs4.ethz.ch/dts/document/?resource=https%3A%2F%2Fexample.org%2Fdts%2Fcollections%2Fhwgw%2Fs03%2Fed&ref=s03-pg185&tree=published_page
person,gnd-118604090,Ruysdael,published_page,page,s03-pg185,http://rs4.ethz.ch/dts/document/?resource=https%3A%2F%2Fexample.org%2Fdts%2Fcollections%2Fhwgw%2Fs03%2Fed&ref=s03-pg185&tree=published_page
place,gnd-4015701-5,Europa,published_page,page,s03-pg185,http://rs4.ethz.ch/dts/document/?resource=https%3A%2F%2Fexample.org%2Fdts%2Fcollections%2Fhwgw%2Fs03%2Fed&ref=s03-pg185&tree=published_page
place,gnd-4044660-8,Paris,published_page,page,s03-pg185,http://rs4.ethz.ch/dts/document/?resource=https%3A%2F%2Fexample.org%2Fdts%2Fcollections%2Fhwgw%2Fs03%2Fed&ref=s03-pg185&tree=published_page
object,object-Les-bergers-roma-31,Les bergers romains,published_page,page,s03-pg185,http://rs4.ethz.ch/dts/document/?resource=https%3A%2F%2Fexample.org%2Fdts%2Fcollections%2Fhwgw%2Fs03%2Fed&ref=s03-pg185&tree=published_page
person,gnd-132399660,Jean Jacques Leveau,published_page,page,s03-pg185,http://rs4.ethz.ch/dts/document/?resource=https%3A%2F%2Fexample.org%2Fdts%2Fcollections%2Fhwgw%2Fs03%2Fed&ref=s03-pg185&tree=published_page
person,gnd-123512093,Pierre Mettay,published_page,page,s03-pg185,http://rs4.ethz.ch/dts/document/?resource=https%3A%2F%2Fexample.org%2Fdts%2Fcollections%2Fhwgw%2Fs03%2Fed&ref=s03-pg185&tree=published_page
object,object-Les-bergers-roma-31,Les bergers romains,published_page,page,s03-pg185,http://rs4.ethz.ch/dts/document/?resource=https%3A%2F%2Fexample.org%2Fdts%2Fcollections%2Fhwgw%2Fs03%2Fed&ref=s03-pg185&tree=published_page
person,gnd-118538969,Geßner,published_page,page,s03-pg185,http://rs4.ethz.ch/dts/document/?resource=https%3A%2F%2Fexample.org%2Fdts%2Fcollections%2Fhwgw%2Fs03%2Fed&ref=s03-pg185&tree=published_page
person,gnd-118538969,Geßner,published_page,page,s03-pg186,http://rs4.ethz.ch/dts/document/?resource=https%3A%2F%2Fexample.org%2Fdts%2Fcollections%2Fhwgw%2Fs03%2Fed&ref=s03-pg186&tree=published_page
person,gnd-118629433,Waterloo,published_page,page,s03-pg186,http://rs4.ethz.ch/dts/document/?resource=https%3A%2F%2Fexample.org%2Fdts%2Fcollections%2Fhwgw%2Fs03%2Fed&ref=s03-pg186&tree=published_page
person,gnd-118629433,Waterloos,published_page,page,s03-pg186,http://rs4.ethz.ch/dts/document/?resource=https%3A%2F%2Fexample.org%2Fdts%2Fcollections%2Fhwgw%2Fs03%2Fed&ref=s03-pg186&tree=published_page
person,gnd-119430584,Swanefeld,published_page,page,s03-pg186,http://rs4.ethz.ch/dts/document/?resource=https%3A%2F%2Fexample.org%2Fdts%2Fcollections%2Fhwgw%2Fs03%2Fed&ref=s03-pg186&tree=published_page
person,gnd-118658336,Berghem,published_page,page,s03-pg186,http://rs4.ethz.ch/dts/document/?resource=https%3A%2F%2Fexample.org%2Fdts%2Fcollections%2Fhwgw%2Fs03%2Fed&ref=s03-pg186&tree=published_page
person,gnd-118538969,Geßner,published_page,page,s03-pg186,http://rs4.ethz.ch/dts/document/?resource=https%3A%2F%2Fexample.org%2Fdts%2Fcollections%2Fhwgw%2Fs03%2Fed&ref=s03-pg186&tree=published_page
person,gnd-118538969,Geßner,published_page,page,s03-pg186,http://rs4.ethz.ch/dts/document/?resource=https%3A%2F%2Fexample.org%2Fdts%2Fcollections%2Fhwgw%2Fs03%2Fed&ref=s03-pg186&tree=published_page
person,gnd-117752266,Füßlis,published_page,page,s03-pg186,http://rs4.ethz.ch/dts/document/?resource=https%3A%2F%2Fexample.org%2Fdts%2Fcollections%2Fhwgw%2Fs03%2Fed&ref=s03-pg186&tree=published_page
person,gnd-117752266,Johann Caspar Füsslis,published_page,page,s03-pg186,http://rs4.ethz.ch/dts/document/?resource=https%3A%2F%2Fexample.org%2Fdts%2Fcollections%2Fhwgw%2Fs03%2Fed&ref=s03-pg186&tree=published_page
person,gnd-117752266,Fuesslin,published_page,page,s03-pg186,http://rs4.ethz.ch/dts/document/?resource=https%3A%2F%2Fexample.org%2Fdts%2Fcollections%2Fhwgw%2Fs03%2Fed&ref=s03-pg186&tree=published_page
person,gnd-118634496,Wölfflin,published_page,page,s03-pg186,http://rs4.ethz.ch/dts/document/?resource=https%3A%2F%2Fexample.org%2Fdts%2Fcollections%2Fhwgw%2Fs03%2Fed&ref=s03-pg186&tree=published_page
person,gnd-118538969,Geßner,published_page,page,s03-pg186,http://rs4.ethz.ch/dts/document/?resource=https%3A%2F%2Fexample.org%2Fdts%2Fcollections%2Fhwgw%2Fs03%2Fed&ref=s03-pg186&tree=published_page
person,gnd-118527983,Poussin,published_page,page,s03-pg186,http://rs4.ethz.ch/dts/document/?resource=https%3A%2F%2Fexample.org%2Fdts%2Fcollections%2Fhwgw%2Fs03%2Fed&ref=s03-pg186&tree=published_page
person,gnd-118596047,Poussi,published_page,page,s03-pg186,http://rs4.ethz.ch/dts/document/?resource=https%3A%2F%2Fexample.org%2Fdts%2Fcollections%2Fhwgw%2Fs03%2Fed&ref=s03-pg186&tree=published_page
person,gnd-117752266,Fuesslin,published_page,page,s03-pg186,http://rs4.ethz.ch/dts/document/?resource=https%3A%2F%2Fexample.org%2Fdts%2Fcollections%2Fhwgw%2Fs03%2Fed&ref=s03-pg186&tree=published_page
person,gnd-118634496,Wölfflin,published_page,page,s03-pg186,http://rs4.ethz.ch/dts/document/?resource=https%3A%2F%2Fexample.org%2Fdts%2Fcollections%2Fhwgw%2Fs03%2Fed&ref=s03-pg186&tree=published_page
person,gnd-118538969,Gessner,published_page,page,s03-pg186,http://rs4.ethz.ch/dts/document/?resource=https%3A%2F%2Fexample.org%2Fdts%2Fcollections%2Fhwgw%2Fs03%2Fed&ref=s03-pg186&tree=published_page
person,gnd-118527983,Poussin,published_page,page,s03-pg186,http://rs4.ethz.ch/dts/document/?resource=https%3A%2F%2Fexample.org%2Fdts%2Fcollections%2Fhwgw%2Fs03%2Fed&ref=s03-pg186&tree=published_page
person,gnd-118596047,Poussin,published_page,page,s03-pg186,http://rs4.ethz.ch/dts/document/?resource=https%3A%2F%2Fexample.org%2Fdts%2Fcollections%2Fhwgw%2Fs03%2Fed&ref=s03-pg186&tree=published_page
person,gnd-118574450,Lorrain,published_page,page,s03-pg186,http://rs4.ethz.ch/dts/document/?resource=https%3A%2F%2Fexample.org%2Fdts%2Fcollections%2Fhwgw%2Fs03%2Fed&ref=s03-pg186&tree=published_page
person,gnd-118596047,Poussin,published_page,page,s03-pg187,http://rs4.ethz.ch/dts/document/?resource=https%3A%2F%2Fexample.org%2Fdts%2Fcollections%2Fhwgw%2Fs03%2Fed&ref=s03-pg187&tree=published_page
person,gnd-118574450,Claude,published_page,page,s03-pg187,http://rs4.ethz.ch/dts/document/?resource=https%3A%2F%2Fexample.org%2Fdts%2Fcollections%2Fhwgw%2Fs03%2Fed&ref=s03-pg187&tree=published_page
person,gnd-118538969,Geßners,published_page,page,s03-pg187,http://rs4.ethz.ch/dts/document/?resource=https%3A%2F%2Fexample.org%2Fdts%2Fcollections%2Fhwgw%2Fs03%2Fed&ref=s03-pg187&tree=published_page
person,gnd-118596047,Poussins,published_page,page,s03-pg187,http://rs4.ethz.ch/dts/document/?resource=https%3A%2F%2Fexample.org%2Fdts%2Fcollections%2Fhwgw%2Fs03%2Fed&ref=s03-pg187&tree=published_page
person,gnd-118574450,Claudes,published_page,page,s03-pg187,http://rs4.ethz.ch/dts/document/?resource=https%3A%2F%2Fexample.org%2Fdts%2Fcollections%2Fhwgw%2Fs03%2Fed&ref=s03-pg187&tree=published_page
person,gnd-118538969,Geßner,published_page,page,s03-pg187,http://rs4.ethz.ch/dts/document/?resource=https%3A%2F%2Fexample.org%2Fdts%2Fcollections%2Fhwgw%2Fs03%2Fed&ref=s03-pg187&tree=published_page
person,gnd-118621769,Theokrit,published_page,page,s03-pg187,http://rs4.ethz.ch/dts/document/?resource=https%3A%2F%2Fexample.org%2Fdts%2Fcollections%2Fhwgw%2Fs03%2Fed&ref=s03-pg187&tree=published_page
person,gnd-118538969,Geßners,published_page,page,s03-pg187,http://rs4.ethz.ch/dts/document/?resource=https%3A%2F%2Fexample.org%2Fdts%2Fcollections%2Fhwgw%2Fs03%2Fed&ref=s03-pg187&tree=published_page
person,gnd-118746324,Dietricy,published_page,page,s03-pg187,http://rs4.ethz.ch/dts/document/?resource=https%3A%2F%2Fexample.org%2Fdts%2Fcollections%2Fhwgw%2Fs03%2Fed&ref=s03-pg187&tree=published_page
person,gnd-118633600,Winckelmann,published_page,page,s03-pg187,http://rs4.ethz.ch/dts/document/?resource=https%3A%2F%2Fexample.org%2Fdts%2Fcollections%2Fhwgw%2Fs03%2Fed&ref=s03-pg187&tree=published_page
person,gnd-118597787,Raffael,published_page,page,s03-pg187,http://rs4.ethz.ch/dts/document/?resource=https%3A%2F%2Fexample.org%2Fdts%2Fcollections%2Fhwgw%2Fs03%2Fed&ref=s03-pg187&tree=published_page
person,gnd-118538969,Geßner,published_page,page,s03-pg187,http://rs4.ethz.ch/dts/document/?resource=https%3A%2F%2Fexample.org%2Fdts%2Fcollections%2Fhwgw%2Fs03%2Fed&ref=s03-pg187&tree=published_page
person,gnd-118633600,Winckelmanns,published_page,page,s03-pg187,http://rs4.ethz.ch/dts/document/?resource=https%3A%2F%2Fexample.org%2Fdts%2Fcollections%2Fhwgw%2Fs03%2Fed&ref=s03-pg187&tree=published_page
person,gnd-118805371,Paul Usteri,published_page,page,s03-pg187,http://rs4.ethz.ch/dts/document/?resource=https%3A%2F%2Fexample.org%2Fdts%2Fcollections%2Fhwgw%2Fs03%2Fed&ref=s03-pg187&tree=published_page
place,gnd-4050471-2,Rom,published_page,page,s03-pg187,http://rs4.ethz.ch/dts/document/?resource=https%3A%2F%2Fexample.org%2Fdts%2Fcollections%2Fhwgw%2Fs03%2Fed&ref=s03-pg187&tree=published_page
person,gnd-118896644,Aberlis,published_page,page,s03-pg187,http://rs4.ethz.ch/dts/document/?resource=https%3A%2F%2Fexample.org%2Fdts%2Fcollections%2Fhwgw%2Fs03%2Fed&ref=s03-pg187&tree=published_page
person,gnd-120307790,Weirotters,published_page,page,s03-pg187,http://rs4.ethz.ch/dts/document/?resource=https%3A%2F%2Fexample.org%2Fdts%2Fcollections%2Fhwgw%2Fs03%2Fed&ref=s03-pg187&tree=published_page
person,gnd-117004669,Zinggs,published_page,page,s03-pg187,http://rs4.ethz.ch/dts/document/?resource=https%3A%2F%2Fexample.org%2Fdts%2Fcollections%2Fhwgw%2Fs03%2Fed&ref=s03-pg187&tree=published_page
person,gnd-118538969,Geßner,published_page,page,s03-pg187,http://rs4.ethz.ch/dts/document/?resource=https%3A%2F%2Fexample.org%2Fdts%2Fcollections%2Fhwgw%2Fs03%2Fed&ref=s03-pg187&tree=published_page
person,gnd-118600486,Ludwig Richter,published_page,page,s03-pg187,http://rs4.ethz.ch/dts/document/?resource=https%3A%2F%2Fexample.org%2Fdts%2Fcollections%2Fhwgw%2Fs03%2Fed&ref=s03-pg187&tree=published_page
person,gnd-118538969,Geßner,published_page,page,s03-pg187,http://rs4.ethz.ch/dts/document/?resource=https%3A%2F%2Fexample.org%2Fdts%2Fcollections%2Fhwgw%2Fs03%2Fed&ref=s03-pg187&tree=published_page
person,gnd-118746324,Dietricy,published_page,page,s03-pg187,http://rs4.ethz.ch/dts/document/?resource=https%3A%2F%2Fexample.org%2Fdts%2Fcollections%2Fhwgw%2Fs03%2Fed&ref=s03-pg187&tree=published_page
person,gnd-117004669,Zingg,published_page,page,s03-pg187,http://rs4.ethz.ch/dts/document/?resource=https%3A%2F%2Fexample.org%2Fdts%2Fcollections%2Fhwgw%2Fs03%2Fed&ref=s03-pg187&tree=published_page
person,gnd-118896644,Aberli,published_page,page,s03-pg187,http://rs4.ethz.ch/dts/document/?resource=https%3A%2F%2Fexample.org%2Fdts%2Fcollections%2Fhwgw%2Fs03%2Fed&ref=s03-pg187&tree=published_page
person,gnd-139148213,Felix Meyer,published_page,page,s03-pg187,http://rs4.ethz.ch/dts/document/?resource=https%3A%2F%2Fexample.org%2Fdts%2Fcollections%2Fhwgw%2Fs03%2Fed&ref=s03-pg187&tree=published_page
person,gnd-120307790,Weirotter,published_page,page,s03-pg187,http://rs4.ethz.ch/dts/document/?resource=https%3A%2F%2Fexample.org%2Fdts%2Fcollections%2Fhwgw%2Fs03%2Fed&ref=s03-pg187&tree=published_page
person,gnd-119498162,Klengel,published_page,page,s03-pg187,http://rs4.ethz.ch/dts/document/?resource=https%3A%2F%2Fexample.org%2Fdts%2Fcollections%2Fhwgw%2Fs03%2Fed&ref=s03-pg187&tree=published_page
person,gnd-119015056,Schütz,published_page,page,s03-pg187,http://rs4.ethz.ch/dts/document/?resource=https%3A%2F%2Fexample.org%2Fdts%2Fcollections%2Fhwgw%2Fs03%2Fed&ref=s03-pg187&tree=published_page
person,gnd-118538969,Geßner,published_page,page,s03-pg187,http://rs4.ethz.ch/dts/document/?resource=https%3A%2F%2Fexample.org%2Fdts%2Fcollections%2Fhwgw%2Fs03%2Fed&ref=s03-pg187&tree=published_page
person,gnd-118512315,Bodmers,published_page,page,s03-pg188,http://rs4.ethz.ch/dts/document/?resource=https%3A%2F%2Fexample.org%2Fdts%2Fcollections%2Fhwgw%2Fs03%2Fed&ref=s03-pg188&tree=published_page
person,gnd-118723499,Kleists,published_page,page,s03-pg188,http://rs4.ethz.ch/dts/document/?resource=https%3A%2F%2Fexample.org%2Fdts%2Fcollections%2Fhwgw%2Fs03%2Fed&ref=s03-pg188&tree=published_page
person,gnd-106960836X,Vogels,published_page,page,s03-pg188,http://rs4.ethz.ch/dts/document/?resource=https%3A%2F%2Fexample.org%2Fdts%2Fcollections%2Fhwgw%2Fs03%2Fed&ref=s03-pg188&tree=published_page
person,gnd-129810819,Webbs,published_page,page,s03-pg188,http://rs4.ethz.ch/dts/document/?resource=https%3A%2F%2Fexample.org%2Fdts%2Fcollections%2Fhwgw%2Fs03%2Fed&ref=s03-pg188&tree=published_page
person,gnd-118636979,Zimmermanns,published_page,page,s03-pg188,http://rs4.ethz.ch/dts/document/?resource=https%3A%2F%2Fexample.org%2Fdts%2Fcollections%2Fhwgw%2Fs03%2Fed&ref=s03-pg188&tree=published_page
person,gnd-118538969,Salomon Gessner,published_page,page,s03-pg188,http://rs4.ethz.ch/dts/document/?resource=https%3A%2F%2Fexample.org%2Fdts%2Fcollections%2Fhwgw%2Fs03%2Fed&ref=s03-pg188&tree=published_page
object,object-Die-Arche-Noah-i-62,"Die Arche-Noah in barocker Kartusche, von zwei Putten und einem Engelchen gehalten. Auf beiden Seiten Blumen-Arrangement",published_page,page,s03-pg188,http://rs4.ethz.ch/dts/document/?resource=https%3A%2F%2Fexample.org%2Fdts%2Fcollections%2Fhwgw%2Fs03%2Fed&ref=s03-pg188&tree=published_page
person,gnd-1043444637,Leemann-van Elck,published_page,page,s03-pg188,http://rs4.ethz.ch/dts/document/?resource=https%3A%2F%2Fexample.org%2Fdts%2Fcollections%2Fhwgw%2Fs03%2Fed&ref=s03-pg188&tree=published_page
object,object-Palette-mit-Pins-67,"Palette mit Pinseln, Staffelei, Büchern usw.",published_page,page,s03-pg188,http://rs4.ethz.ch/dts/document/?resource=https%3A%2F%2Fexample.org%2Fdts%2Fcollections%2Fhwgw%2Fs03%2Fed&ref=s03-pg188&tree=published_page
object,object-Vier-Europer-bes-68,Vier Europäer beschauen drei nackte Wilde,published_page,page,s03-pg188,http://rs4.ethz.ch/dts/document/?resource=https%3A%2F%2Fexample.org%2Fdts%2Fcollections%2Fhwgw%2Fs03%2Fed&ref=s03-pg188&tree=published_page
object,object-Luna-mit-dem-Dra-36,Eine Luna auf dem Drachenwagen,published_page,page,s03-pg188,http://rs4.ethz.ch/dts/document/?resource=https%3A%2F%2Fexample.org%2Fdts%2Fcollections%2Fhwgw%2Fs03%2Fed&ref=s03-pg188&tree=published_page
person,gnd-118538969,Salomon Gessner,published_page,page,s03-pg188,http://rs4.ethz.ch/dts/document/?resource=https%3A%2F%2Fexample.org%2Fdts%2Fcollections%2Fhwgw%2Fs03%2Fed&ref=s03-pg188&tree=published_page
object,object-Luna-mit-dem-Dra-36,Luna mit dem Drachenwagen {HW: Luna auf dem Drachenwagen},published_page,page,s03-pg188,http://rs4.ethz.ch/dts/document/?resource=https%3A%2F%2Fexample.org%2Fdts%2Fcollections%2Fhwgw%2Fs03%2Fed&ref=s03-pg188&tree=published_page
object,object-Liebespaar-am-Wa-37,Die Liebenden unter dem Baum,published_page,page,s03-pg188,http://rs4.ethz.ch/dts/document/?resource=https%3A%2F%2Fexample.org%2Fdts%2Fcollections%2Fhwgw%2Fs03%2Fed&ref=s03-pg188&tree=published_page
person,gnd-118538969,Salomon Gessner,published_page,page,s03-pg188,http://rs4.ethz.ch/dts/document/?resource=https%3A%2F%2Fexample.org%2Fdts%2Fcollections%2Fhwgw%2Fs03%2Fed&ref=s03-pg188&tree=published_page
object,object-Liebespaar-am-Wa-37,Liebespaar am Waldessaum {HW: Die Liebenden unter dem Baum},published_page,page,s03-pg188,http://rs4.ethz.ch/dts/document/?resource=https%3A%2F%2Fexample.org%2Fdts%2Fcollections%2Fhwgw%2Fs03%2Fed&ref=s03-pg188&tree=published_page
object,object-Zwei-bei-einem-B-38,"Zwei, bei einem Busch und Hag ruhende Schafe",published_page,page,s03-pg188,http://rs4.ethz.ch/dts/document/?resource=https%3A%2F%2Fexample.org%2Fdts%2Fcollections%2Fhwgw%2Fs03%2Fed&ref=s03-pg188&tree=published_page
object,object-Mit-Putte-tanzen-39,Mit Putte tanzendes Faunkind und zwei musizierende Faunkinder,published_page,page,s03-pg188,http://rs4.ethz.ch/dts/document/?resource=https%3A%2F%2Fexample.org%2Fdts%2Fcollections%2Fhwgw%2Fs03%2Fed&ref=s03-pg188&tree=published_page
object,object-Funf-tanzende-Pu-40,Fünf tanzende Putten bei einer Faunherme,published_page,page,s03-pg188,http://rs4.ethz.ch/dts/document/?resource=https%3A%2F%2Fexample.org%2Fdts%2Fcollections%2Fhwgw%2Fs03%2Fed&ref=s03-pg188&tree=published_page
object,object-Idyllen-von-dem-41,Der Titel,published_page,page,s03-pg188,http://rs4.ethz.ch/dts/document/?resource=https%3A%2F%2Fexample.org%2Fdts%2Fcollections%2Fhwgw%2Fs03%2Fed&ref=s03-pg188&tree=published_page
person,gnd-118538969,Geßner,published_page,page,s03-pg188,http://rs4.ethz.ch/dts/document/?resource=https%3A%2F%2Fexample.org%2Fdts%2Fcollections%2Fhwgw%2Fs03%2Fed&ref=s03-pg188&tree=published_page
object,object-Der-kniende-Adam-42,Adam will die ohnmächtige Eva aufrichten,published_page,page,s03-pg188,http://rs4.ethz.ch/dts/document/?resource=https%3A%2F%2Fexample.org%2Fdts%2Fcollections%2Fhwgw%2Fs03%2Fed&ref=s03-pg188&tree=published_page
person,gnd-118538969,Salomon Gessner,published_page,page,s03-pg188,http://rs4.ethz.ch/dts/document/?resource=https%3A%2F%2Fexample.org%2Fdts%2Fcollections%2Fhwgw%2Fs03%2Fed&ref=s03-pg188&tree=published_page
object,object-Der-kniende-Adam-42,Der kniende Adam hält die beim Anblick des erschlagenen Abels hinsinkende Eva in seinen Armen,published_page,page,s03-pg188,http://rs4.ethz.ch/dts/document/?resource=https%3A%2F%2Fexample.org%2Fdts%2Fcollections%2Fhwgw%2Fs03%2Fed&ref=s03-pg188&tree=published_page
organisation,gnd-17078-1,Stadtbibliothek,published_page,page,s03-pg188,http://rs4.ethz.ch/dts/document/?resource=https%3A%2F%2Fexample.org%2Fdts%2Fcollections%2Fhwgw%2Fs03%2Fed&ref=s03-pg188&tree=published_page
person,gnd-129322288,Wasers,published_page,page,s03-pg188,http://rs4.ethz.ch/dts/document/?resource=https%3A%2F%2Fexample.org%2Fdts%2Fcollections%2Fhwgw%2Fs03%2Fed&ref=s03-pg188&tree=published_page
person,gnd-118538969,Geßner,published_page,page,s03-pg188,http://rs4.ethz.ch/dts/document/?resource=https%3A%2F%2Fexample.org%2Fdts%2Fcollections%2Fhwgw%2Fs03%2Fed&ref=s03-pg188&tree=published_page
person,gnd-118685414,Eschenburgs,published_page,page,s03-pg188,http://rs4.ethz.ch/dts/document/?resource=https%3A%2F%2Fexample.org%2Fdts%2Fcollections%2Fhwgw%2Fs03%2Fed&ref=s03-pg188&tree=published_page
object,object-Die-erste-Stufe-63,"«Die erste Stufe des menschlichen Alters. Der Knabe und das Mägdchen. Der Tugend und Wissenschaft liebenden Jugend gewiedmet, von der Stadt-bibliothek In Zürich, am Neüjahrs-Tage. 1759.»",published_page,page,s03-pg188,http://rs4.ethz.ch/dts/document/?resource=https%3A%2F%2Fexample.org%2Fdts%2Fcollections%2Fhwgw%2Fs03%2Fed&ref=s03-pg188&tree=published_page
object,object-Der-Jungling-und-64,"«Der Jüngling und die Jungfrau. Der Tugend und Wissenschaft liebenden Jugend gewiedmet, von der Stadt-bibliothek in Zürich, am Neujahrs-Tage. 1760»",published_page,page,s03-pg188,http://rs4.ethz.ch/dts/document/?resource=https%3A%2F%2Fexample.org%2Fdts%2Fcollections%2Fhwgw%2Fs03%2Fed&ref=s03-pg188&tree=published_page
object,object-Der-Mann-und-die-65,"«Der Mann und die Frau. Der Tugend und Wißenschaft liebenden Jugend gewiedmet, Von der Stadt-bibliothek in Zürich, am Neujahrs-Tage. 1761»",published_page,page,s03-pg188,http://rs4.ethz.ch/dts/document/?resource=https%3A%2F%2Fexample.org%2Fdts%2Fcollections%2Fhwgw%2Fs03%2Fed&ref=s03-pg188&tree=published_page
object,object-Der-Greis-und-di-66,"«Der Greis und die Matrone. Der Tugend und Wissenschaft liebenden Jugend gewiedmet, von der Stadt-Bibliotheck, am Neujahrs-Tage, 1762»",published_page,page,s03-pg188,http://rs4.ethz.ch/dts/document/?resource=https%3A%2F%2Fexample.org%2Fdts%2Fcollections%2Fhwgw%2Fs03%2Fed&ref=s03-pg188&tree=published_page
person,gnd-118538969,Geßner,published_page,page,s03-pg188,http://rs4.ethz.ch/dts/document/?resource=https%3A%2F%2Fexample.org%2Fdts%2Fcollections%2Fhwgw%2Fs03%2Fed&ref=s03-pg188&tree=published_page
person,gnd-118538969,Salomon Gessner,published_page,page,s03-pg188,http://rs4.ethz.ch/dts/document/?resource=https%3A%2F%2Fexample.org%2Fdts%2Fcollections%2Fhwgw%2Fs03%2Fed&ref=s03-pg188&tree=published_page
object,object-Idyllen-von-dem-41,Idyllen von dem Verfasser des Daphnis. Zürich bei Gessner 1756 {HW: Titel der Idyllen von 1756},published_page,page,s03-pg188,http://rs4.ethz.ch/dts/document/?resource=https%3A%2F%2Fexample.org%2Fdts%2Fcollections%2Fhwgw%2Fs03%2Fed&ref=s03-pg188&tree=published_page
person,gnd-118634496,Wölfflins,published_page,page,s03-pg188,http://rs4.ethz.ch/dts/document/?resource=https%3A%2F%2Fexample.org%2Fdts%2Fcollections%2Fhwgw%2Fs03%2Fed&ref=s03-pg188&tree=published_page
object,object-In-umranktem-Gar-45,die antike Gruppe der drei Grazien unter einer hellen Lattenlaube,published_page,page,s03-pg190,http://rs4.ethz.ch/dts/document/?resource=https%3A%2F%2Fexample.org%2Fdts%2Fcollections%2Fhwgw%2Fs03%2Fed&ref=s03-pg190&tree=published_page
person,gnd-118538969,Salomon Gessner,published_page,page,s03-pg190,http://rs4.ethz.ch/dts/document/?resource=https%3A%2F%2Fexample.org%2Fdts%2Fcollections%2Fhwgw%2Fs03%2Fed&ref=s03-pg190&tree=published_page
object,object-In-umranktem-Gar-45,In umranktem Gartenhaus die Statue der drei Grazien. An der Wand der Titel: «S. Gessners Schriften IVtr Theil»,published_page,page,s03-pg190,http://rs4.ethz.ch/dts/document/?resource=https%3A%2F%2Fexample.org%2Fdts%2Fcollections%2Fhwgw%2Fs03%2Fed&ref=s03-pg190&tree=published_page
person,gnd-118538969,Geßners,published_page,page,s03-pg190,http://rs4.ethz.ch/dts/document/?resource=https%3A%2F%2Fexample.org%2Fdts%2Fcollections%2Fhwgw%2Fs03%2Fed&ref=s03-pg190&tree=published_page
person,gnd-118538969,Geßner,published_page,page,s03-pg190,http://rs4.ethz.ch/dts/document/?resource=https%3A%2F%2Fexample.org%2Fdts%2Fcollections%2Fhwgw%2Fs03%2Fed&ref=s03-pg190&tree=published_page
object,object-Mit-Putten-kmpfe-43,Kampf der See‑ und Landbuben,published_page,page,s03-pg190,http://rs4.ethz.ch/dts/document/?resource=https%3A%2F%2Fexample.org%2Fdts%2Fcollections%2Fhwgw%2Fs03%2Fed&ref=s03-pg190&tree=published_page
object,object-Mit-Putten-kmpfe-43,Abb. 3,published_page,page,s03-pg190,http://rs4.ethz.ch/dts/document/?resource=https%3A%2F%2Fexample.org%2Fdts%2Fcollections%2Fhwgw%2Fs03%2Fed&ref=s03-pg190&tree=published_page
object,object-Kniende-Jungfrau-44,knöchelspielende Mädchen,published_page,page,s03-pg190,http://rs4.ethz.ch/dts/document/?resource=https%3A%2F%2Fexample.org%2Fdts%2Fcollections%2Fhwgw%2Fs03%2Fed&ref=s03-pg190&tree=published_page
person,gnd-118634496,Wölfflin,published_page,page,s03-pg190,http://rs4.ethz.ch/dts/document/?resource=https%3A%2F%2Fexample.org%2Fdts%2Fcollections%2Fhwgw%2Fs03%2Fed&ref=s03-pg190&tree=published_page
person,gnd-118538969,Salomon Gessner,published_page,page,s03-pg190,http://rs4.ethz.ch/dts/document/?resource=https%3A%2F%2Fexample.org%2Fdts%2Fcollections%2Fhwgw%2Fs03%2Fed&ref=s03-pg190&tree=published_page
object,object-Kniende-Jungfrau-44,"Kniende Jungfrau im Schilf, Wasser schöpfend {HW: Das knöchelspielende Mädchen}",published_page,page,s03-pg190,http://rs4.ethz.ch/dts/document/?resource=https%3A%2F%2Fexample.org%2Fdts%2Fcollections%2Fhwgw%2Fs03%2Fed&ref=s03-pg190&tree=published_page
object,object-Sockel-und-Geden-46,Titel des ersten Bandes,published_page,page,s03-pg190,http://rs4.ethz.ch/dts/document/?resource=https%3A%2F%2Fexample.org%2Fdts%2Fcollections%2Fhwgw%2Fs03%2Fed&ref=s03-pg190&tree=published_page
person,gnd-118538969,Geßner,published_page,page,s03-pg190,http://rs4.ethz.ch/dts/document/?resource=https%3A%2F%2Fexample.org%2Fdts%2Fcollections%2Fhwgw%2Fs03%2Fed&ref=s03-pg190&tree=published_page
person,gnd-119148226,Saint‑Non,published_page,page,s03-pg190,http://rs4.ethz.ch/dts/document/?resource=https%3A%2F%2Fexample.org%2Fdts%2Fcollections%2Fhwgw%2Fs03%2Fed&ref=s03-pg190&tree=published_page
person,gnd-100024483,Bartolis,published_page,page,s03-pg190,http://rs4.ethz.ch/dts/document/?resource=https%3A%2F%2Fexample.org%2Fdts%2Fcollections%2Fhwgw%2Fs03%2Fed&ref=s03-pg190&tree=published_page
person,gnd-118538969,Salomon Gessner,published_page,page,s03-pg190,http://rs4.ethz.ch/dts/document/?resource=https%3A%2F%2Fexample.org%2Fdts%2Fcollections%2Fhwgw%2Fs03%2Fed&ref=s03-pg190&tree=published_page
object,object-Sockel-und-Geden-46,"Sockel und Gedenktafel, mit Blättergewinde und Leier, Flöte und entrolltem Pergament, mit dem Titel: «S. Gessners Schriften I. Theil. Mit Churfürstl. Sächsischen Privileg. Zürich bey Orell, Gessner u. Comp. 1765.»",published_page,page,s03-pg190,http://rs4.ethz.ch/dts/document/?resource=https%3A%2F%2Fexample.org%2Fdts%2Fcollections%2Fhwgw%2Fs03%2Fed&ref=s03-pg190&tree=published_page
object,object-Fruchte-mit-Rose-47,Blumenvignette,published_page,page,s03-pg190,http://rs4.ethz.ch/dts/document/?resource=https%3A%2F%2Fexample.org%2Fdts%2Fcollections%2Fhwgw%2Fs03%2Fed&ref=s03-pg190&tree=published_page
person,gnd-118538969,Geßner,published_page,page,s03-pg190,http://rs4.ethz.ch/dts/document/?resource=https%3A%2F%2Fexample.org%2Fdts%2Fcollections%2Fhwgw%2Fs03%2Fed&ref=s03-pg190&tree=published_page
person,gnd-118634496,Wölfflin,published_page,page,s03-pg190,http://rs4.ethz.ch/dts/document/?resource=https%3A%2F%2Fexample.org%2Fdts%2Fcollections%2Fhwgw%2Fs03%2Fed&ref=s03-pg190&tree=published_page
person,gnd-117373192,Sulger,published_page,page,s03-pg190,http://rs4.ethz.ch/dts/document/?resource=https%3A%2F%2Fexample.org%2Fdts%2Fcollections%2Fhwgw%2Fs03%2Fed&ref=s03-pg190&tree=published_page
person,gnd-122269950,Watelet,published_page,page,s03-pg190,http://rs4.ethz.ch/dts/document/?resource=https%3A%2F%2Fexample.org%2Fdts%2Fcollections%2Fhwgw%2Fs03%2Fed&ref=s03-pg190&tree=published_page
person,gnd-122269950,Watelet,published_page,page,s03-pg190,http://rs4.ethz.ch/dts/document/?resource=https%3A%2F%2Fexample.org%2Fdts%2Fcollections%2Fhwgw%2Fs03%2Fed&ref=s03-pg190&tree=published_page
person,gnd-118538969,Salomon Gessner,published_page,page,s03-pg190,http://rs4.ethz.ch/dts/document/?resource=https%3A%2F%2Fexample.org%2Fdts%2Fcollections%2Fhwgw%2Fs03%2Fed&ref=s03-pg190&tree=published_page
person,gnd-122269950,Claude-Henri Watelet,published_page,page,s03-pg190,http://rs4.ethz.ch/dts/document/?resource=https%3A%2F%2Fexample.org%2Fdts%2Fcollections%2Fhwgw%2Fs03%2Fed&ref=s03-pg190&tree=published_page
person,gnd-122269950,Watelet,published_page,page,s03-pg190,http://rs4.ethz.ch/dts/document/?resource=https%3A%2F%2Fexample.org%2Fdts%2Fcollections%2Fhwgw%2Fs03%2Fed&ref=s03-pg190&tree=published_page
place,gnd-4068038-1,Zürichs,published_page,page,s03-pg190,http://rs4.ethz.ch/dts/document/?resource=https%3A%2F%2Fexample.org%2Fdts%2Fcollections%2Fhwgw%2Fs03%2Fed&ref=s03-pg190&tree=published_page
object,object-Felslandschaft-a-72,Wiese mit Bäumen am Felshang,published_page,page,s03-pg191,http://rs4.ethz.ch/dts/document/?resource=https%3A%2F%2Fexample.org%2Fdts%2Fcollections%2Fhwgw%2Fs03%2Fed&ref=s03-pg191&tree=published_page
object,object-Felsige-Baumland-73,Weidendickicht am Bach,published_page,page,s03-pg191,http://rs4.ethz.ch/dts/document/?resource=https%3A%2F%2Fexample.org%2Fdts%2Fcollections%2Fhwgw%2Fs03%2Fed&ref=s03-pg191&tree=published_page
object,object-Lndliches-Gehft-71,Fischerhütte,published_page,page,s03-pg191,http://rs4.ethz.ch/dts/document/?resource=https%3A%2F%2Fexample.org%2Fdts%2Fcollections%2Fhwgw%2Fs03%2Fed&ref=s03-pg191&tree=published_page
object,object-Bauernhutten-mit-70,ländliches Gartenhäuschen am See,published_page,page,s03-pg191,http://rs4.ethz.ch/dts/document/?resource=https%3A%2F%2Fexample.org%2Fdts%2Fcollections%2Fhwgw%2Fs03%2Fed&ref=s03-pg191&tree=published_page
person,gnd-118538969,Salomon Gessner,published_page,page,s03-pg191,http://rs4.ethz.ch/dts/document/?resource=https%3A%2F%2Fexample.org%2Fdts%2Fcollections%2Fhwgw%2Fs03%2Fed&ref=s03-pg191&tree=published_page
person,gnd-122269950,Claude-Henri Watelet,published_page,page,s03-pg191,http://rs4.ethz.ch/dts/document/?resource=https%3A%2F%2Fexample.org%2Fdts%2Fcollections%2Fhwgw%2Fs03%2Fed&ref=s03-pg191&tree=published_page
person,gnd-122269950,Watelet,published_page,page,s03-pg191,http://rs4.ethz.ch/dts/document/?resource=https%3A%2F%2Fexample.org%2Fdts%2Fcollections%2Fhwgw%2Fs03%2Fed&ref=s03-pg191&tree=published_page
object,object-Felslandschaft-a-72,"Felslandschaft am See mit Herde. Vorn Hirtenpaar, die Füsse im Bache kühlend",published_page,page,s03-pg191,http://rs4.ethz.ch/dts/document/?resource=https%3A%2F%2Fexample.org%2Fdts%2Fcollections%2Fhwgw%2Fs03%2Fed&ref=s03-pg191&tree=published_page
object,object-Felsige-Baumland-73,Felsige Baumlandschaft mit zwei Männern am Weidbaum beim Bache,published_page,page,s03-pg191,http://rs4.ethz.ch/dts/document/?resource=https%3A%2F%2Fexample.org%2Fdts%2Fcollections%2Fhwgw%2Fs03%2Fed&ref=s03-pg191&tree=published_page
object,object-Lndliches-Gehft-71,"Ländliches Gehöft mit offenem Holztor am Seeufer und Angler in der Fischerhütte, {HW: Das ländliche Gehöft am Seeufer}",published_page,page,s03-pg191,http://rs4.ethz.ch/dts/document/?resource=https%3A%2F%2Fexample.org%2Fdts%2Fcollections%2Fhwgw%2Fs03%2Fed&ref=s03-pg191&tree=published_page
object,object-Bauernhutten-mit-70,"Bauernhütten mit zurückkehrendem Fischer, zwei Kindern einen Fisch reichend",published_page,page,s03-pg191,http://rs4.ethz.ch/dts/document/?resource=https%3A%2F%2Fexample.org%2Fdts%2Fcollections%2Fhwgw%2Fs03%2Fed&ref=s03-pg191&tree=published_page
object,object-Stadttor-durch-d-74,Einzug eines Gerichtsherrn in seine Erbherrschaft,published_page,page,s03-pg191,http://rs4.ethz.ch/dts/document/?resource=https%3A%2F%2Fexample.org%2Fdts%2Fcollections%2Fhwgw%2Fs03%2Fed&ref=s03-pg191&tree=published_page
person,gnd-118538969,Salomon Gessner,published_page,page,s03-pg191,http://rs4.ethz.ch/dts/document/?resource=https%3A%2F%2Fexample.org%2Fdts%2Fcollections%2Fhwgw%2Fs03%2Fed&ref=s03-pg191&tree=published_page
object,object-Stadttor-durch-d-74,"Stadttor, durch das ein Gerichtsherr einzieht {HW: Einzug eines Gerichtsherrn in seine Erbherrschaft}",published_page,page,s03-pg191,http://rs4.ethz.ch/dts/document/?resource=https%3A%2F%2Fexample.org%2Fdts%2Fcollections%2Fhwgw%2Fs03%2Fed&ref=s03-pg191&tree=published_page
person,gnd-118538969,Salomon Gessner,published_page,page,s03-pg191,http://rs4.ethz.ch/dts/document/?resource=https%3A%2F%2Fexample.org%2Fdts%2Fcollections%2Fhwgw%2Fs03%2Fed&ref=s03-pg191&tree=published_page
person,gnd-122269950,Claude-Henri Watelet,published_page,page,s03-pg191,http://rs4.ethz.ch/dts/document/?resource=https%3A%2F%2Fexample.org%2Fdts%2Fcollections%2Fhwgw%2Fs03%2Fed&ref=s03-pg191&tree=published_page
person,gnd-122269950,Watelet,published_page,page,s03-pg191,http://rs4.ethz.ch/dts/document/?resource=https%3A%2F%2Fexample.org%2Fdts%2Fcollections%2Fhwgw%2Fs03%2Fed&ref=s03-pg191&tree=published_page
object,object-Brunnen-im-Garte-69,Titelblatt,published_page,page,s03-pg191,http://rs4.ethz.ch/dts/document/?resource=https%3A%2F%2Fexample.org%2Fdts%2Fcollections%2Fhwgw%2Fs03%2Fed&ref=s03-pg191&tree=published_page
person,gnd-118538969,Geßner,published_page,page,s03-pg191,http://rs4.ethz.ch/dts/document/?resource=https%3A%2F%2Fexample.org%2Fdts%2Fcollections%2Fhwgw%2Fs03%2Fed&ref=s03-pg191&tree=published_page
person,gnd-118538969,Salomon Gessner,published_page,page,s03-pg191,http://rs4.ethz.ch/dts/document/?resource=https%3A%2F%2Fexample.org%2Fdts%2Fcollections%2Fhwgw%2Fs03%2Fed&ref=s03-pg191&tree=published_page
object,object-Brunnen-im-Garte-69,Brunnen im Gartenhaus mit dem Titel «X paysages,published_page,page,s03-pg191,http://rs4.ethz.ch/dts/document/?resource=https%3A%2F%2Fexample.org%2Fdts%2Fcollections%2Fhwgw%2Fs03%2Fed&ref=s03-pg191&tree=published_page
object,object-Brunnen-im-Garte-69,"a Mr. Watelet, auteur du poeme sur l’art de peindre. Par son ami S. Gessner.»",published_page,page,s03-pg191,http://rs4.ethz.ch/dts/document/?resource=https%3A%2F%2Fexample.org%2Fdts%2Fcollections%2Fhwgw%2Fs03%2Fed&ref=s03-pg191&tree=published_page
person,gnd-122269950,Watelet,published_page,page,s03-pg191,http://rs4.ethz.ch/dts/document/?resource=https%3A%2F%2Fexample.org%2Fdts%2Fcollections%2Fhwgw%2Fs03%2Fed&ref=s03-pg191&tree=published_page
person,gnd-118538969,Salomon Gessner,published_page,page,s03-pg191,http://rs4.ethz.ch/dts/document/?resource=https%3A%2F%2Fexample.org%2Fdts%2Fcollections%2Fhwgw%2Fs03%2Fed&ref=s03-pg191&tree=published_page
person,gnd-122269950,Claude-Henri Watelet,published_page,page,s03-pg191,http://rs4.ethz.ch/dts/document/?resource=https%3A%2F%2Fexample.org%2Fdts%2Fcollections%2Fhwgw%2Fs03%2Fed&ref=s03-pg191&tree=published_page
person,gnd-122269950,Watelet,published_page,page,s03-pg191,http://rs4.ethz.ch/dts/document/?resource=https%3A%2F%2Fexample.org%2Fdts%2Fcollections%2Fhwgw%2Fs03%2Fed&ref=s03-pg191&tree=published_page
object,object-Lndliches-Gehft-71,das ländliche Gehöft am Seeufer,published_page,page,s03-pg191,http://rs4.ethz.ch/dts/document/?resource=https%3A%2F%2Fexample.org%2Fdts%2Fcollections%2Fhwgw%2Fs03%2Fed&ref=s03-pg191&tree=published_page
person,gnd-118632477,Wieland,published_page,page,s03-pg191,http://rs4.ethz.ch/dts/document/?resource=https%3A%2F%2Fexample.org%2Fdts%2Fcollections%2Fhwgw%2Fs03%2Fed&ref=s03-pg191&tree=published_page
object,object-Lndliches-Gehft-71,dritte Blatt,published_page,page,s03-pg191,http://rs4.ethz.ch/dts/document/?resource=https%3A%2F%2Fexample.org%2Fdts%2Fcollections%2Fhwgw%2Fs03%2Fed&ref=s03-pg191&tree=published_page
person,gnd-118538969,Geßner,published_page,page,s03-pg191,http://rs4.ethz.ch/dts/document/?resource=https%3A%2F%2Fexample.org%2Fdts%2Fcollections%2Fhwgw%2Fs03%2Fed&ref=s03-pg191&tree=published_page
person,gnd-118538969,Salomon Gessner,published_page,page,s03-pg191,http://rs4.ethz.ch/dts/document/?resource=https%3A%2F%2Fexample.org%2Fdts%2Fcollections%2Fhwgw%2Fs03%2Fed&ref=s03-pg191&tree=published_page
object,object-Lndliches-Gehft-71,Ländliches Gehöft mit offenem Holztor am Seeufer und Angler in der Fischerhütte {HW: Das ländliche Gehöft am Seeufer},published_page,page,s03-pg191,http://rs4.ethz.ch/dts/document/?resource=https%3A%2F%2Fexample.org%2Fdts%2Fcollections%2Fhwgw%2Fs03%2Fed&ref=s03-pg191&tree=published_page
person,gnd-118538969,Salomon Gessner,published_page,page,s03-pg191,http://rs4.ethz.ch/dts/document/?resource=https%3A%2F%2Fexample.org%2Fdts%2Fcollections%2Fhwgw%2Fs03%2Fed&ref=s03-pg191&tree=published_page
person,gnd-122269950,Claude-Henri Watelet,published_page,page,s03-pg191,http://rs4.ethz.ch/dts/document/?resource=https%3A%2F%2Fexample.org%2Fdts%2Fcollections%2Fhwgw%2Fs03%2Fed&ref=s03-pg191&tree=published_page
person,gnd-122269950,Watelet,published_page,page,s03-pg191,http://rs4.ethz.ch/dts/document/?resource=https%3A%2F%2Fexample.org%2Fdts%2Fcollections%2Fhwgw%2Fs03%2Fed&ref=s03-pg191&tree=published_page
person,gnd-118538969,Geßner,published_page,page,s03-pg191,http://rs4.ethz.ch/dts/document/?resource=https%3A%2F%2Fexample.org%2Fdts%2Fcollections%2Fhwgw%2Fs03%2Fed&ref=s03-pg191&tree=published_page
organisation,gnd-6146476-4,David Gessner Gebr.,published_page,page,s03-pg192,http://rs4.ethz.ch/dts/document/?resource=https%3A%2F%2Fexample.org%2Fdts%2Fcollections%2Fhwgw%2Fs03%2Fed&ref=s03-pg192&tree=published_page
person,gnd-118538969,Salomon Gessner,published_page,page,s03-pg192,http://rs4.ethz.ch/dts/document/?resource=https%3A%2F%2Fexample.org%2Fdts%2Fcollections%2Fhwgw%2Fs03%2Fed&ref=s03-pg192&tree=published_page
person,gnd-118629433,Waterloo,published_page,page,s03-pg192,http://rs4.ethz.ch/dts/document/?resource=https%3A%2F%2Fexample.org%2Fdts%2Fcollections%2Fhwgw%2Fs03%2Fed&ref=s03-pg192&tree=published_page
person,gnd-118538969,Geßner,published_page,page,s03-pg192,http://rs4.ethz.ch/dts/document/?resource=https%3A%2F%2Fexample.org%2Fdts%2Fcollections%2Fhwgw%2Fs03%2Fed&ref=s03-pg192&tree=published_page
object,object-Waldige-Landscha-75,Nr. 10,published_page,page,s03-pg192,http://rs4.ethz.ch/dts/document/?resource=https%3A%2F%2Fexample.org%2Fdts%2Fcollections%2Fhwgw%2Fs03%2Fed&ref=s03-pg192&tree=published_page
object,object-Baumreiche-Dorfl-76,12,published_page,page,s03-pg192,http://rs4.ethz.ch/dts/document/?resource=https%3A%2F%2Fexample.org%2Fdts%2Fcollections%2Fhwgw%2Fs03%2Fed&ref=s03-pg192&tree=published_page
object,object-Waldige-Landscha-75,Nr. 10,published_page,page,s03-pg192,http://rs4.ethz.ch/dts/document/?resource=https%3A%2F%2Fexample.org%2Fdts%2Fcollections%2Fhwgw%2Fs03%2Fed&ref=s03-pg192&tree=published_page
person,gnd-118538969,Geßner,published_page,page,s03-pg192,http://rs4.ethz.ch/dts/document/?resource=https%3A%2F%2Fexample.org%2Fdts%2Fcollections%2Fhwgw%2Fs03%2Fed&ref=s03-pg192&tree=published_page
person,gnd-118538969,Salomon Gessner,published_page,page,s03-pg192,http://rs4.ethz.ch/dts/document/?resource=https%3A%2F%2Fexample.org%2Fdts%2Fcollections%2Fhwgw%2Fs03%2Fed&ref=s03-pg192&tree=published_page
object,object-Waldige-Landscha-75,Waldige Landschaft mit Tempelgebäude und beim Fels vier badende Mädchen {HW: Landschaft},published_page,page,s03-pg192,http://rs4.ethz.ch/dts/document/?resource=https%3A%2F%2Fexample.org%2Fdts%2Fcollections%2Fhwgw%2Fs03%2Fed&ref=s03-pg192&tree=published_page
person,gnd-118538969,Salomon Gessner,published_page,page,s03-pg192,http://rs4.ethz.ch/dts/document/?resource=https%3A%2F%2Fexample.org%2Fdts%2Fcollections%2Fhwgw%2Fs03%2Fed&ref=s03-pg192&tree=published_page
organisation,gnd-6146476-4,David Gessner Gebr.,published_page,page,s03-pg192,http://rs4.ethz.ch/dts/document/?resource=https%3A%2F%2Fexample.org%2Fdts%2Fcollections%2Fhwgw%2Fs03%2Fed&ref=s03-pg192&tree=published_page
person,gnd-118538969,Salomon Gessner,published_page,page,s03-pg192,http://rs4.ethz.ch/dts/document/?resource=https%3A%2F%2Fexample.org%2Fdts%2Fcollections%2Fhwgw%2Fs03%2Fed&ref=s03-pg192&tree=published_page
person,gnd-118634496,Wölfflins,published_page,page,s03-pg192,http://rs4.ethz.ch/dts/document/?resource=https%3A%2F%2Fexample.org%2Fdts%2Fcollections%2Fhwgw%2Fs03%2Fed&ref=s03-pg192&tree=published_page
person,gnd-118538969,Salomon Gessner,published_page,page,s03-pg192,http://rs4.ethz.ch/dts/document/?resource=https%3A%2F%2Fexample.org%2Fdts%2Fcollections%2Fhwgw%2Fs03%2Fed&ref=s03-pg192&tree=published_page
object,object-Baumreiche-Dorfl-76,Baumreiche Dorflandschaft mit zwei Schiffern im Kahn am Wasser {HW: Landschaft},published_page,page,s03-pg192,http://rs4.ethz.ch/dts/document/?resource=https%3A%2F%2Fexample.org%2Fdts%2Fcollections%2Fhwgw%2Fs03%2Fed&ref=s03-pg192&tree=published_page
person,gnd-118538969,Salomon Gessner,published_page,page,s03-pg192,http://rs4.ethz.ch/dts/document/?resource=https%3A%2F%2Fexample.org%2Fdts%2Fcollections%2Fhwgw%2Fs03%2Fed&ref=s03-pg192&tree=published_page
organisation,gnd-6146476-4,David Gessner Gebr.,published_page,page,s03-pg192,http://rs4.ethz.ch/dts/document/?resource=https%3A%2F%2Fexample.org%2Fdts%2Fcollections%2Fhwgw%2Fs03%2Fed&ref=s03-pg192&tree=published_page
person,gnd-118538969,Salomon Gessner,published_page,page,s03-pg192,http://rs4.ethz.ch/dts/document/?resource=https%3A%2F%2Fexample.org%2Fdts%2Fcollections%2Fhwgw%2Fs03%2Fed&ref=s03-pg192&tree=published_page
person,gnd-118634496,Wölfflins,published_page,page,s03-pg192,http://rs4.ethz.ch/dts/document/?resource=https%3A%2F%2Fexample.org%2Fdts%2Fcollections%2Fhwgw%2Fs03%2Fed&ref=s03-pg192&tree=published_page
person,gnd-118538969,Geßner,published_page,page,s03-pg192,http://rs4.ethz.ch/dts/document/?resource=https%3A%2F%2Fexample.org%2Fdts%2Fcollections%2Fhwgw%2Fs03%2Fed&ref=s03-pg192&tree=published_page
object,object-Baumreiche-Dorfl-76,Nr. 12,published_page,page,s03-pg192,http://rs4.ethz.ch/dts/document/?resource=https%3A%2F%2Fexample.org%2Fdts%2Fcollections%2Fhwgw%2Fs03%2Fed&ref=s03-pg192&tree=published_page
person,gnd-118746324,Chr. E. Dietrich (Dietricy),published_page,page,s03-pg192,http://rs4.ethz.ch/dts/document/?resource=https%3A%2F%2Fexample.org%2Fdts%2Fcollections%2Fhwgw%2Fs03%2Fed&ref=s03-pg192&tree=published_page
person,gnd-118746324,Dietrich,published_page,page,s03-pg192,http://rs4.ethz.ch/dts/document/?resource=https%3A%2F%2Fexample.org%2Fdts%2Fcollections%2Fhwgw%2Fs03%2Fed&ref=s03-pg192&tree=published_page
object,object-Baumreiche-Dorfl-76,diesem Blatt,published_page,page,s03-pg192,http://rs4.ethz.ch/dts/document/?resource=https%3A%2F%2Fexample.org%2Fdts%2Fcollections%2Fhwgw%2Fs03%2Fed&ref=s03-pg192&tree=published_page
person,gnd-118746324,Dietrichschen,published_page,page,s03-pg192,http://rs4.ethz.ch/dts/document/?resource=https%3A%2F%2Fexample.org%2Fdts%2Fcollections%2Fhwgw%2Fs03%2Fed&ref=s03-pg192&tree=published_page
object,object-Die-Fischerhutte-23,1744,published_page,page,s03-pg192,http://rs4.ethz.ch/dts/document/?resource=https%3A%2F%2Fexample.org%2Fdts%2Fcollections%2Fhwgw%2Fs03%2Fed&ref=s03-pg192&tree=published_page
object,object-Der-Weg-hinter-d-24,1745,published_page,page,s03-pg192,http://rs4.ethz.ch/dts/document/?resource=https%3A%2F%2Fexample.org%2Fdts%2Fcollections%2Fhwgw%2Fs03%2Fed&ref=s03-pg192&tree=published_page
person,gnd-1052872204,Link,published_page,page,s03-pg192,http://rs4.ethz.ch/dts/document/?resource=https%3A%2F%2Fexample.org%2Fdts%2Fcollections%2Fhwgw%2Fs03%2Fed&ref=s03-pg192&tree=published_page
person,gnd-118746324,Christian Wilhelm Ernst Dietrich,published_page,page,s03-pg192,http://rs4.ethz.ch/dts/document/?resource=https%3A%2F%2Fexample.org%2Fdts%2Fcollections%2Fhwgw%2Fs03%2Fed&ref=s03-pg192&tree=published_page
object,object-Die-Fischerhutte-23,Die Fischerhütten am Wasser,published_page,page,s03-pg192,http://rs4.ethz.ch/dts/document/?resource=https%3A%2F%2Fexample.org%2Fdts%2Fcollections%2Fhwgw%2Fs03%2Fed&ref=s03-pg192&tree=published_page
object,object-Der-Weg-hinter-d-24,Der Weg hinter dem Dorfe,published_page,page,s03-pg192,http://rs4.ethz.ch/dts/document/?resource=https%3A%2F%2Fexample.org%2Fdts%2Fcollections%2Fhwgw%2Fs03%2Fed&ref=s03-pg192&tree=published_page
person,gnd-172967678,Susanne Pollack,published_page,page,s03-pg192,http://rs4.ethz.ch/dts/document/?resource=https%3A%2F%2Fexample.org%2Fdts%2Fcollections%2Fhwgw%2Fs03%2Fed&ref=s03-pg192&tree=published_page
organisation,gnd-2079247-5,Graphische Sammlung ETH Zürich,published_page,page,s03-pg192,http://rs4.ethz.ch/dts/document/?resource=https%3A%2F%2Fexample.org%2Fdts%2Fcollections%2Fhwgw%2Fs03%2Fed&ref=s03-pg192&tree=published_page
person,gnd-1052872204,Linck,published_page,page,s03-pg192,http://rs4.ethz.ch/dts/document/?resource=https%3A%2F%2Fexample.org%2Fdts%2Fcollections%2Fhwgw%2Fs03%2Fed&ref=s03-pg192&tree=published_page
person,gnd-118538969,Geßner,published_page,page,s03-pg192,http://rs4.ethz.ch/dts/document/?resource=https%3A%2F%2Fexample.org%2Fdts%2Fcollections%2Fhwgw%2Fs03%2Fed&ref=s03-pg192&tree=published_page
person,gnd-118746324,Dietrich,published_page,page,s03-pg195,http://rs4.ethz.ch/dts/document/?resource=https%3A%2F%2Fexample.org%2Fdts%2Fcollections%2Fhwgw%2Fs03%2Fed&ref=s03-pg195&tree=published_page
person,gnd-118538969,Geßner,published_page,page,s03-pg195,http://rs4.ethz.ch/dts/document/?resource=https%3A%2F%2Fexample.org%2Fdts%2Fcollections%2Fhwgw%2Fs03%2Fed&ref=s03-pg195&tree=published_page
person,gnd-118538969,Salomon Gessner,published_page,page,s03-pg195,http://rs4.ethz.ch/dts/document/?resource=https%3A%2F%2Fexample.org%2Fdts%2Fcollections%2Fhwgw%2Fs03%2Fed&ref=s03-pg195&tree=published_page
person,gnd-118538969,Salomon Gessner,published_page,page,s03-pg195,http://rs4.ethz.ch/dts/document/?resource=https%3A%2F%2Fexample.org%2Fdts%2Fcollections%2Fhwgw%2Fs03%2Fed&ref=s03-pg195&tree=published_page
organisation,gnd-5190670-3,"Orell, Gessner, Füssli & Comp.",published_page,page,s03-pg195,http://rs4.ethz.ch/dts/document/?resource=https%3A%2F%2Fexample.org%2Fdts%2Fcollections%2Fhwgw%2Fs03%2Fed&ref=s03-pg195&tree=published_page
person,gnd-118538969,Geßner,published_page,page,s03-pg195,http://rs4.ethz.ch/dts/document/?resource=https%3A%2F%2Fexample.org%2Fdts%2Fcollections%2Fhwgw%2Fs03%2Fed&ref=s03-pg195&tree=published_page
person,gnd-118538969,Geßners,published_page,page,s03-pg195,http://rs4.ethz.ch/dts/document/?resource=https%3A%2F%2Fexample.org%2Fdts%2Fcollections%2Fhwgw%2Fs03%2Fed&ref=s03-pg195&tree=published_page
person,gnd-118538969,Geßner,published_page,page,s03-pg195,http://rs4.ethz.ch/dts/document/?resource=https%3A%2F%2Fexample.org%2Fdts%2Fcollections%2Fhwgw%2Fs03%2Fed&ref=s03-pg195&tree=published_page
object,object-Ein-Mdchen-bring-79,vier Mädchen am Wasser,published_page,page,s03-pg195,http://rs4.ethz.ch/dts/document/?resource=https%3A%2F%2Fexample.org%2Fdts%2Fcollections%2Fhwgw%2Fs03%2Fed&ref=s03-pg195&tree=published_page
person,gnd-118697773,Herman Grimms,published_page,page,s03-pg195,http://rs4.ethz.ch/dts/document/?resource=https%3A%2F%2Fexample.org%2Fdts%2Fcollections%2Fhwgw%2Fs03%2Fed&ref=s03-pg195&tree=published_page
person,gnd-118538969,Gessner,published_page,page,s03-pg195,http://rs4.ethz.ch/dts/document/?resource=https%3A%2F%2Fexample.org%2Fdts%2Fcollections%2Fhwgw%2Fs03%2Fed&ref=s03-pg195&tree=published_page
person,gnd-118597787,Raphael’s,published_page,page,s03-pg195,http://rs4.ethz.ch/dts/document/?resource=https%3A%2F%2Fexample.org%2Fdts%2Fcollections%2Fhwgw%2Fs03%2Fed&ref=s03-pg195&tree=published_page
object,gnd-4251095-8,Villa della Farnesina,published_page,page,s03-pg195,http://rs4.ethz.ch/dts/document/?resource=https%3A%2F%2Fexample.org%2Fdts%2Fcollections%2Fhwgw%2Fs03%2Fed&ref=s03-pg195&tree=published_page
place,gnd-4050471-2,Rom,published_page,page,s03-pg195,http://rs4.ethz.ch/dts/document/?resource=https%3A%2F%2Fexample.org%2Fdts%2Fcollections%2Fhwgw%2Fs03%2Fed&ref=s03-pg195&tree=published_page
person,gnd-118597787,Raffael,published_page,page,s03-pg195,http://rs4.ethz.ch/dts/document/?resource=https%3A%2F%2Fexample.org%2Fdts%2Fcollections%2Fhwgw%2Fs03%2Fed&ref=s03-pg195&tree=published_page
person,gnd-118697773,Grimm,published_page,page,s03-pg195,http://rs4.ethz.ch/dts/document/?resource=https%3A%2F%2Fexample.org%2Fdts%2Fcollections%2Fhwgw%2Fs03%2Fed&ref=s03-pg195&tree=published_page
person,gnd-118538969,Geßner’s,published_page,page,s03-pg195,http://rs4.ethz.ch/dts/document/?resource=https%3A%2F%2Fexample.org%2Fdts%2Fcollections%2Fhwgw%2Fs03%2Fed&ref=s03-pg195&tree=published_page
person,gnd-118538969,Geßner,published_page,page,s03-pg195,http://rs4.ethz.ch/dts/document/?resource=https%3A%2F%2Fexample.org%2Fdts%2Fcollections%2Fhwgw%2Fs03%2Fed&ref=s03-pg195&tree=published_page
object,object-Ein-fltender-Amo-80,zwei Mädchen und Amor am Brunnen,published_page,page,s03-pg195,http://rs4.ethz.ch/dts/document/?resource=https%3A%2F%2Fexample.org%2Fdts%2Fcollections%2Fhwgw%2Fs03%2Fed&ref=s03-pg195&tree=published_page
object,object-Ein-Figurenhndle-81,"Mädchen, denen Liebesgötter zum Kauf angeboten werden",published_page,page,s03-pg195,http://rs4.ethz.ch/dts/document/?resource=https%3A%2F%2Fexample.org%2Fdts%2Fcollections%2Fhwgw%2Fs03%2Fed&ref=s03-pg195&tree=published_page
object,object-Amor-besucht-ein-85,"Mädchen im Garten, wo ein nackter Amor‑Knabe im Gebüsche steht",published_page,page,s03-pg195,http://rs4.ethz.ch/dts/document/?resource=https%3A%2F%2Fexample.org%2Fdts%2Fcollections%2Fhwgw%2Fs03%2Fed&ref=s03-pg195&tree=published_page
person,gnd-118538969,Salomon Gessner,published_page,page,s03-pg195,http://rs4.ethz.ch/dts/document/?resource=https%3A%2F%2Fexample.org%2Fdts%2Fcollections%2Fhwgw%2Fs03%2Fed&ref=s03-pg195&tree=published_page
person,gnd-118538969,Salomon Gessner,published_page,page,s03-pg195,http://rs4.ethz.ch/dts/document/?resource=https%3A%2F%2Fexample.org%2Fdts%2Fcollections%2Fhwgw%2Fs03%2Fed&ref=s03-pg195&tree=published_page
organisation,gnd-5190670-3,"Orell, Gessner, Füssli & Comp.",published_page,page,s03-pg195,http://rs4.ethz.ch/dts/document/?resource=https%3A%2F%2Fexample.org%2Fdts%2Fcollections%2Fhwgw%2Fs03%2Fed&ref=s03-pg195&tree=published_page
object,object-Ein-fltender-Amo-80,Ein flötender Amor besucht drei Mädchen am Brunnen im Walde,published_page,page,s03-pg195,http://rs4.ethz.ch/dts/document/?resource=https%3A%2F%2Fexample.org%2Fdts%2Fcollections%2Fhwgw%2Fs03%2Fed&ref=s03-pg195&tree=published_page
object,object-Ein-Figurenhndle-81,Ein Figurenhändler beredet zwei Mädchen,published_page,page,s03-pg195,http://rs4.ethz.ch/dts/document/?resource=https%3A%2F%2Fexample.org%2Fdts%2Fcollections%2Fhwgw%2Fs03%2Fed&ref=s03-pg195&tree=published_page
object,object-Amor-besucht-ein-85,Amor besucht ein Mädchen mit Krug am Brunnen im Garten,published_page,page,s03-pg195,http://rs4.ethz.ch/dts/document/?resource=https%3A%2F%2Fexample.org%2Fdts%2Fcollections%2Fhwgw%2Fs03%2Fed&ref=s03-pg195&tree=published_page
object,object-Ein-Satyr-von-zw-77,Faunen,published_page,page,s03-pg195,http://rs4.ethz.ch/dts/document/?resource=https%3A%2F%2Fexample.org%2Fdts%2Fcollections%2Fhwgw%2Fs03%2Fed&ref=s03-pg195&tree=published_page
object,object-Der-Adler-sturzt-82,Ganymed,published_page,page,s03-pg195,http://rs4.ethz.ch/dts/document/?resource=https%3A%2F%2Fexample.org%2Fdts%2Fcollections%2Fhwgw%2Fs03%2Fed&ref=s03-pg195&tree=published_page
object,object-Leda-empfngt-den-83,Leda,published_page,page,s03-pg195,http://rs4.ethz.ch/dts/document/?resource=https%3A%2F%2Fexample.org%2Fdts%2Fcollections%2Fhwgw%2Fs03%2Fed&ref=s03-pg195&tree=published_page
object,object-Apoll-mit-Bogen-84,Apoll der Drachentöter,published_page,page,s03-pg195,http://rs4.ethz.ch/dts/document/?resource=https%3A%2F%2Fexample.org%2Fdts%2Fcollections%2Fhwgw%2Fs03%2Fed&ref=s03-pg195&tree=published_page
object,object-Der-schne-Hylas-86,Hylas,published_page,page,s03-pg195,http://rs4.ethz.ch/dts/document/?resource=https%3A%2F%2Fexample.org%2Fdts%2Fcollections%2Fhwgw%2Fs03%2Fed&ref=s03-pg195&tree=published_page
object,object-Leda-empfngt-den-83,Leda,published_page,page,s03-pg197,http://rs4.ethz.ch/dts/document/?resource=https%3A%2F%2Fexample.org%2Fdts%2Fcollections%2Fhwgw%2Fs03%2Fed&ref=s03-pg197&tree=published_page
object,object-Der-Adler-sturzt-82,Ganymed,published_page,page,s03-pg197,http://rs4.ethz.ch/dts/document/?resource=https%3A%2F%2Fexample.org%2Fdts%2Fcollections%2Fhwgw%2Fs03%2Fed&ref=s03-pg197&tree=published_page
object,object-Der-schne-Hylas-86,Sage von Hylas,published_page,page,s03-pg197,http://rs4.ethz.ch/dts/document/?resource=https%3A%2F%2Fexample.org%2Fdts%2Fcollections%2Fhwgw%2Fs03%2Fed&ref=s03-pg197&tree=published_page
person,gnd-118621769,Theokrit,published_page,page,s03-pg197,http://rs4.ethz.ch/dts/document/?resource=https%3A%2F%2Fexample.org%2Fdts%2Fcollections%2Fhwgw%2Fs03%2Fed&ref=s03-pg197&tree=published_page
person,gnd-118538969,Salomon Gessner,published_page,page,s03-pg197,http://rs4.ethz.ch/dts/document/?resource=https%3A%2F%2Fexample.org%2Fdts%2Fcollections%2Fhwgw%2Fs03%2Fed&ref=s03-pg197&tree=published_page
person,gnd-118538969,Salomon Gessner,published_page,page,s03-pg197,http://rs4.ethz.ch/dts/document/?resource=https%3A%2F%2Fexample.org%2Fdts%2Fcollections%2Fhwgw%2Fs03%2Fed&ref=s03-pg197&tree=published_page
organisation,gnd-5190670-3,"Orell, Gessner, Füssli & Comp.",published_page,page,s03-pg197,http://rs4.ethz.ch/dts/document/?resource=https%3A%2F%2Fexample.org%2Fdts%2Fcollections%2Fhwgw%2Fs03%2Fed&ref=s03-pg197&tree=published_page
object,object-Ein-Satyr-von-zw-77,"Ein Satyr, von zwei andern begleitet, trägt eine Nymphe auf dem Rücken durch das Wasser",published_page,page,s03-pg197,http://rs4.ethz.ch/dts/document/?resource=https%3A%2F%2Fexample.org%2Fdts%2Fcollections%2Fhwgw%2Fs03%2Fed&ref=s03-pg197&tree=published_page
object,object-Drei-schlafende-78,Drei schlafende Wassernymphen von einem Satyr beobachtet,published_page,page,s03-pg197,http://rs4.ethz.ch/dts/document/?resource=https%3A%2F%2Fexample.org%2Fdts%2Fcollections%2Fhwgw%2Fs03%2Fed&ref=s03-pg197&tree=published_page
object,object-Der-Adler-sturzt-82,"Der Adler stürzt sich auf Ganymed, in arkadischer Landschaft in Gewitterstimmung",published_page,page,s03-pg197,http://rs4.ethz.ch/dts/document/?resource=https%3A%2F%2Fexample.org%2Fdts%2Fcollections%2Fhwgw%2Fs03%2Fed&ref=s03-pg197&tree=published_page
object,object-Leda-empfngt-den-83,"Leda empfängt den Schwan, im Waldesdickicht bei einer Quelle",published_page,page,s03-pg197,http://rs4.ethz.ch/dts/document/?resource=https%3A%2F%2Fexample.org%2Fdts%2Fcollections%2Fhwgw%2Fs03%2Fed&ref=s03-pg197&tree=published_page
object,object-Apoll-mit-Bogen-84,Apoll mit Bogen im Walde bei dem getöteten Drachen,published_page,page,s03-pg197,http://rs4.ethz.ch/dts/document/?resource=https%3A%2F%2Fexample.org%2Fdts%2Fcollections%2Fhwgw%2Fs03%2Fed&ref=s03-pg197&tree=published_page
object,object-Der-schne-Hylas-86,"Der schöne Hylas wird von den Nymphen ins Wasser gezogen, in düsterer Baumlandschaft",published_page,page,s03-pg197,http://rs4.ethz.ch/dts/document/?resource=https%3A%2F%2Fexample.org%2Fdts%2Fcollections%2Fhwgw%2Fs03%2Fed&ref=s03-pg197&tree=published_page
person,gnd-118538969,Geßner,published_page,page,s03-pg197,http://rs4.ethz.ch/dts/document/?resource=https%3A%2F%2Fexample.org%2Fdts%2Fcollections%2Fhwgw%2Fs03%2Fed&ref=s03-pg197&tree=published_page
person,gnd-118538969,Geßner,published_page,page,s03-pg197,http://rs4.ethz.ch/dts/document/?resource=https%3A%2F%2Fexample.org%2Fdts%2Fcollections%2Fhwgw%2Fs03%2Fed&ref=s03-pg197&tree=published_page
object,object-Bacchus-und-sein-53,Götter beim Trinkgelage,published_page,page,s03-pg197,http://rs4.ethz.ch/dts/document/?resource=https%3A%2F%2Fexample.org%2Fdts%2Fcollections%2Fhwgw%2Fs03%2Fed&ref=s03-pg197&tree=published_page
object,object-Die-sehnende-Mel-56,Melida,published_page,page,s03-pg197,http://rs4.ethz.ch/dts/document/?resource=https%3A%2F%2Fexample.org%2Fdts%2Fcollections%2Fhwgw%2Fs03%2Fed&ref=s03-pg197&tree=published_page
person,gnd-118538969,Salomon Gessner,published_page,page,s03-pg197,http://rs4.ethz.ch/dts/document/?resource=https%3A%2F%2Fexample.org%2Fdts%2Fcollections%2Fhwgw%2Fs03%2Fed&ref=s03-pg197&tree=published_page
object,object-Ein-Mdchen-bring-79,"Ein Mädchen bringt einen Früchtekorb drei anderen, die unter einem Baume am Wasser sitzen {HW: Mädchen am Wasser}",published_page,page,s03-pg197,http://rs4.ethz.ch/dts/document/?resource=https%3A%2F%2Fexample.org%2Fdts%2Fcollections%2Fhwgw%2Fs03%2Fed&ref=s03-pg197&tree=published_page
person,gnd-118538969,Salomon Gessner,published_page,page,s03-pg197,http://rs4.ethz.ch/dts/document/?resource=https%3A%2F%2Fexample.org%2Fdts%2Fcollections%2Fhwgw%2Fs03%2Fed&ref=s03-pg197&tree=published_page
person,gnd-118538969,Salomon Gessner,published_page,page,s03-pg197,http://rs4.ethz.ch/dts/document/?resource=https%3A%2F%2Fexample.org%2Fdts%2Fcollections%2Fhwgw%2Fs03%2Fed&ref=s03-pg197&tree=published_page
organisation,gnd-5190670-3,"Orell, Gessner, Füssli & Comp.",published_page,page,s03-pg197,http://rs4.ethz.ch/dts/document/?resource=https%3A%2F%2Fexample.org%2Fdts%2Fcollections%2Fhwgw%2Fs03%2Fed&ref=s03-pg197&tree=published_page
person,gnd-118634496,Wölfflins,published_page,page,s03-pg197,http://rs4.ethz.ch/dts/document/?resource=https%3A%2F%2Fexample.org%2Fdts%2Fcollections%2Fhwgw%2Fs03%2Fed&ref=s03-pg197&tree=published_page
object,object-Der-erste-Schiff-58,Empfang des ersten Schiffers,published_page,page,s03-pg197,http://rs4.ethz.ch/dts/document/?resource=https%3A%2F%2Fexample.org%2Fdts%2Fcollections%2Fhwgw%2Fs03%2Fed&ref=s03-pg197&tree=published_page
object,object-Der-Greis-Menalk-61,Großvater mit dem Enkel,published_page,page,s03-pg197,http://rs4.ethz.ch/dts/document/?resource=https%3A%2F%2Fexample.org%2Fdts%2Fcollections%2Fhwgw%2Fs03%2Fed&ref=s03-pg197&tree=published_page
object,object-Der-Jungling-fis-60,Badende,published_page,page,s03-pg197,http://rs4.ethz.ch/dts/document/?resource=https%3A%2F%2Fexample.org%2Fdts%2Fcollections%2Fhwgw%2Fs03%2Fed&ref=s03-pg197&tree=published_page
object,object-Thyrsis-reicht-C-59,Mädchen,published_page,page,s03-pg197,http://rs4.ethz.ch/dts/document/?resource=https%3A%2F%2Fexample.org%2Fdts%2Fcollections%2Fhwgw%2Fs03%2Fed&ref=s03-pg197&tree=published_page
person,gnd-118538969,Salomon Gessner,published_page,page,s03-pg197,http://rs4.ethz.ch/dts/document/?resource=https%3A%2F%2Fexample.org%2Fdts%2Fcollections%2Fhwgw%2Fs03%2Fed&ref=s03-pg197&tree=published_page
object,object-Bacchus-und-sein-53,"Bacchus und sein Gefolge im Schatten der Laube, erzählend",published_page,page,s03-pg197,http://rs4.ethz.ch/dts/document/?resource=https%3A%2F%2Fexample.org%2Fdts%2Fcollections%2Fhwgw%2Fs03%2Fed&ref=s03-pg197&tree=published_page
object,object-Die-sehnende-Mel-56,Die sehnende Melida auf der einsamen Insel bei ihrer Schafherde,published_page,page,s03-pg197,http://rs4.ethz.ch/dts/document/?resource=https%3A%2F%2Fexample.org%2Fdts%2Fcollections%2Fhwgw%2Fs03%2Fed&ref=s03-pg197&tree=published_page
object,object-Der-erste-Schiff-58,Der erste Schiffer tritt in die Hütte der Semira und Melida,published_page,page,s03-pg197,http://rs4.ethz.ch/dts/document/?resource=https%3A%2F%2Fexample.org%2Fdts%2Fcollections%2Fhwgw%2Fs03%2Fed&ref=s03-pg197&tree=published_page
object,object-Der-Greis-Menalk-61,Der Greis Menalkas im Gespräche mit seinem Enkel Alexis,published_page,page,s03-pg197,http://rs4.ethz.ch/dts/document/?resource=https%3A%2F%2Fexample.org%2Fdts%2Fcollections%2Fhwgw%2Fs03%2Fed&ref=s03-pg197&tree=published_page
object,object-Der-Jungling-fis-60,Der Jüngling fischt den der Daphne entfallenen Blumenstrauss aus dem Wasser,published_page,page,s03-pg197,http://rs4.ethz.ch/dts/document/?resource=https%3A%2F%2Fexample.org%2Fdts%2Fcollections%2Fhwgw%2Fs03%2Fed&ref=s03-pg197&tree=published_page
object,object-Thyrsis-reicht-C-59,Thyrsis reicht Chloe die ihrem Körbchen entfallenen Äpfel,published_page,page,s03-pg197,http://rs4.ethz.ch/dts/document/?resource=https%3A%2F%2Fexample.org%2Fdts%2Fcollections%2Fhwgw%2Fs03%2Fed&ref=s03-pg197&tree=published_page
person,gnd-118525263,Diderots,published_page,page,s03-pg197,http://rs4.ethz.ch/dts/document/?resource=https%3A%2F%2Fexample.org%2Fdts%2Fcollections%2Fhwgw%2Fs03%2Fed&ref=s03-pg197&tree=published_page
person,gnd-118538969,Geßner,published_page,page,s03-pg197,http://rs4.ethz.ch/dts/document/?resource=https%3A%2F%2Fexample.org%2Fdts%2Fcollections%2Fhwgw%2Fs03%2Fed&ref=s03-pg197&tree=published_page
person,gnd-118538969,Geßner,published_page,page,s03-pg197,http://rs4.ethz.ch/dts/document/?resource=https%3A%2F%2Fexample.org%2Fdts%2Fcollections%2Fhwgw%2Fs03%2Fed&ref=s03-pg197&tree=published_page
person,gnd-118597787,Raffael,published_page,page,s03-pg197,http://rs4.ethz.ch/dts/document/?resource=https%3A%2F%2Fexample.org%2Fdts%2Fcollections%2Fhwgw%2Fs03%2Fed&ref=s03-pg197&tree=published_page
person,gnd-117752266,Fuesslin,published_page,page,s03-pg197,http://rs4.ethz.ch/dts/document/?resource=https%3A%2F%2Fexample.org%2Fdts%2Fcollections%2Fhwgw%2Fs03%2Fed&ref=s03-pg197&tree=published_page
person,gnd-118538969,Geßner,published_page,page,s03-pg197,http://rs4.ethz.ch/dts/document/?resource=https%3A%2F%2Fexample.org%2Fdts%2Fcollections%2Fhwgw%2Fs03%2Fed&ref=s03-pg197&tree=published_page
person,gnd-118538969,Geßners,published_page,page,s03-pg198,http://rs4.ethz.ch/dts/document/?resource=https%3A%2F%2Fexample.org%2Fdts%2Fcollections%2Fhwgw%2Fs03%2Fed&ref=s03-pg198&tree=published_page
person,gnd-118538969,Geßners,published_page,page,s03-pg198,http://rs4.ethz.ch/dts/document/?resource=https%3A%2F%2Fexample.org%2Fdts%2Fcollections%2Fhwgw%2Fs03%2Fed&ref=s03-pg198&tree=published_page
person,gnd-118550365,Heß,published_page,page,s03-pg198,http://rs4.ethz.ch/dts/document/?resource=https%3A%2F%2Fexample.org%2Fdts%2Fcollections%2Fhwgw%2Fs03%2Fed&ref=s03-pg198&tree=published_page
person,gnd-138829217,Wüst,published_page,page,s03-pg198,http://rs4.ethz.ch/dts/document/?resource=https%3A%2F%2Fexample.org%2Fdts%2Fcollections%2Fhwgw%2Fs03%2Fed&ref=s03-pg198&tree=published_page
person,gnd-118581899,J.H. Meyer,published_page,page,s03-pg198,http://rs4.ethz.ch/dts/document/?resource=https%3A%2F%2Fexample.org%2Fdts%2Fcollections%2Fhwgw%2Fs03%2Fed&ref=s03-pg198&tree=published_page
person,gnd-118550365,Ludwig Hess,published_page,page,s03-pg198,http://rs4.ethz.ch/dts/document/?resource=https%3A%2F%2Fexample.org%2Fdts%2Fcollections%2Fhwgw%2Fs03%2Fed&ref=s03-pg198&tree=published_page
person,gnd-138829217,Heinrich Wüest,published_page,page,s03-pg198,http://rs4.ethz.ch/dts/document/?resource=https%3A%2F%2Fexample.org%2Fdts%2Fcollections%2Fhwgw%2Fs03%2Fed&ref=s03-pg198&tree=published_page
person,gnd-118581899,Johann Heinrich Meyer,published_page,page,s03-pg198,http://rs4.ethz.ch/dts/document/?resource=https%3A%2F%2Fexample.org%2Fdts%2Fcollections%2Fhwgw%2Fs03%2Fed&ref=s03-pg198&tree=published_page
place,gnd-4021881-8,Graubünden,published_page,page,s03-pg198,http://rs4.ethz.ch/dts/document/?resource=https%3A%2F%2Fexample.org%2Fdts%2Fcollections%2Fhwgw%2Fs03%2Fed&ref=s03-pg198&tree=published_page
place,gnd-4064466-2,Wallis,published_page,page,s03-pg198,http://rs4.ethz.ch/dts/document/?resource=https%3A%2F%2Fexample.org%2Fdts%2Fcollections%2Fhwgw%2Fs03%2Fed&ref=s03-pg198&tree=published_page
place,gnd-4021141-1,Glarus,published_page,page,s03-pg198,http://rs4.ethz.ch/dts/document/?resource=https%3A%2F%2Fexample.org%2Fdts%2Fcollections%2Fhwgw%2Fs03%2Fed&ref=s03-pg198&tree=published_page
person,gnd-118538969,Geßners,published_page,page,s03-pg198,http://rs4.ethz.ch/dts/document/?resource=https%3A%2F%2Fexample.org%2Fdts%2Fcollections%2Fhwgw%2Fs03%2Fed&ref=s03-pg198&tree=published_page
place,gnd-4074335-4,London,published_page,page,s03-pg198,http://rs4.ethz.ch/dts/document/?resource=https%3A%2F%2Fexample.org%2Fdts%2Fcollections%2Fhwgw%2Fs03%2Fed&ref=s03-pg198&tree=published_page
place,gnd-4267026-3,Petersburg,published_page,page,s03-pg198,http://rs4.ethz.ch/dts/document/?resource=https%3A%2F%2Fexample.org%2Fdts%2Fcollections%2Fhwgw%2Fs03%2Fed&ref=s03-pg198&tree=published_page
place,gnd-4044660-8,Paris,published_page,page,s03-pg198,http://rs4.ethz.ch/dts/document/?resource=https%3A%2F%2Fexample.org%2Fdts%2Fcollections%2Fhwgw%2Fs03%2Fed&ref=s03-pg198&tree=published_page
person,gnd-128624280,Königin von England,published_page,page,s03-pg198,http://rs4.ethz.ch/dts/document/?resource=https%3A%2F%2Fexample.org%2Fdts%2Fcollections%2Fhwgw%2Fs03%2Fed&ref=s03-pg198&tree=published_page
person,gnd-118560565,Katharina II.,published_page,page,s03-pg198,http://rs4.ethz.ch/dts/document/?resource=https%3A%2F%2Fexample.org%2Fdts%2Fcollections%2Fhwgw%2Fs03%2Fed&ref=s03-pg198&tree=published_page
person,gnd-11933075X,Witwe,published_page,page,s03-pg198,http://rs4.ethz.ch/dts/document/?resource=https%3A%2F%2Fexample.org%2Fdts%2Fcollections%2Fhwgw%2Fs03%2Fed&ref=s03-pg198&tree=published_page
person,gnd-118739549,Pauls I.,published_page,page,s03-pg198,http://rs4.ethz.ch/dts/document/?resource=https%3A%2F%2Fexample.org%2Fdts%2Fcollections%2Fhwgw%2Fs03%2Fed&ref=s03-pg198&tree=published_page
person,gnd-118560166,Markgraf von Baden,published_page,page,s03-pg198,http://rs4.ethz.ch/dts/document/?resource=https%3A%2F%2Fexample.org%2Fdts%2Fcollections%2Fhwgw%2Fs03%2Fed&ref=s03-pg198&tree=published_page
place,gnd-4008065-1,Braunschweig,published_page,page,s03-pg198,http://rs4.ethz.ch/dts/document/?resource=https%3A%2F%2Fexample.org%2Fdts%2Fcollections%2Fhwgw%2Fs03%2Fed&ref=s03-pg198&tree=published_page
place,gnd-4065105-8,Weimar,published_page,page,s03-pg198,http://rs4.ethz.ch/dts/document/?resource=https%3A%2F%2Fexample.org%2Fdts%2Fcollections%2Fhwgw%2Fs03%2Fed&ref=s03-pg198&tree=published_page
person,gnd-118721224,Angelika Kaufmann,published_page,page,s03-pg198,http://rs4.ethz.ch/dts/document/?resource=https%3A%2F%2Fexample.org%2Fdts%2Fcollections%2Fhwgw%2Fs03%2Fed&ref=s03-pg198&tree=published_page
place,gnd-4074335-4,London,published_page,page,s03-pg198,http://rs4.ethz.ch/dts/document/?resource=https%3A%2F%2Fexample.org%2Fdts%2Fcollections%2Fhwgw%2Fs03%2Fed&ref=s03-pg198&tree=published_page
person,gnd-128624280,Charlotte Sophia,published_page,page,s03-pg198,http://rs4.ethz.ch/dts/document/?resource=https%3A%2F%2Fexample.org%2Fdts%2Fcollections%2Fhwgw%2Fs03%2Fed&ref=s03-pg198&tree=published_page
person,gnd-118560565,Katharina II. von Russland,published_page,page,s03-pg198,http://rs4.ethz.ch/dts/document/?resource=https%3A%2F%2Fexample.org%2Fdts%2Fcollections%2Fhwgw%2Fs03%2Fed&ref=s03-pg198&tree=published_page
person,gnd-11933075X,Maria von Russland,published_page,page,s03-pg198,http://rs4.ethz.ch/dts/document/?resource=https%3A%2F%2Fexample.org%2Fdts%2Fcollections%2Fhwgw%2Fs03%2Fed&ref=s03-pg198&tree=published_page
person,gnd-118560166,Karl Friedrich von Baden,published_page,page,s03-pg198,http://rs4.ethz.ch/dts/document/?resource=https%3A%2F%2Fexample.org%2Fdts%2Fcollections%2Fhwgw%2Fs03%2Fed&ref=s03-pg198&tree=published_page
place,gnd-4053881-3,Schweiz,published_page,page,s03-pg198,http://rs4.ethz.ch/dts/document/?resource=https%3A%2F%2Fexample.org%2Fdts%2Fcollections%2Fhwgw%2Fs03%2Fed&ref=s03-pg198&tree=published_page
person,gnd-118538969,Geßner,published_page,page,s03-pg198,http://rs4.ethz.ch/dts/document/?resource=https%3A%2F%2Fexample.org%2Fdts%2Fcollections%2Fhwgw%2Fs03%2Fed&ref=s03-pg198&tree=published_page
place,gnd-1211198634,Künstlergütli,published_page,page,s03-pg198,http://rs4.ethz.ch/dts/document/?resource=https%3A%2F%2Fexample.org%2Fdts%2Fcollections%2Fhwgw%2Fs03%2Fed&ref=s03-pg198&tree=published_page
place,gnd-4068038-1,Zürich,published_page,page,s03-pg198,http://rs4.ethz.ch/dts/document/?resource=https%3A%2F%2Fexample.org%2Fdts%2Fcollections%2Fhwgw%2Fs03%2Fed&ref=s03-pg198&tree=published_page
place,gnd-1211198634,Künstlergütli,published_page,page,s03-pg199,http://rs4.ethz.ch/dts/document/?resource=https%3A%2F%2Fexample.org%2Fdts%2Fcollections%2Fhwgw%2Fs03%2Fed&ref=s03-pg199&tree=published_page
place,gnd-4068038-1,Zürich,published_page,page,s03-pg199,http://rs4.ethz.ch/dts/document/?resource=https%3A%2F%2Fexample.org%2Fdts%2Fcollections%2Fhwgw%2Fs03%2Fed&ref=s03-pg199&tree=published_page
person,gnd-116847638,W. Füßli,published_page,page,s03-pg199,http://rs4.ethz.ch/dts/document/?resource=https%3A%2F%2Fexample.org%2Fdts%2Fcollections%2Fhwgw%2Fs03%2Fed&ref=s03-pg199&tree=published_page
person,gnd-118538969,Geßner,published_page,page,s03-pg199,http://rs4.ethz.ch/dts/document/?resource=https%3A%2F%2Fexample.org%2Fdts%2Fcollections%2Fhwgw%2Fs03%2Fed&ref=s03-pg199&tree=published_page
person,gnd-118697765,Grimm,published_page,page,s03-pg199,http://rs4.ethz.ch/dts/document/?resource=https%3A%2F%2Fexample.org%2Fdts%2Fcollections%2Fhwgw%2Fs03%2Fed&ref=s03-pg199&tree=published_page
person,gnd-122269950,Watelet,published_page,page,s03-pg199,http://rs4.ethz.ch/dts/document/?resource=https%3A%2F%2Fexample.org%2Fdts%2Fcollections%2Fhwgw%2Fs03%2Fed&ref=s03-pg199&tree=published_page
person,gnd-118697765,Grimm,published_page,page,s03-pg199,http://rs4.ethz.ch/dts/document/?resource=https%3A%2F%2Fexample.org%2Fdts%2Fcollections%2Fhwgw%2Fs03%2Fed&ref=s03-pg199&tree=published_page
person,gnd-118538969,Geßner,published_page,page,s03-pg199,http://rs4.ethz.ch/dts/document/?resource=https%3A%2F%2Fexample.org%2Fdts%2Fcollections%2Fhwgw%2Fs03%2Fed&ref=s03-pg199&tree=published_page
person,gnd-122269950,Watelet,published_page,page,s03-pg199,http://rs4.ethz.ch/dts/document/?resource=https%3A%2F%2Fexample.org%2Fdts%2Fcollections%2Fhwgw%2Fs03%2Fed&ref=s03-pg199&tree=published_page
person,gnd-122269950,Watelet,published_page,page,s03-pg199,http://rs4.ethz.ch/dts/document/?resource=https%3A%2F%2Fexample.org%2Fdts%2Fcollections%2Fhwgw%2Fs03%2Fed&ref=s03-pg199&tree=published_page
person,gnd-118697765,Grimm,published_page,page,s03-pg199,http://rs4.ethz.ch/dts/document/?resource=https%3A%2F%2Fexample.org%2Fdts%2Fcollections%2Fhwgw%2Fs03%2Fed&ref=s03-pg199&tree=published_page
person,gnd-118538969,Geßner,published_page,page,s03-pg199,http://rs4.ethz.ch/dts/document/?resource=https%3A%2F%2Fexample.org%2Fdts%2Fcollections%2Fhwgw%2Fs03%2Fed&ref=s03-pg199&tree=published_page
person,gnd-118697765,Grimm,published_page,page,s03-pg199,http://rs4.ethz.ch/dts/document/?resource=https%3A%2F%2Fexample.org%2Fdts%2Fcollections%2Fhwgw%2Fs03%2Fed&ref=s03-pg199&tree=published_page
place,gnd-4068038-1,Zürich,published_page,page,s03-pg199,http://rs4.ethz.ch/dts/document/?resource=https%3A%2F%2Fexample.org%2Fdts%2Fcollections%2Fhwgw%2Fs03%2Fed&ref=s03-pg199&tree=published_page
person,gnd-11701348X,Hottinger,published_page,page,s03-pg199,http://rs4.ethz.ch/dts/document/?resource=https%3A%2F%2Fexample.org%2Fdts%2Fcollections%2Fhwgw%2Fs03%2Fed&ref=s03-pg199&tree=published_page
person,gnd-118538969,Geßner,published_page,page,s03-pg199,http://rs4.ethz.ch/dts/document/?resource=https%3A%2F%2Fexample.org%2Fdts%2Fcollections%2Fhwgw%2Fs03%2Fed&ref=s03-pg199&tree=published_page
person,gnd-118564781,W. Kolbes,published_page,page,s03-pg199,http://rs4.ethz.ch/dts/document/?resource=https%3A%2F%2Fexample.org%2Fdts%2Fcollections%2Fhwgw%2Fs03%2Fed&ref=s03-pg199&tree=published_page
person,gnd-118538969,Geßner,published_page,page,s03-pg200,http://rs4.ethz.ch/dts/document/?resource=https%3A%2F%2Fexample.org%2Fdts%2Fcollections%2Fhwgw%2Fs03%2Fed&ref=s03-pg200&tree=published_page
object,object-Die-Wasserfahrt-11,Bild,published_page,page,s03-pg200,http://rs4.ethz.ch/dts/document/?resource=https%3A%2F%2Fexample.org%2Fdts%2Fcollections%2Fhwgw%2Fs03%2Fed&ref=s03-pg200&tree=published_page
person,gnd-117752266,Fuesslin,published_page,page,s03-pg200,http://rs4.ethz.ch/dts/document/?resource=https%3A%2F%2Fexample.org%2Fdts%2Fcollections%2Fhwgw%2Fs03%2Fed&ref=s03-pg200&tree=published_page
person,gnd-118538969,Geßner,published_page,page,s03-pg200,http://rs4.ethz.ch/dts/document/?resource=https%3A%2F%2Fexample.org%2Fdts%2Fcollections%2Fhwgw%2Fs03%2Fed&ref=s03-pg200&tree=published_page
person,gnd-118564781,Carl Wilhelm Kolbe der Ältere,published_page,page,s03-pg200,http://rs4.ethz.ch/dts/document/?resource=https%3A%2F%2Fexample.org%2Fdts%2Fcollections%2Fhwgw%2Fs03%2Fed&ref=s03-pg200&tree=published_page
person,gnd-118538969,Salomon Gessner,published_page,page,s03-pg200,http://rs4.ethz.ch/dts/document/?resource=https%3A%2F%2Fexample.org%2Fdts%2Fcollections%2Fhwgw%2Fs03%2Fed&ref=s03-pg200&tree=published_page
object,object-La-promenade-sur-26,La promenade sur l’eau {HW: Die Wasserfahrt},published_page,page,s03-pg200,http://rs4.ethz.ch/dts/document/?resource=https%3A%2F%2Fexample.org%2Fdts%2Fcollections%2Fhwgw%2Fs03%2Fed&ref=s03-pg200&tree=published_page
person,gnd-118538969,Salomon Gessner,published_page,page,s03-pg200,http://rs4.ethz.ch/dts/document/?resource=https%3A%2F%2Fexample.org%2Fdts%2Fcollections%2Fhwgw%2Fs03%2Fed&ref=s03-pg200&tree=published_page
person,gnd-118564781,Guil. Kolbe,published_page,page,s03-pg200,http://rs4.ethz.ch/dts/document/?resource=https%3A%2F%2Fexample.org%2Fdts%2Fcollections%2Fhwgw%2Fs03%2Fed&ref=s03-pg200&tree=published_page
person,gnd-118634496,Wölfflins,published_page,page,s03-pg200,http://rs4.ethz.ch/dts/document/?resource=https%3A%2F%2Fexample.org%2Fdts%2Fcollections%2Fhwgw%2Fs03%2Fed&ref=s03-pg200&tree=published_page
person,gnd-118538969,Salomon Gessner,published_page,page,s03-pg200,http://rs4.ethz.ch/dts/document/?resource=https%3A%2F%2Fexample.org%2Fdts%2Fcollections%2Fhwgw%2Fs03%2Fed&ref=s03-pg200&tree=published_page
object,object-Die-Wasserfahrt-11,Die Wasserfahrt,published_page,page,s03-pg200,http://rs4.ethz.ch/dts/document/?resource=https%3A%2F%2Fexample.org%2Fdts%2Fcollections%2Fhwgw%2Fs03%2Fed&ref=s03-pg200&tree=published_page
organisation,gnd-2016862-7,Kunsthaus Zürich,published_page,page,s03-pg200,http://rs4.ethz.ch/dts/document/?resource=https%3A%2F%2Fexample.org%2Fdts%2Fcollections%2Fhwgw%2Fs03%2Fed&ref=s03-pg200&tree=published_page
organisation,gnd-2082266-2,Grafische Sammlung,published_page,page,s03-pg200,http://rs4.ethz.ch/dts/document/?resource=https%3A%2F%2Fexample.org%2Fdts%2Fcollections%2Fhwgw%2Fs03%2Fed&ref=s03-pg200&tree=published_page
person,gnd-11855333X,Homers,published_page,page,s03-pg200,http://rs4.ethz.ch/dts/document/?resource=https%3A%2F%2Fexample.org%2Fdts%2Fcollections%2Fhwgw%2Fs03%2Fed&ref=s03-pg200&tree=published_page
person,gnd-118538969,Geßner,published_page,page,s03-pg200,http://rs4.ethz.ch/dts/document/?resource=https%3A%2F%2Fexample.org%2Fdts%2Fcollections%2Fhwgw%2Fs03%2Fed&ref=s03-pg200&tree=published_page
person,gnd-118634496,Wölfflin,published_page,page,s03-pg200,http://rs4.ethz.ch/dts/document/?resource=https%3A%2F%2Fexample.org%2Fdts%2Fcollections%2Fhwgw%2Fs03%2Fed&ref=s03-pg200&tree=published_page
person,gnd-117752266,Fuesslin,published_page,page,s03-pg200,http://rs4.ethz.ch/dts/document/?resource=https%3A%2F%2Fexample.org%2Fdts%2Fcollections%2Fhwgw%2Fs03%2Fed&ref=s03-pg200&tree=published_page
person,gnd-118538969,Geßner,published_page,page,s03-pg200,http://rs4.ethz.ch/dts/document/?resource=https%3A%2F%2Fexample.org%2Fdts%2Fcollections%2Fhwgw%2Fs03%2Fed&ref=s03-pg200&tree=published_page
person,gnd-118538969,Salomon Gessner,published_page,page,s03-pg200,http://rs4.ethz.ch/dts/document/?resource=https%3A%2F%2Fexample.org%2Fdts%2Fcollections%2Fhwgw%2Fs03%2Fed&ref=s03-pg200&tree=published_page
object,object-Gegend-im-Wallis-12,Gegend im Wallis I,published_page,page,s03-pg200,http://rs4.ethz.ch/dts/document/?resource=https%3A%2F%2Fexample.org%2Fdts%2Fcollections%2Fhwgw%2Fs03%2Fed&ref=s03-pg200&tree=published_page
organisation,gnd-2016862-7,Kunsthaus Zürich,published_page,page,s03-pg200,http://rs4.ethz.ch/dts/document/?resource=https%3A%2F%2Fexample.org%2Fdts%2Fcollections%2Fhwgw%2Fs03%2Fed&ref=s03-pg200&tree=published_page
organisation,gnd-2082266-2,Grafische Sammlung,published_page,page,s03-pg200,http://rs4.ethz.ch/dts/document/?resource=https%3A%2F%2Fexample.org%2Fdts%2Fcollections%2Fhwgw%2Fs03%2Fed&ref=s03-pg200&tree=published_page
object,object-Gegend-im-Wallis-13,Gegend im Wallis II,published_page,page,s03-pg200,http://rs4.ethz.ch/dts/document/?resource=https%3A%2F%2Fexample.org%2Fdts%2Fcollections%2Fhwgw%2Fs03%2Fed&ref=s03-pg200&tree=published_page
organisation,gnd-2016862-7,Kunsthaus Zürich,published_page,page,s03-pg200,http://rs4.ethz.ch/dts/document/?resource=https%3A%2F%2Fexample.org%2Fdts%2Fcollections%2Fhwgw%2Fs03%2Fed&ref=s03-pg200&tree=published_page
organisation,gnd-2082266-2,Grafische Sammlung,published_page,page,s03-pg200,http://rs4.ethz.ch/dts/document/?resource=https%3A%2F%2Fexample.org%2Fdts%2Fcollections%2Fhwgw%2Fs03%2Fed&ref=s03-pg200&tree=published_page
object,object-Daphne-14,Daphne,published_page,page,s03-pg202,http://rs4.ethz.ch/dts/document/?resource=https%3A%2F%2Fexample.org%2Fdts%2Fcollections%2Fhwgw%2Fs03%2Fed&ref=s03-pg202&tree=published_page
object,object-Leda-7,Leda,published_page,page,s03-pg202,http://rs4.ethz.ch/dts/document/?resource=https%3A%2F%2Fexample.org%2Fdts%2Fcollections%2Fhwgw%2Fs03%2Fed&ref=s03-pg202&tree=published_page
object,object-Pomona-8,Pomona,published_page,page,s03-pg202,http://rs4.ethz.ch/dts/document/?resource=https%3A%2F%2Fexample.org%2Fdts%2Fcollections%2Fhwgw%2Fs03%2Fed&ref=s03-pg202&tree=published_page
person,gnd-118538969,Salomon Gessner,published_page,page,s03-pg202,http://rs4.ethz.ch/dts/document/?resource=https%3A%2F%2Fexample.org%2Fdts%2Fcollections%2Fhwgw%2Fs03%2Fed&ref=s03-pg202&tree=published_page
object,object-Daphne-14,Daphne,published_page,page,s03-pg202,http://rs4.ethz.ch/dts/document/?resource=https%3A%2F%2Fexample.org%2Fdts%2Fcollections%2Fhwgw%2Fs03%2Fed&ref=s03-pg202&tree=published_page
organisation,gnd-2016862-7,Kunsthaus Zürich,published_page,page,s03-pg202,http://rs4.ethz.ch/dts/document/?resource=https%3A%2F%2Fexample.org%2Fdts%2Fcollections%2Fhwgw%2Fs03%2Fed&ref=s03-pg202&tree=published_page
organisation,gnd-2082266-2,Grafische Sammlung,published_page,page,s03-pg202,http://rs4.ethz.ch/dts/document/?resource=https%3A%2F%2Fexample.org%2Fdts%2Fcollections%2Fhwgw%2Fs03%2Fed&ref=s03-pg202&tree=published_page
object,object-Leda-7,Leda,published_page,page,s03-pg202,http://rs4.ethz.ch/dts/document/?resource=https%3A%2F%2Fexample.org%2Fdts%2Fcollections%2Fhwgw%2Fs03%2Fed&ref=s03-pg202&tree=published_page
organisation,gnd-2016862-7,Kunsthaus Zürich,published_page,page,s03-pg202,http://rs4.ethz.ch/dts/document/?resource=https%3A%2F%2Fexample.org%2Fdts%2Fcollections%2Fhwgw%2Fs03%2Fed&ref=s03-pg202&tree=published_page
organisation,gnd-2082266-2,Grafische Sammlung,published_page,page,s03-pg202,http://rs4.ethz.ch/dts/document/?resource=https%3A%2F%2Fexample.org%2Fdts%2Fcollections%2Fhwgw%2Fs03%2Fed&ref=s03-pg202&tree=published_page
object,object-Pomona-8,Pomona,published_page,page,s03-pg202,http://rs4.ethz.ch/dts/document/?resource=https%3A%2F%2Fexample.org%2Fdts%2Fcollections%2Fhwgw%2Fs03%2Fed&ref=s03-pg202&tree=published_page
organisation,gnd-2016862-7,Kunsthaus Zürich,published_page,page,s03-pg202,http://rs4.ethz.ch/dts/document/?resource=https%3A%2F%2Fexample.org%2Fdts%2Fcollections%2Fhwgw%2Fs03%2Fed&ref=s03-pg202&tree=published_page
organisation,gnd-2082266-2,Grafische Sammlung,published_page,page,s03-pg202,http://rs4.ethz.ch/dts/document/?resource=https%3A%2F%2Fexample.org%2Fdts%2Fcollections%2Fhwgw%2Fs03%2Fed&ref=s03-pg202&tree=published_page
person,gnd-118538969,Geßner,published_page,page,s03-pg202,http://rs4.ethz.ch/dts/document/?resource=https%3A%2F%2Fexample.org%2Fdts%2Fcollections%2Fhwgw%2Fs03%2Fed&ref=s03-pg202&tree=published_page
object,object-Die-tanzenden-Kn-1,die tanzenden Knaben in der Grotte,published_page,page,s03-pg202,http://rs4.ethz.ch/dts/document/?resource=https%3A%2F%2Fexample.org%2Fdts%2Fcollections%2Fhwgw%2Fs03%2Fed&ref=s03-pg202&tree=published_page
object,object-Die-arkadische-M-2,die arkadische Musik,published_page,page,s03-pg202,http://rs4.ethz.ch/dts/document/?resource=https%3A%2F%2Fexample.org%2Fdts%2Fcollections%2Fhwgw%2Fs03%2Fed&ref=s03-pg202&tree=published_page
object,object-Das-Bad-10,das griechische Bad,published_page,page,s03-pg202,http://rs4.ethz.ch/dts/document/?resource=https%3A%2F%2Fexample.org%2Fdts%2Fcollections%2Fhwgw%2Fs03%2Fed&ref=s03-pg202&tree=published_page
place,gnd-1211198634,Künstlergütli,published_page,page,s03-pg202,http://rs4.ethz.ch/dts/document/?resource=https%3A%2F%2Fexample.org%2Fdts%2Fcollections%2Fhwgw%2Fs03%2Fed&ref=s03-pg202&tree=published_page
person,gnd-118538969,Salomon Gessner,published_page,page,s03-pg202,http://rs4.ethz.ch/dts/document/?resource=https%3A%2F%2Fexample.org%2Fdts%2Fcollections%2Fhwgw%2Fs03%2Fed&ref=s03-pg202&tree=published_page
object,object-Die-tanzenden-Kn-1,Die tanzenden Knaben,published_page,page,s03-pg202,http://rs4.ethz.ch/dts/document/?resource=https%3A%2F%2Fexample.org%2Fdts%2Fcollections%2Fhwgw%2Fs03%2Fed&ref=s03-pg202&tree=published_page
object,object-Die-arkadische-M-2,Die arkadische Musik,published_page,page,s03-pg202,http://rs4.ethz.ch/dts/document/?resource=https%3A%2F%2Fexample.org%2Fdts%2Fcollections%2Fhwgw%2Fs03%2Fed&ref=s03-pg202&tree=published_page
organisation,gnd-2016862-7,Kunsthaus Zürich,published_page,page,s03-pg202,http://rs4.ethz.ch/dts/document/?resource=https%3A%2F%2Fexample.org%2Fdts%2Fcollections%2Fhwgw%2Fs03%2Fed&ref=s03-pg202&tree=published_page
organisation,gnd-2082266-2,Grafische Sammlung,published_page,page,s03-pg202,http://rs4.ethz.ch/dts/document/?resource=https%3A%2F%2Fexample.org%2Fdts%2Fcollections%2Fhwgw%2Fs03%2Fed&ref=s03-pg202&tree=published_page
object,object-Das-Bad-10,Das Bad {HW: Das griechische Bad},published_page,page,s03-pg202,http://rs4.ethz.ch/dts/document/?resource=https%3A%2F%2Fexample.org%2Fdts%2Fcollections%2Fhwgw%2Fs03%2Fed&ref=s03-pg202&tree=published_page
organisation,gnd-2016862-7,Kunsthaus Zürich,published_page,page,s03-pg202,http://rs4.ethz.ch/dts/document/?resource=https%3A%2F%2Fexample.org%2Fdts%2Fcollections%2Fhwgw%2Fs03%2Fed&ref=s03-pg202&tree=published_page
organisation,gnd-2082266-2,Grafische Sammlung,published_page,page,s03-pg202,http://rs4.ethz.ch/dts/document/?resource=https%3A%2F%2Fexample.org%2Fdts%2Fcollections%2Fhwgw%2Fs03%2Fed&ref=s03-pg202&tree=published_page
object,object-Die-tanzenden-Kn-1,Bild,published_page,page,s03-pg202,http://rs4.ethz.ch/dts/document/?resource=https%3A%2F%2Fexample.org%2Fdts%2Fcollections%2Fhwgw%2Fs03%2Fed&ref=s03-pg202&tree=published_page
object,object-Die-tanzenden-Kn-1,Bild,published_page,page,s03-pg202,http://rs4.ethz.ch/dts/document/?resource=https%3A%2F%2Fexample.org%2Fdts%2Fcollections%2Fhwgw%2Fs03%2Fed&ref=s03-pg202&tree=published_page
person,gnd-118538969,Geßner,published_page,page,s03-pg202,http://rs4.ethz.ch/dts/document/?resource=https%3A%2F%2Fexample.org%2Fdts%2Fcollections%2Fhwgw%2Fs03%2Fed&ref=s03-pg202&tree=published_page
person,gnd-118538969,Salomon Gessner,published_page,page,s03-pg202,http://rs4.ethz.ch/dts/document/?resource=https%3A%2F%2Fexample.org%2Fdts%2Fcollections%2Fhwgw%2Fs03%2Fed&ref=s03-pg202&tree=published_page
object,object-Die-tanzenden-Kn-1,Die tanzenden Knaben,published_page,page,s03-pg202,http://rs4.ethz.ch/dts/document/?resource=https%3A%2F%2Fexample.org%2Fdts%2Fcollections%2Fhwgw%2Fs03%2Fed&ref=s03-pg202&tree=published_page
organisation,gnd-2016862-7,Kunsthaus Zürich,published_page,page,s03-pg202,http://rs4.ethz.ch/dts/document/?resource=https%3A%2F%2Fexample.org%2Fdts%2Fcollections%2Fhwgw%2Fs03%2Fed&ref=s03-pg202&tree=published_page
organisation,gnd-2082266-2,Grafische Sammlung,published_page,page,s03-pg202,http://rs4.ethz.ch/dts/document/?resource=https%3A%2F%2Fexample.org%2Fdts%2Fcollections%2Fhwgw%2Fs03%2Fed&ref=s03-pg202&tree=published_page
object,object-Die-arkadische-M-2,Die arkadische Musik,published_page,page,s03-pg202,http://rs4.ethz.ch/dts/document/?resource=https%3A%2F%2Fexample.org%2Fdts%2Fcollections%2Fhwgw%2Fs03%2Fed&ref=s03-pg202&tree=published_page
object,object-Das-Bad-10,Das griechische Bad,published_page,page,s03-pg202,http://rs4.ethz.ch/dts/document/?resource=https%3A%2F%2Fexample.org%2Fdts%2Fcollections%2Fhwgw%2Fs03%2Fed&ref=s03-pg202&tree=published_page
object,object-Der-arkadische-B-9,der arkadische Brunnen,published_page,page,s03-pg203,http://rs4.ethz.ch/dts/document/?resource=https%3A%2F%2Fexample.org%2Fdts%2Fcollections%2Fhwgw%2Fs03%2Fed&ref=s03-pg203&tree=published_page
object,object-Der-Brunnen-im-W-3,die Villa,published_page,page,s03-pg203,http://rs4.ethz.ch/dts/document/?resource=https%3A%2F%2Fexample.org%2Fdts%2Fcollections%2Fhwgw%2Fs03%2Fed&ref=s03-pg203&tree=published_page
person,gnd-118538969,Salomon Gessner,published_page,page,s03-pg203,http://rs4.ethz.ch/dts/document/?resource=https%3A%2F%2Fexample.org%2Fdts%2Fcollections%2Fhwgw%2Fs03%2Fed&ref=s03-pg203&tree=published_page
object,object-Der-arkadische-B-9,Der arkadische Brunnen,published_page,page,s03-pg203,http://rs4.ethz.ch/dts/document/?resource=https%3A%2F%2Fexample.org%2Fdts%2Fcollections%2Fhwgw%2Fs03%2Fed&ref=s03-pg203&tree=published_page
organisation,gnd-2016862-7,Kunsthaus Zürich,published_page,page,s03-pg203,http://rs4.ethz.ch/dts/document/?resource=https%3A%2F%2Fexample.org%2Fdts%2Fcollections%2Fhwgw%2Fs03%2Fed&ref=s03-pg203&tree=published_page
organisation,gnd-2082266-2,Grafische Sammlung,published_page,page,s03-pg203,http://rs4.ethz.ch/dts/document/?resource=https%3A%2F%2Fexample.org%2Fdts%2Fcollections%2Fhwgw%2Fs03%2Fed&ref=s03-pg203&tree=published_page
object,object-Der-Brunnen-im-W-3,Der Brunnen im Walde {HW: Die Villa},published_page,page,s03-pg203,http://rs4.ethz.ch/dts/document/?resource=https%3A%2F%2Fexample.org%2Fdts%2Fcollections%2Fhwgw%2Fs03%2Fed&ref=s03-pg203&tree=published_page
organisation,gnd-2016862-7,Kunsthaus Zürich,published_page,page,s03-pg203,http://rs4.ethz.ch/dts/document/?resource=https%3A%2F%2Fexample.org%2Fdts%2Fcollections%2Fhwgw%2Fs03%2Fed&ref=s03-pg203&tree=published_page
organisation,gnd-2082266-2,Grafische Sammlung,published_page,page,s03-pg203,http://rs4.ethz.ch/dts/document/?resource=https%3A%2F%2Fexample.org%2Fdts%2Fcollections%2Fhwgw%2Fs03%2Fed&ref=s03-pg203&tree=published_page
person,gnd-118634496,Wölfflin,published_page,page,s03-pg203,http://rs4.ethz.ch/dts/document/?resource=https%3A%2F%2Fexample.org%2Fdts%2Fcollections%2Fhwgw%2Fs03%2Fed&ref=s03-pg203&tree=published_page
object,object-Der-Wald-5,Waldlandschaft,published_page,page,s03-pg203,http://rs4.ethz.ch/dts/document/?resource=https%3A%2F%2Fexample.org%2Fdts%2Fcollections%2Fhwgw%2Fs03%2Fed&ref=s03-pg203&tree=published_page
person,gnd-118538969,Salomon Gessner,published_page,page,s03-pg203,http://rs4.ethz.ch/dts/document/?resource=https%3A%2F%2Fexample.org%2Fdts%2Fcollections%2Fhwgw%2Fs03%2Fed&ref=s03-pg203&tree=published_page
object,object-Der-Wald-5,Der Wald,published_page,page,s03-pg203,http://rs4.ethz.ch/dts/document/?resource=https%3A%2F%2Fexample.org%2Fdts%2Fcollections%2Fhwgw%2Fs03%2Fed&ref=s03-pg203&tree=published_page
person,gnd-118538969,Geßner,published_page,page,s03-pg203,http://rs4.ethz.ch/dts/document/?resource=https%3A%2F%2Fexample.org%2Fdts%2Fcollections%2Fhwgw%2Fs03%2Fed&ref=s03-pg203&tree=published_page
object,object-Der-Wald-5,Nr. 10,published_page,page,s03-pg203,http://rs4.ethz.ch/dts/document/?resource=https%3A%2F%2Fexample.org%2Fdts%2Fcollections%2Fhwgw%2Fs03%2Fed&ref=s03-pg203&tree=published_page
object,object-Der-Wald-5,Bild,published_page,page,s03-pg203,http://rs4.ethz.ch/dts/document/?resource=https%3A%2F%2Fexample.org%2Fdts%2Fcollections%2Fhwgw%2Fs03%2Fed&ref=s03-pg203&tree=published_page
person,gnd-116595671,Conrad,published_page,page,s03-pg203,http://rs4.ethz.ch/dts/document/?resource=https%3A%2F%2Fexample.org%2Fdts%2Fcollections%2Fhwgw%2Fs03%2Fed&ref=s03-pg203&tree=published_page
place,gnd-4012995-0,Dresden,published_page,page,s03-pg203,http://rs4.ethz.ch/dts/document/?resource=https%3A%2F%2Fexample.org%2Fdts%2Fcollections%2Fhwgw%2Fs03%2Fed&ref=s03-pg203&tree=published_page
person,gnd-118697064,Graff,published_page,page,s03-pg203,http://rs4.ethz.ch/dts/document/?resource=https%3A%2F%2Fexample.org%2Fdts%2Fcollections%2Fhwgw%2Fs03%2Fed&ref=s03-pg203&tree=published_page
person,gnd-118697064,Graf,published_page,page,s03-pg203,http://rs4.ethz.ch/dts/document/?resource=https%3A%2F%2Fexample.org%2Fdts%2Fcollections%2Fhwgw%2Fs03%2Fed&ref=s03-pg203&tree=published_page
person,gnd-119498162,Klengel,published_page,page,s03-pg203,http://rs4.ethz.ch/dts/document/?resource=https%3A%2F%2Fexample.org%2Fdts%2Fcollections%2Fhwgw%2Fs03%2Fed&ref=s03-pg203&tree=published_page
person,gnd-117004669,Zingg,published_page,page,s03-pg203,http://rs4.ethz.ch/dts/document/?resource=https%3A%2F%2Fexample.org%2Fdts%2Fcollections%2Fhwgw%2Fs03%2Fed&ref=s03-pg203&tree=published_page
person,gnd-118538969,Geßner,published_page,page,s03-pg203,http://rs4.ethz.ch/dts/document/?resource=https%3A%2F%2Fexample.org%2Fdts%2Fcollections%2Fhwgw%2Fs03%2Fed&ref=s03-pg203&tree=published_page
person,gnd-138829217,Wüst,published_page,page,s03-pg203,http://rs4.ethz.ch/dts/document/?resource=https%3A%2F%2Fexample.org%2Fdts%2Fcollections%2Fhwgw%2Fs03%2Fed&ref=s03-pg203&tree=published_page
person,gnd-116595671,Conrad Gessners,published_page,page,s03-pg203,http://rs4.ethz.ch/dts/document/?resource=https%3A%2F%2Fexample.org%2Fdts%2Fcollections%2Fhwgw%2Fs03%2Fed&ref=s03-pg203&tree=published_page
person,gnd-118538969,Salomon Gessners,published_page,page,s03-pg203,http://rs4.ethz.ch/dts/document/?resource=https%3A%2F%2Fexample.org%2Fdts%2Fcollections%2Fhwgw%2Fs03%2Fed&ref=s03-pg203&tree=published_page
person,gnd-118538969,Salomon Gessner,published_page,page,s03-pg203,http://rs4.ethz.ch/dts/document/?resource=https%3A%2F%2Fexample.org%2Fdts%2Fcollections%2Fhwgw%2Fs03%2Fed&ref=s03-pg203&tree=published_page
object,object-Der-Wald-5,Der Wald,published_page,page,s03-pg203,http://rs4.ethz.ch/dts/document/?resource=https%3A%2F%2Fexample.org%2Fdts%2Fcollections%2Fhwgw%2Fs03%2Fed&ref=s03-pg203&tree=published_page
organisation,gnd-2016862-7,Kunsthaus Zürich,published_page,page,s03-pg203,http://rs4.ethz.ch/dts/document/?resource=https%3A%2F%2Fexample.org%2Fdts%2Fcollections%2Fhwgw%2Fs03%2Fed&ref=s03-pg203&tree=published_page
organisation,gnd-2082266-2,Grafische Sammlung,published_page,page,s03-pg203,http://rs4.ethz.ch/dts/document/?resource=https%3A%2F%2Fexample.org%2Fdts%2Fcollections%2Fhwgw%2Fs03%2Fed&ref=s03-pg203&tree=published_page
object,object-Die-Apfellese-4,die Apfellese,published_page,page,s03-pg203,http://rs4.ethz.ch/dts/document/?resource=https%3A%2F%2Fexample.org%2Fdts%2Fcollections%2Fhwgw%2Fs03%2Fed&ref=s03-pg203&tree=published_page
person,gnd-118538969,Salomon Gessner,published_page,page,s03-pg203,http://rs4.ethz.ch/dts/document/?resource=https%3A%2F%2Fexample.org%2Fdts%2Fcollections%2Fhwgw%2Fs03%2Fed&ref=s03-pg203&tree=published_page
object,object-Die-Apfellese-4,Die Apfellese,published_page,page,s03-pg203,http://rs4.ethz.ch/dts/document/?resource=https%3A%2F%2Fexample.org%2Fdts%2Fcollections%2Fhwgw%2Fs03%2Fed&ref=s03-pg203&tree=published_page
organisation,gnd-2016862-7,Kunsthaus Zürich,published_page,page,s03-pg203,http://rs4.ethz.ch/dts/document/?resource=https%3A%2F%2Fexample.org%2Fdts%2Fcollections%2Fhwgw%2Fs03%2Fed&ref=s03-pg203&tree=published_page
organisation,gnd-2082266-2,Grafische Sammlung,published_page,page,s03-pg203,http://rs4.ethz.ch/dts/document/?resource=https%3A%2F%2Fexample.org%2Fdts%2Fcollections%2Fhwgw%2Fs03%2Fed&ref=s03-pg203&tree=published_page
person,gnd-118538969,Geßner,published_page,page,s03-pg203,http://rs4.ethz.ch/dts/document/?resource=https%3A%2F%2Fexample.org%2Fdts%2Fcollections%2Fhwgw%2Fs03%2Fed&ref=s03-pg203&tree=published_page
object,object-Die-Apfellese-4,Bild,published_page,page,s03-pg203,http://rs4.ethz.ch/dts/document/?resource=https%3A%2F%2Fexample.org%2Fdts%2Fcollections%2Fhwgw%2Fs03%2Fed&ref=s03-pg203&tree=published_page
object,object-Der-Wunsch-oder-6,«Mein Wunsch»,published_page,page,s03-pg204,http://rs4.ethz.ch/dts/document/?resource=https%3A%2F%2Fexample.org%2Fdts%2Fcollections%2Fhwgw%2Fs03%2Fed&ref=s03-pg204&tree=published_page
person,gnd-118538969,Salomon Gessner,published_page,page,s03-pg204,http://rs4.ethz.ch/dts/document/?resource=https%3A%2F%2Fexample.org%2Fdts%2Fcollections%2Fhwgw%2Fs03%2Fed&ref=s03-pg204&tree=published_page
object,object-Der-Wunsch-oder-6,Der Wunsch oder die poetische Einsiedelei {HW: Mein Wunsch},published_page,page,s03-pg204,http://rs4.ethz.ch/dts/document/?resource=https%3A%2F%2Fexample.org%2Fdts%2Fcollections%2Fhwgw%2Fs03%2Fed&ref=s03-pg204&tree=published_page
organisation,gnd-2016862-7,Kunsthaus Zürich,published_page,page,s03-pg204,http://rs4.ethz.ch/dts/document/?resource=https%3A%2F%2Fexample.org%2Fdts%2Fcollections%2Fhwgw%2Fs03%2Fed&ref=s03-pg204&tree=published_page
organisation,gnd-2082266-2,Grafische Sammlung,published_page,page,s03-pg204,http://rs4.ethz.ch/dts/document/?resource=https%3A%2F%2Fexample.org%2Fdts%2Fcollections%2Fhwgw%2Fs03%2Fed&ref=s03-pg204&tree=published_page
person,gnd-118538969,Geßner,published_page,page,s03-pg204,http://rs4.ethz.ch/dts/document/?resource=https%3A%2F%2Fexample.org%2Fdts%2Fcollections%2Fhwgw%2Fs03%2Fed&ref=s03-pg204&tree=published_page
object,object-La-solitude-30,Einsamkeit,published_page,page,s03-pg204,http://rs4.ethz.ch/dts/document/?resource=https%3A%2F%2Fexample.org%2Fdts%2Fcollections%2Fhwgw%2Fs03%2Fed&ref=s03-pg204&tree=published_page
object,object-La-cabane-des-pc-29,Fischerhütte,published_page,page,s03-pg204,http://rs4.ethz.ch/dts/document/?resource=https%3A%2F%2Fexample.org%2Fdts%2Fcollections%2Fhwgw%2Fs03%2Fed&ref=s03-pg204&tree=published_page
person,gnd-118564781,W. Kolbes,published_page,page,s03-pg204,http://rs4.ethz.ch/dts/document/?resource=https%3A%2F%2Fexample.org%2Fdts%2Fcollections%2Fhwgw%2Fs03%2Fed&ref=s03-pg204&tree=published_page
person,gnd-118538969,Salomon Gessner,published_page,page,s03-pg204,http://rs4.ethz.ch/dts/document/?resource=https%3A%2F%2Fexample.org%2Fdts%2Fcollections%2Fhwgw%2Fs03%2Fed&ref=s03-pg204&tree=published_page
person,gnd-118564781,Guil. Kolbe,published_page,page,s03-pg204,http://rs4.ethz.ch/dts/document/?resource=https%3A%2F%2Fexample.org%2Fdts%2Fcollections%2Fhwgw%2Fs03%2Fed&ref=s03-pg204&tree=published_page
person,gnd-118564781,Carl Wilhelm Kolbe der Ältere,published_page,page,s03-pg204,http://rs4.ethz.ch/dts/document/?resource=https%3A%2F%2Fexample.org%2Fdts%2Fcollections%2Fhwgw%2Fs03%2Fed&ref=s03-pg204&tree=published_page
person,gnd-118538969,Salomon Gessner,published_page,page,s03-pg204,http://rs4.ethz.ch/dts/document/?resource=https%3A%2F%2Fexample.org%2Fdts%2Fcollections%2Fhwgw%2Fs03%2Fed&ref=s03-pg204&tree=published_page
object,object-La-solitude-30,La solitude,published_page,page,s03-pg204,http://rs4.ethz.ch/dts/document/?resource=https%3A%2F%2Fexample.org%2Fdts%2Fcollections%2Fhwgw%2Fs03%2Fed&ref=s03-pg204&tree=published_page
object,object-La-cabane-des-pc-29,La cabane des pêcheurs,published_page,page,s03-pg204,http://rs4.ethz.ch/dts/document/?resource=https%3A%2F%2Fexample.org%2Fdts%2Fcollections%2Fhwgw%2Fs03%2Fed&ref=s03-pg204&tree=published_page
person,gnd-118538969,Geßners,published_page,page,s03-pg204,http://rs4.ethz.ch/dts/document/?resource=https%3A%2F%2Fexample.org%2Fdts%2Fcollections%2Fhwgw%2Fs03%2Fed&ref=s03-pg204&tree=published_page
person,gnd-118538969,Geßner,published_page,page,s03-pg204,http://rs4.ethz.ch/dts/document/?resource=https%3A%2F%2Fexample.org%2Fdts%2Fcollections%2Fhwgw%2Fs03%2Fed&ref=s03-pg204&tree=published_page
person,gnd-118564781,G. Kolbe,published_page,page,s03-pg204,http://rs4.ethz.ch/dts/document/?resource=https%3A%2F%2Fexample.org%2Fdts%2Fcollections%2Fhwgw%2Fs03%2Fed&ref=s03-pg204&tree=published_page
person,gnd-118538969,Geßner,published_page,page,s03-pg204,http://rs4.ethz.ch/dts/document/?resource=https%3A%2F%2Fexample.org%2Fdts%2Fcollections%2Fhwgw%2Fs03%2Fed&ref=s03-pg204&tree=published_page
person,gnd-117004669,Zingg,published_page,page,s03-pg204,http://rs4.ethz.ch/dts/document/?resource=https%3A%2F%2Fexample.org%2Fdts%2Fcollections%2Fhwgw%2Fs03%2Fed&ref=s03-pg204&tree=published_page
person,gnd-132377527,Pfenninger,published_page,page,s03-pg204,http://rs4.ethz.ch/dts/document/?resource=https%3A%2F%2Fexample.org%2Fdts%2Fcollections%2Fhwgw%2Fs03%2Fed&ref=s03-pg204&tree=published_page
person,gnd-118581899,J.H. Meyer,published_page,page,s03-pg204,http://rs4.ethz.ch/dts/document/?resource=https%3A%2F%2Fexample.org%2Fdts%2Fcollections%2Fhwgw%2Fs03%2Fed&ref=s03-pg204&tree=published_page
person,gnd-118564781,Carl Wilhelm Kolbe d.Ä.,published_page,page,s03-pg204,http://rs4.ethz.ch/dts/document/?resource=https%3A%2F%2Fexample.org%2Fdts%2Fcollections%2Fhwgw%2Fs03%2Fed&ref=s03-pg204&tree=published_page
person,gnd-118538969,Salomon Gessner,published_page,page,s03-pg204,http://rs4.ethz.ch/dts/document/?resource=https%3A%2F%2Fexample.org%2Fdts%2Fcollections%2Fhwgw%2Fs03%2Fed&ref=s03-pg204&tree=published_page
person,gnd-118538969,Salomon Gessner,published_page,page,s03-pg204,http://rs4.ethz.ch/dts/document/?resource=https%3A%2F%2Fexample.org%2Fdts%2Fcollections%2Fhwgw%2Fs03%2Fed&ref=s03-pg204&tree=published_page
person,gnd-118564781,Guil. Kolbe,published_page,page,s03-pg204,http://rs4.ethz.ch/dts/document/?resource=https%3A%2F%2Fexample.org%2Fdts%2Fcollections%2Fhwgw%2Fs03%2Fed&ref=s03-pg204&tree=published_page
object,object-Le-temple-27,Nymphentempel,published_page,page,s03-pg204,http://rs4.ethz.ch/dts/document/?resource=https%3A%2F%2Fexample.org%2Fdts%2Fcollections%2Fhwgw%2Fs03%2Fed&ref=s03-pg204&tree=published_page
object,object-Le-temple-27,Le temple,published_page,page,s03-pg204,http://rs4.ethz.ch/dts/document/?resource=https%3A%2F%2Fexample.org%2Fdts%2Fcollections%2Fhwgw%2Fs03%2Fed&ref=s03-pg204&tree=published_page
object,object-Sacrifice-au-die-28,anderes Bild,published_page,page,s03-pg204,http://rs4.ethz.ch/dts/document/?resource=https%3A%2F%2Fexample.org%2Fdts%2Fcollections%2Fhwgw%2Fs03%2Fed&ref=s03-pg204&tree=published_page
object,object-Sacrifice-au-die-28,Sacrifice au dieu Pan,published_page,page,s03-pg204,http://rs4.ethz.ch/dts/document/?resource=https%3A%2F%2Fexample.org%2Fdts%2Fcollections%2Fhwgw%2Fs03%2Fed&ref=s03-pg204&tree=published_page
person,gnd-118538969,Geßner,published_page,page,s03-pg205,http://rs4.ethz.ch/dts/document/?resource=https%3A%2F%2Fexample.org%2Fdts%2Fcollections%2Fhwgw%2Fs03%2Fed&ref=s03-pg205&tree=published_page
person,gnd-116595671,Conrad,published_page,page,s03-pg205,http://rs4.ethz.ch/dts/document/?resource=https%3A%2F%2Fexample.org%2Fdts%2Fcollections%2Fhwgw%2Fs03%2Fed&ref=s03-pg205&tree=published_page
person,gnd-116595671,Conrad,published_page,page,s03-pg205,http://rs4.ethz.ch/dts/document/?resource=https%3A%2F%2Fexample.org%2Fdts%2Fcollections%2Fhwgw%2Fs03%2Fed&ref=s03-pg205&tree=published_page
person,gnd-118538969,Geßners,published_page,page,s03-pg205,http://rs4.ethz.ch/dts/document/?resource=https%3A%2F%2Fexample.org%2Fdts%2Fcollections%2Fhwgw%2Fs03%2Fed&ref=s03-pg205&tree=published_page
person,gnd-118634496,Wölfflin,published_page,page,s03-pg205,http://rs4.ethz.ch/dts/document/?resource=https%3A%2F%2Fexample.org%2Fdts%2Fcollections%2Fhwgw%2Fs03%2Fed&ref=s03-pg205&tree=published_page
person,gnd-117752266,Fuesslin,published_page,page,s03-pg205,http://rs4.ethz.ch/dts/document/?resource=https%3A%2F%2Fexample.org%2Fdts%2Fcollections%2Fhwgw%2Fs03%2Fed&ref=s03-pg205&tree=published_page
person,gnd-118538969,Geßner,published_page,page,s03-pg205,http://rs4.ethz.ch/dts/document/?resource=https%3A%2F%2Fexample.org%2Fdts%2Fcollections%2Fhwgw%2Fs03%2Fed&ref=s03-pg205&tree=published_page
place,gnd-4068038-1,Zürich,published_page,page,s03-pg205,http://rs4.ethz.ch/dts/document/?resource=https%3A%2F%2Fexample.org%2Fdts%2Fcollections%2Fhwgw%2Fs03%2Fed&ref=s03-pg205&tree=published_page
person,gnd-118581899,J.H. Meyer,published_page,page,s03-pg205,http://rs4.ethz.ch/dts/document/?resource=https%3A%2F%2Fexample.org%2Fdts%2Fcollections%2Fhwgw%2Fs03%2Fed&ref=s03-pg205&tree=published_page
person,gnd-118538969,Salomon Geßners,published_page,page,s03-pg205,http://rs4.ethz.ch/dts/document/?resource=https%3A%2F%2Fexample.org%2Fdts%2Fcollections%2Fhwgw%2Fs03%2Fed&ref=s03-pg205&tree=published_page
place,gnd-4068038-1,Zürich,published_page,page,s03-pg205,http://rs4.ethz.ch/dts/document/?resource=https%3A%2F%2Fexample.org%2Fdts%2Fcollections%2Fhwgw%2Fs03%2Fed&ref=s03-pg205&tree=published_page
person,gnd-118538969,Salomon Gessner,published_page,page,s03-pg205,http://rs4.ethz.ch/dts/document/?resource=https%3A%2F%2Fexample.org%2Fdts%2Fcollections%2Fhwgw%2Fs03%2Fed&ref=s03-pg205&tree=published_page
object,object-Im-Grase-sitzend-50,Im Grase sitzender Putto mit drei Schmetterlingen {HW: Kind im Gras hockend},published_page,page,s03-pg205,http://rs4.ethz.ch/dts/document/?resource=https%3A%2F%2Fexample.org%2Fdts%2Fcollections%2Fhwgw%2Fs03%2Fed&ref=s03-pg205&tree=published_page
person,gnd-118634496,Wölfflins,published_page,page,s03-pg205,http://rs4.ethz.ch/dts/document/?resource=https%3A%2F%2Fexample.org%2Fdts%2Fcollections%2Fhwgw%2Fs03%2Fed&ref=s03-pg205&tree=published_page
person,gnd-118540238,Goethe,published_page,page,s03-pg206,http://rs4.ethz.ch/dts/document/?resource=https%3A%2F%2Fexample.org%2Fdts%2Fcollections%2Fhwgw%2Fs03%2Fed&ref=s03-pg206&tree=published_page
person,gnd-118538969,Geßnerschen,published_page,page,s03-pg206,http://rs4.ethz.ch/dts/document/?resource=https%3A%2F%2Fexample.org%2Fdts%2Fcollections%2Fhwgw%2Fs03%2Fed&ref=s03-pg206&tree=published_page
person,gnd-118634496,Wölfflin,published_page,page,s03-pg206,http://rs4.ethz.ch/dts/document/?resource=https%3A%2F%2Fexample.org%2Fdts%2Fcollections%2Fhwgw%2Fs03%2Fed&ref=s03-pg206&tree=published_page
person,gnd-118723499,Kleist,published_page,page,s03-pg206,http://rs4.ethz.ch/dts/document/?resource=https%3A%2F%2Fexample.org%2Fdts%2Fcollections%2Fhwgw%2Fs03%2Fed&ref=s03-pg206&tree=published_page
person,gnd-118538969,Geßner,published_page,page,s03-pg206,http://rs4.ethz.ch/dts/document/?resource=https%3A%2F%2Fexample.org%2Fdts%2Fcollections%2Fhwgw%2Fs03%2Fed&ref=s03-pg206&tree=published_page
person,gnd-118723499,Kleist,published_page,page,s03-pg206,http://rs4.ethz.ch/dts/document/?resource=https%3A%2F%2Fexample.org%2Fdts%2Fcollections%2Fhwgw%2Fs03%2Fed&ref=s03-pg206&tree=published_page
person,gnd-118674315,Bronner,published_page,page,s03-pg206,http://rs4.ethz.ch/dts/document/?resource=https%3A%2F%2Fexample.org%2Fdts%2Fcollections%2Fhwgw%2Fs03%2Fed&ref=s03-pg206&tree=published_page
person,gnd-118674315,F.X. Bronner,published_page,page,s03-pg206,http://rs4.ethz.ch/dts/document/?resource=https%3A%2F%2Fexample.org%2Fdts%2Fcollections%2Fhwgw%2Fs03%2Fed&ref=s03-pg206&tree=published_page
place,gnd-1302307541,Geßnerschen Hause,published_page,page,s03-pg206,http://rs4.ethz.ch/dts/document/?resource=https%3A%2F%2Fexample.org%2Fdts%2Fcollections%2Fhwgw%2Fs03%2Fed&ref=s03-pg206&tree=published_page
person,gnd-118538969,Geßner,published_page,page,s03-pg206,http://rs4.ethz.ch/dts/document/?resource=https%3A%2F%2Fexample.org%2Fdts%2Fcollections%2Fhwgw%2Fs03%2Fed&ref=s03-pg206&tree=published_page
person,gnd-118538969,Geßner,published_page,page,s03-pg206,http://rs4.ethz.ch/dts/document/?resource=https%3A%2F%2Fexample.org%2Fdts%2Fcollections%2Fhwgw%2Fs03%2Fed&ref=s03-pg206&tree=published_page
person,gnd-118674315,Bronner,published_page,page,s03-pg206,http://rs4.ethz.ch/dts/document/?resource=https%3A%2F%2Fexample.org%2Fdts%2Fcollections%2Fhwgw%2Fs03%2Fed&ref=s03-pg206&tree=published_page
person,gnd-118538969,Geßner,published_page,page,s03-pg206,http://rs4.ethz.ch/dts/document/?resource=https%3A%2F%2Fexample.org%2Fdts%2Fcollections%2Fhwgw%2Fs03%2Fed&ref=s03-pg206&tree=published_page
person,gnd-119303590,Bonstetten,published_page,page,s03-pg206,http://rs4.ethz.ch/dts/document/?resource=https%3A%2F%2Fexample.org%2Fdts%2Fcollections%2Fhwgw%2Fs03%2Fed&ref=s03-pg206&tree=published_page
person,gnd-119303590,v. Bonstetten,published_page,page,s03-pg206,http://rs4.ethz.ch/dts/document/?resource=https%3A%2F%2Fexample.org%2Fdts%2Fcollections%2Fhwgw%2Fs03%2Fed&ref=s03-pg206&tree=published_page
person,gnd-118731890,Matthison,published_page,page,s03-pg206,http://rs4.ethz.ch/dts/document/?resource=https%3A%2F%2Fexample.org%2Fdts%2Fcollections%2Fhwgw%2Fs03%2Fed&ref=s03-pg206&tree=published_page
person,gnd-118549553,Herder,published_page,page,s03-pg207,http://rs4.ethz.ch/dts/document/?resource=https%3A%2F%2Fexample.org%2Fdts%2Fcollections%2Fhwgw%2Fs03%2Fed&ref=s03-pg207&tree=published_page
person,gnd-116481021,Breitenbauch,published_page,page,s03-pg207,http://rs4.ethz.ch/dts/document/?resource=https%3A%2F%2Fexample.org%2Fdts%2Fcollections%2Fhwgw%2Fs03%2Fed&ref=s03-pg207&tree=published_page
person,gnd-103080392,Hofer,published_page,page,s03-pg207,http://rs4.ethz.ch/dts/document/?resource=https%3A%2F%2Fexample.org%2Fdts%2Fcollections%2Fhwgw%2Fs03%2Fed&ref=s03-pg207&tree=published_page
person,gnd-116207469,Blum,published_page,page,s03-pg207,http://rs4.ethz.ch/dts/document/?resource=https%3A%2F%2Fexample.org%2Fdts%2Fcollections%2Fhwgw%2Fs03%2Fed&ref=s03-pg207&tree=published_page
person,gnd-135967635,Reckert,published_page,page,s03-pg207,http://rs4.ethz.ch/dts/document/?resource=https%3A%2F%2Fexample.org%2Fdts%2Fcollections%2Fhwgw%2Fs03%2Fed&ref=s03-pg207&tree=published_page
person,gnd-116481021,Georg August von Breitenbauch,published_page,page,s03-pg207,http://rs4.ethz.ch/dts/document/?resource=https%3A%2F%2Fexample.org%2Fdts%2Fcollections%2Fhwgw%2Fs03%2Fed&ref=s03-pg207&tree=published_page
person,gnd-103080392,Carl Heinrich Höffer,published_page,page,s03-pg207,http://rs4.ethz.ch/dts/document/?resource=https%3A%2F%2Fexample.org%2Fdts%2Fcollections%2Fhwgw%2Fs03%2Fed&ref=s03-pg207&tree=published_page
person,gnd-116207469,Joachim Christian Blum,published_page,page,s03-pg207,http://rs4.ethz.ch/dts/document/?resource=https%3A%2F%2Fexample.org%2Fdts%2Fcollections%2Fhwgw%2Fs03%2Fed&ref=s03-pg207&tree=published_page
person,gnd-135967635,Karl Christian Reckert,published_page,page,s03-pg207,http://rs4.ethz.ch/dts/document/?resource=https%3A%2F%2Fexample.org%2Fdts%2Fcollections%2Fhwgw%2Fs03%2Fed&ref=s03-pg207&tree=published_page
person,gnd-10026705X,C.F. Klamor Schmidts,published_page,page,s03-pg207,http://rs4.ethz.ch/dts/document/?resource=https%3A%2F%2Fexample.org%2Fdts%2Fcollections%2Fhwgw%2Fs03%2Fed&ref=s03-pg207&tree=published_page
person,gnd-118538969,Geßners,published_page,page,s03-pg207,http://rs4.ethz.ch/dts/document/?resource=https%3A%2F%2Fexample.org%2Fdts%2Fcollections%2Fhwgw%2Fs03%2Fed&ref=s03-pg207&tree=published_page
person,gnd-118627910,Voß,published_page,page,s03-pg207,http://rs4.ethz.ch/dts/document/?resource=https%3A%2F%2Fexample.org%2Fdts%2Fcollections%2Fhwgw%2Fs03%2Fed&ref=s03-pg207&tree=published_page
person,gnd-118538969,Geßner,published_page,page,s03-pg207,http://rs4.ethz.ch/dts/document/?resource=https%3A%2F%2Fexample.org%2Fdts%2Fcollections%2Fhwgw%2Fs03%2Fed&ref=s03-pg207&tree=published_page
person,gnd-118634496,Wölfflin,published_page,page,s03-pg207,http://rs4.ethz.ch/dts/document/?resource=https%3A%2F%2Fexample.org%2Fdts%2Fcollections%2Fhwgw%2Fs03%2Fed&ref=s03-pg207&tree=published_page
person,gnd-118584871,Maler Müller,published_page,page,s03-pg207,http://rs4.ethz.ch/dts/document/?resource=https%3A%2F%2Fexample.org%2Fdts%2Fcollections%2Fhwgw%2Fs03%2Fed&ref=s03-pg207&tree=published_page
person,gnd-118627910,Voß,published_page,page,s03-pg207,http://rs4.ethz.ch/dts/document/?resource=https%3A%2F%2Fexample.org%2Fdts%2Fcollections%2Fhwgw%2Fs03%2Fed&ref=s03-pg207&tree=published_page
organisation,gnd-2031351-2,BSB M,published_page,page,s03-pg207,http://rs4.ethz.ch/dts/document/?resource=https%3A%2F%2Fexample.org%2Fdts%2Fcollections%2Fhwgw%2Fs03%2Fed&ref=s03-pg207&tree=published_page
person,gnd-118549553,Herder,published_page,page,s03-pg207,http://rs4.ethz.ch/dts/document/?resource=https%3A%2F%2Fexample.org%2Fdts%2Fcollections%2Fhwgw%2Fs03%2Fed&ref=s03-pg207&tree=published_page
person,gnd-118538969,Geßner,published_page,page,s03-pg207,http://rs4.ethz.ch/dts/document/?resource=https%3A%2F%2Fexample.org%2Fdts%2Fcollections%2Fhwgw%2Fs03%2Fed&ref=s03-pg207&tree=published_page
person,gnd-118621769,Theokrit,published_page,page,s03-pg207,http://rs4.ethz.ch/dts/document/?resource=https%3A%2F%2Fexample.org%2Fdts%2Fcollections%2Fhwgw%2Fs03%2Fed&ref=s03-pg207&tree=published_page
person,gnd-118607626,Schiller,published_page,page,s03-pg207,http://rs4.ethz.ch/dts/document/?resource=https%3A%2F%2Fexample.org%2Fdts%2Fcollections%2Fhwgw%2Fs03%2Fed&ref=s03-pg207&tree=published_page
person,gnd-118621769,Theokrit,published_page,page,s03-pg207,http://rs4.ethz.ch/dts/document/?resource=https%3A%2F%2Fexample.org%2Fdts%2Fcollections%2Fhwgw%2Fs03%2Fed&ref=s03-pg207&tree=published_page
person,gnd-118627910,Voß,published_page,page,s03-pg207,http://rs4.ethz.ch/dts/document/?resource=https%3A%2F%2Fexample.org%2Fdts%2Fcollections%2Fhwgw%2Fs03%2Fed&ref=s03-pg207&tree=published_page
person,gnd-118538969,Geßners,published_page,page,s03-pg207,http://rs4.ethz.ch/dts/document/?resource=https%3A%2F%2Fexample.org%2Fdts%2Fcollections%2Fhwgw%2Fs03%2Fed&ref=s03-pg207&tree=published_page
person,gnd-118538969,Geßnerscher,published_page,page,s03-pg207,http://rs4.ethz.ch/dts/document/?resource=https%3A%2F%2Fexample.org%2Fdts%2Fcollections%2Fhwgw%2Fs03%2Fed&ref=s03-pg207&tree=published_page
person,gnd-118607626,Schiller,published_page,page,s03-pg208,http://rs4.ethz.ch/dts/document/?resource=https%3A%2F%2Fexample.org%2Fdts%2Fcollections%2Fhwgw%2Fs03%2Fed&ref=s03-pg208&tree=published_page
person,gnd-118538969,Geßnerschen,published_page,page,s03-pg208,http://rs4.ethz.ch/dts/document/?resource=https%3A%2F%2Fexample.org%2Fdts%2Fcollections%2Fhwgw%2Fs03%2Fed&ref=s03-pg208&tree=published_page
person,gnd-118607960,Schlegels,published_page,page,s03-pg208,http://rs4.ethz.ch/dts/document/?resource=https%3A%2F%2Fexample.org%2Fdts%2Fcollections%2Fhwgw%2Fs03%2Fed&ref=s03-pg208&tree=published_page
person,gnd-1205166688,J.P. Richters,published_page,page,s03-pg208,http://rs4.ethz.ch/dts/document/?resource=https%3A%2F%2Fexample.org%2Fdts%2Fcollections%2Fhwgw%2Fs03%2Fed&ref=s03-pg208&tree=published_page
person,gnd-1205166688,Jean Paul,published_page,page,s03-pg208,http://rs4.ethz.ch/dts/document/?resource=https%3A%2F%2Fexample.org%2Fdts%2Fcollections%2Fhwgw%2Fs03%2Fed&ref=s03-pg208&tree=published_page
person,gnd-1205166688,Jean Paul,published_page,page,s03-pg208,http://rs4.ethz.ch/dts/document/?resource=https%3A%2F%2Fexample.org%2Fdts%2Fcollections%2Fhwgw%2Fs03%2Fed&ref=s03-pg208&tree=published_page
person,gnd-118634496,Wölfflin,published_page,page,s03-pg208,http://rs4.ethz.ch/dts/document/?resource=https%3A%2F%2Fexample.org%2Fdts%2Fcollections%2Fhwgw%2Fs03%2Fed&ref=s03-pg208&tree=published_page
person,gnd-118607626,Schiller,published_page,page,s03-pg208,http://rs4.ethz.ch/dts/document/?resource=https%3A%2F%2Fexample.org%2Fdts%2Fcollections%2Fhwgw%2Fs03%2Fed&ref=s03-pg208&tree=published_page
person,gnd-118554727,W.v. Humboldt,published_page,page,s03-pg208,http://rs4.ethz.ch/dts/document/?resource=https%3A%2F%2Fexample.org%2Fdts%2Fcollections%2Fhwgw%2Fs03%2Fed&ref=s03-pg208&tree=published_page
person,gnd-118607626,Schiller,published_page,page,s03-pg208,http://rs4.ethz.ch/dts/document/?resource=https%3A%2F%2Fexample.org%2Fdts%2Fcollections%2Fhwgw%2Fs03%2Fed&ref=s03-pg208&tree=published_page
person,gnd-118754971,Charlotte von Lengefeld,published_page,page,s03-pg208,http://rs4.ethz.ch/dts/document/?resource=https%3A%2F%2Fexample.org%2Fdts%2Fcollections%2Fhwgw%2Fs03%2Fed&ref=s03-pg208&tree=published_page
place,gnd-4028557-1,Jena,published_page,page,s03-pg208,http://rs4.ethz.ch/dts/document/?resource=https%3A%2F%2Fexample.org%2Fdts%2Fcollections%2Fhwgw%2Fs03%2Fed&ref=s03-pg208&tree=published_page
organisation,gnd-2031351-2,BSB M,published_page,page,s03-pg208,http://rs4.ethz.ch/dts/document/?resource=https%3A%2F%2Fexample.org%2Fdts%2Fcollections%2Fhwgw%2Fs03%2Fed&ref=s03-pg208&tree=published_page
person,gnd-118538969,Geßner,published_page,page,s03-pg208,http://rs4.ethz.ch/dts/document/?resource=https%3A%2F%2Fexample.org%2Fdts%2Fcollections%2Fhwgw%2Fs03%2Fed&ref=s03-pg208&tree=published_page
person,gnd-118538969,Salomon Gessner,published_page,page,s03-pg208,http://rs4.ethz.ch/dts/document/?resource=https%3A%2F%2Fexample.org%2Fdts%2Fcollections%2Fhwgw%2Fs03%2Fed&ref=s03-pg208&tree=published_page
object,object-Relief-mit-vier-52,"Relief mit vier Putten und Faunherme in Reblaube, in rechteckiger Umrahmung {HW: Kinder in der Weinlaube}",published_page,page,s03-pg208,http://rs4.ethz.ch/dts/document/?resource=https%3A%2F%2Fexample.org%2Fdts%2Fcollections%2Fhwgw%2Fs03%2Fed&ref=s03-pg208&tree=published_page
person,gnd-118634496,Wölfflins,published_page,page,s03-pg208,http://rs4.ethz.ch/dts/document/?resource=https%3A%2F%2Fexample.org%2Fdts%2Fcollections%2Fhwgw%2Fs03%2Fed&ref=s03-pg208&tree=published_page
person,gnd-118538969,S. Geßners,published_page,page,s03-pg211,http://rs4.ethz.ch/dts/document/?resource=https%3A%2F%2Fexample.org%2Fdts%2Fcollections%2Fhwgw%2Fs03%2Fed&ref=s03-pg211&tree=published_page
person,gnd-117184934,J.G. Schultheß,published_page,page,s03-pg211,http://rs4.ethz.ch/dts/document/?resource=https%3A%2F%2Fexample.org%2Fdts%2Fcollections%2Fhwgw%2Fs03%2Fed&ref=s03-pg211&tree=published_page
place,gnd-4068038-1,Zürich,published_page,page,s03-pg211,http://rs4.ethz.ch/dts/document/?resource=https%3A%2F%2Fexample.org%2Fdts%2Fcollections%2Fhwgw%2Fs03%2Fed&ref=s03-pg211&tree=published_page
organisation,gnd-1012546-2,ZB ZH,published_page,page,s03-pg211,http://rs4.ethz.ch/dts/document/?resource=https%3A%2F%2Fexample.org%2Fdts%2Fcollections%2Fhwgw%2Fs03%2Fed&ref=s03-pg211&tree=published_page
place,gnd-4759524-3,Statfort,published_page,page,s03-pg211,http://rs4.ethz.ch/dts/document/?resource=https%3A%2F%2Fexample.org%2Fdts%2Fcollections%2Fhwgw%2Fs03%2Fed&ref=s03-pg211&tree=published_page
person,gnd-141407425,Kraußens,published_page,page,s03-pg211,http://rs4.ethz.ch/dts/document/?resource=https%3A%2F%2Fexample.org%2Fdts%2Fcollections%2Fhwgw%2Fs03%2Fed&ref=s03-pg211&tree=published_page
person,gnd-141407425,Johann Victor Krause,published_page,page,s03-pg211,http://rs4.ethz.ch/dts/document/?resource=https%3A%2F%2Fexample.org%2Fdts%2Fcollections%2Fhwgw%2Fs03%2Fed&ref=s03-pg211&tree=published_page
person,gnd-118570293,Lavater,published_page,page,s03-pg211,http://rs4.ethz.ch/dts/document/?resource=https%3A%2F%2Fexample.org%2Fdts%2Fcollections%2Fhwgw%2Fs03%2Fed&ref=s03-pg211&tree=published_page
person,gnd-118634496,Wölfflins,published_page,page,s03-pg211,http://rs4.ethz.ch/dts/document/?resource=https%3A%2F%2Fexample.org%2Fdts%2Fcollections%2Fhwgw%2Fs03%2Fed&ref=s03-pg211&tree=published_page
person,gnd-119020890,Hirzeln,published_page,page,s03-pg211,http://rs4.ethz.ch/dts/document/?resource=https%3A%2F%2Fexample.org%2Fdts%2Fcollections%2Fhwgw%2Fs03%2Fed&ref=s03-pg211&tree=published_page
person,gnd-1299584608,Kellern,published_page,page,s03-pg211,http://rs4.ethz.ch/dts/document/?resource=https%3A%2F%2Fexample.org%2Fdts%2Fcollections%2Fhwgw%2Fs03%2Fed&ref=s03-pg211&tree=published_page
person,gnd-117752266,Füßli,published_page,page,s03-pg211,http://rs4.ethz.ch/dts/document/?resource=https%3A%2F%2Fexample.org%2Fdts%2Fcollections%2Fhwgw%2Fs03%2Fed&ref=s03-pg211&tree=published_page
person,gnd-118634496,Wölfflins,published_page,page,s03-pg211,http://rs4.ethz.ch/dts/document/?resource=https%3A%2F%2Fexample.org%2Fdts%2Fcollections%2Fhwgw%2Fs03%2Fed&ref=s03-pg211&tree=published_page
person,gnd-1299584608,Keller,published_page,page,s03-pg211,http://rs4.ethz.ch/dts/document/?resource=https%3A%2F%2Fexample.org%2Fdts%2Fcollections%2Fhwgw%2Fs03%2Fed&ref=s03-pg211&tree=published_page
organisation,gnd-1012546-2,ZB ZH,published_page,page,s03-pg211,http://rs4.ethz.ch/dts/document/?resource=https%3A%2F%2Fexample.org%2Fdts%2Fcollections%2Fhwgw%2Fs03%2Fed&ref=s03-pg211&tree=published_page
person,gnd-1299584608,Keller,published_page,page,s03-pg211,http://rs4.ethz.ch/dts/document/?resource=https%3A%2F%2Fexample.org%2Fdts%2Fcollections%2Fhwgw%2Fs03%2Fed&ref=s03-pg211&tree=published_page
place,gnd-7724398-5,Goldbach,published_page,page,s03-pg211,http://rs4.ethz.ch/dts/document/?resource=https%3A%2F%2Fexample.org%2Fdts%2Fcollections%2Fhwgw%2Fs03%2Fed&ref=s03-pg211&tree=published_page
person,gnd-116718846,Wilhelm Creizenach,published_page,page,s03-pg212,http://rs4.ethz.ch/dts/document/?resource=https%3A%2F%2Fexample.org%2Fdts%2Fcollections%2Fhwgw%2Fs03%2Fed&ref=s03-pg212&tree=published_page
person,gnd-119023784,Samuel Gotthold Langes,published_page,page,s03-pg212,http://rs4.ethz.ch/dts/document/?resource=https%3A%2F%2Fexample.org%2Fdts%2Fcollections%2Fhwgw%2Fs03%2Fed&ref=s03-pg212&tree=published_page
person,gnd-118632477,Wielands,published_page,page,s03-pg212,http://rs4.ethz.ch/dts/document/?resource=https%3A%2F%2Fexample.org%2Fdts%2Fcollections%2Fhwgw%2Fs03%2Fed&ref=s03-pg212&tree=published_page
person,gnd-118538969,S. Geßner,published_page,page,s03-pg212,http://rs4.ethz.ch/dts/document/?resource=https%3A%2F%2Fexample.org%2Fdts%2Fcollections%2Fhwgw%2Fs03%2Fed&ref=s03-pg212&tree=published_page
place,gnd-4068038-1,Zürich,published_page,page,s03-pg212,http://rs4.ethz.ch/dts/document/?resource=https%3A%2F%2Fexample.org%2Fdts%2Fcollections%2Fhwgw%2Fs03%2Fed&ref=s03-pg212&tree=published_page
person,gnd-117752266,Füßli,published_page,page,s03-pg213,http://rs4.ethz.ch/dts/document/?resource=https%3A%2F%2Fexample.org%2Fdts%2Fcollections%2Fhwgw%2Fs03%2Fed&ref=s03-pg213&tree=published_page
organisation,gnd-1012546-2,ZB ZH,published_page,page,s03-pg213,http://rs4.ethz.ch/dts/document/?resource=https%3A%2F%2Fexample.org%2Fdts%2Fcollections%2Fhwgw%2Fs03%2Fed&ref=s03-pg213&tree=published_page
person,gnd-118723499,Kleists,published_page,page,s03-pg214,http://rs4.ethz.ch/dts/document/?resource=https%3A%2F%2Fexample.org%2Fdts%2Fcollections%2Fhwgw%2Fs03%2Fed&ref=s03-pg214&tree=published_page
person,gnd-119020890,Hirzel,published_page,page,s03-pg214,http://rs4.ethz.ch/dts/document/?resource=https%3A%2F%2Fexample.org%2Fdts%2Fcollections%2Fhwgw%2Fs03%2Fed&ref=s03-pg214&tree=published_page
person,gnd-118538969,S. Geßner,published_page,page,s03-pg214,http://rs4.ethz.ch/dts/document/?resource=https%3A%2F%2Fexample.org%2Fdts%2Fcollections%2Fhwgw%2Fs03%2Fed&ref=s03-pg214&tree=published_page
place,gnd-4068038-1,Zürich,published_page,page,s03-pg215,http://rs4.ethz.ch/dts/document/?resource=https%3A%2F%2Fexample.org%2Fdts%2Fcollections%2Fhwgw%2Fs03%2Fed&ref=s03-pg215&tree=published_page
person,gnd-117374377,Sulzer,published_page,page,s03-pg215,http://rs4.ethz.ch/dts/document/?resource=https%3A%2F%2Fexample.org%2Fdts%2Fcollections%2Fhwgw%2Fs03%2Fed&ref=s03-pg215&tree=published_page
place,gnd-4066337-1,Winterthur,published_page,page,s03-pg215,http://rs4.ethz.ch/dts/document/?resource=https%3A%2F%2Fexample.org%2Fdts%2Fcollections%2Fhwgw%2Fs03%2Fed&ref=s03-pg215&tree=published_page
person,gnd-121037266,Heßen,published_page,page,s03-pg215,http://rs4.ethz.ch/dts/document/?resource=https%3A%2F%2Fexample.org%2Fdts%2Fcollections%2Fhwgw%2Fs03%2Fed&ref=s03-pg215&tree=published_page
person,gnd-121037266,Felix Hess,published_page,page,s03-pg215,http://rs4.ethz.ch/dts/document/?resource=https%3A%2F%2Fexample.org%2Fdts%2Fcollections%2Fhwgw%2Fs03%2Fed&ref=s03-pg215&tree=published_page
person,gnd-119020890,Hirzeln,published_page,page,s03-pg215,http://rs4.ethz.ch/dts/document/?resource=https%3A%2F%2Fexample.org%2Fdts%2Fcollections%2Fhwgw%2Fs03%2Fed&ref=s03-pg215&tree=published_page
place,gnd-4051993-4,Schaffhausen,published_page,page,s03-pg215,http://rs4.ethz.ch/dts/document/?resource=https%3A%2F%2Fexample.org%2Fdts%2Fcollections%2Fhwgw%2Fs03%2Fed&ref=s03-pg215&tree=published_page
place,gnd-4034750-3,Lausanne,published_page,page,s03-pg215,http://rs4.ethz.ch/dts/document/?resource=https%3A%2F%2Fexample.org%2Fdts%2Fcollections%2Fhwgw%2Fs03%2Fed&ref=s03-pg215&tree=published_page
person,gnd-123714141,Fostern,published_page,page,s03-pg215,http://rs4.ethz.ch/dts/document/?resource=https%3A%2F%2Fexample.org%2Fdts%2Fcollections%2Fhwgw%2Fs03%2Fed&ref=s03-pg215&tree=published_page
person,gnd-119023784,Langens,published_page,page,s03-pg215,http://rs4.ethz.ch/dts/document/?resource=https%3A%2F%2Fexample.org%2Fdts%2Fcollections%2Fhwgw%2Fs03%2Fed&ref=s03-pg215&tree=published_page
person,gnd-119020890,Hirzel,published_page,page,s03-pg215,http://rs4.ethz.ch/dts/document/?resource=https%3A%2F%2Fexample.org%2Fdts%2Fcollections%2Fhwgw%2Fs03%2Fed&ref=s03-pg215&tree=published_page
person,gnd-11855333X,Homers,published_page,page,s03-pg215,http://rs4.ethz.ch/dts/document/?resource=https%3A%2F%2Fexample.org%2Fdts%2Fcollections%2Fhwgw%2Fs03%2Fed&ref=s03-pg215&tree=published_page
person,gnd-118743368,Rabnern,published_page,page,s03-pg215,http://rs4.ethz.ch/dts/document/?resource=https%3A%2F%2Fexample.org%2Fdts%2Fcollections%2Fhwgw%2Fs03%2Fed&ref=s03-pg215&tree=published_page
person,gnd-119020890,Hirzels,published_page,page,s03-pg215,http://rs4.ethz.ch/dts/document/?resource=https%3A%2F%2Fexample.org%2Fdts%2Fcollections%2Fhwgw%2Fs03%2Fed&ref=s03-pg215&tree=published_page
person,gnd-118632477,Wieland,published_page,page,s03-pg215,http://rs4.ethz.ch/dts/document/?resource=https%3A%2F%2Fexample.org%2Fdts%2Fcollections%2Fhwgw%2Fs03%2Fed&ref=s03-pg215&tree=published_page
person,gnd-11851024X,Beßer,published_page,page,s03-pg215,http://rs4.ethz.ch/dts/document/?resource=https%3A%2F%2Fexample.org%2Fdts%2Fcollections%2Fhwgw%2Fs03%2Fed&ref=s03-pg215&tree=published_page
person,gnd-118717758,Gleim,published_page,page,s03-pg215,http://rs4.ethz.ch/dts/document/?resource=https%3A%2F%2Fexample.org%2Fdts%2Fcollections%2Fhwgw%2Fs03%2Fed&ref=s03-pg215&tree=published_page
person,gnd-118634496,Wölfflin,published_page,page,s03-pg216,http://rs4.ethz.ch/dts/document/?resource=https%3A%2F%2Fexample.org%2Fdts%2Fcollections%2Fhwgw%2Fs03%2Fed&ref=s03-pg216&tree=published_page
organisation,gnd-1012546-2,ZB ZH,published_page,page,s03-pg216,http://rs4.ethz.ch/dts/document/?resource=https%3A%2F%2Fexample.org%2Fdts%2Fcollections%2Fhwgw%2Fs03%2Fed&ref=s03-pg216&tree=published_page
person,gnd-118512315,Bodmern,published_page,page,s03-pg216,http://rs4.ethz.ch/dts/document/?resource=https%3A%2F%2Fexample.org%2Fdts%2Fcollections%2Fhwgw%2Fs03%2Fed&ref=s03-pg216&tree=published_page
person,gnd-118514881,Breitingern,published_page,page,s03-pg216,http://rs4.ethz.ch/dts/document/?resource=https%3A%2F%2Fexample.org%2Fdts%2Fcollections%2Fhwgw%2Fs03%2Fed&ref=s03-pg216&tree=published_page
person,gnd-11699908X,Zimmern,published_page,page,s03-pg216,http://rs4.ethz.ch/dts/document/?resource=https%3A%2F%2Fexample.org%2Fdts%2Fcollections%2Fhwgw%2Fs03%2Fed&ref=s03-pg216&tree=published_page
person,gnd-118512315,Bodmer,published_page,page,s03-pg216,http://rs4.ethz.ch/dts/document/?resource=https%3A%2F%2Fexample.org%2Fdts%2Fcollections%2Fhwgw%2Fs03%2Fed&ref=s03-pg216&tree=published_page
person,gnd-118512315,Bodmer,published_page,page,s03-pg216,http://rs4.ethz.ch/dts/document/?resource=https%3A%2F%2Fexample.org%2Fdts%2Fcollections%2Fhwgw%2Fs03%2Fed&ref=s03-pg216&tree=published_page
person,gnd-118538969,Geßner,published_page,page,s03-pg216,http://rs4.ethz.ch/dts/document/?resource=https%3A%2F%2Fexample.org%2Fdts%2Fcollections%2Fhwgw%2Fs03%2Fed&ref=s03-pg216&tree=published_page
place,gnd-4068038-1,Zürich,published_page,page,s03-pg216,http://rs4.ethz.ch/dts/document/?resource=https%3A%2F%2Fexample.org%2Fdts%2Fcollections%2Fhwgw%2Fs03%2Fed&ref=s03-pg216&tree=published_page
place,gnd-7724398-5,Goldbach,published_page,page,s03-pg217,http://rs4.ethz.ch/dts/document/?resource=https%3A%2F%2Fexample.org%2Fdts%2Fcollections%2Fhwgw%2Fs03%2Fed&ref=s03-pg217&tree=published_page
person,gnd-1299584608,Keller,published_page,page,s03-pg217,http://rs4.ethz.ch/dts/document/?resource=https%3A%2F%2Fexample.org%2Fdts%2Fcollections%2Fhwgw%2Fs03%2Fed&ref=s03-pg217&tree=published_page
person,gnd-118717758,Gleim,published_page,page,s03-pg217,http://rs4.ethz.ch/dts/document/?resource=https%3A%2F%2Fexample.org%2Fdts%2Fcollections%2Fhwgw%2Fs03%2Fed&ref=s03-pg217&tree=published_page
person,gnd-118649035,Anacreon,published_page,page,s03-pg217,http://rs4.ethz.ch/dts/document/?resource=https%3A%2F%2Fexample.org%2Fdts%2Fcollections%2Fhwgw%2Fs03%2Fed&ref=s03-pg217&tree=published_page
person,gnd-118717758,Gleim,published_page,page,s03-pg217,http://rs4.ethz.ch/dts/document/?resource=https%3A%2F%2Fexample.org%2Fdts%2Fcollections%2Fhwgw%2Fs03%2Fed&ref=s03-pg217&tree=published_page
person,gnd-118717758,Gleimens,published_page,page,s03-pg217,http://rs4.ethz.ch/dts/document/?resource=https%3A%2F%2Fexample.org%2Fdts%2Fcollections%2Fhwgw%2Fs03%2Fed&ref=s03-pg217&tree=published_page
person,gnd-118538969,Geßner,published_page,page,s03-pg217,http://rs4.ethz.ch/dts/document/?resource=https%3A%2F%2Fexample.org%2Fdts%2Fcollections%2Fhwgw%2Fs03%2Fed&ref=s03-pg217&tree=published_page
person,gnd-118512315,Bodmern,published_page,page,s03-pg217,http://rs4.ethz.ch/dts/document/?resource=https%3A%2F%2Fexample.org%2Fdts%2Fcollections%2Fhwgw%2Fs03%2Fed&ref=s03-pg217&tree=published_page
person,gnd-118632477,Wielands,published_page,page,s03-pg217,http://rs4.ethz.ch/dts/document/?resource=https%3A%2F%2Fexample.org%2Fdts%2Fcollections%2Fhwgw%2Fs03%2Fed&ref=s03-pg217&tree=published_page
place,gnd-4068038-1,Zürich,published_page,page,s03-pg217,http://rs4.ethz.ch/dts/document/?resource=https%3A%2F%2Fexample.org%2Fdts%2Fcollections%2Fhwgw%2Fs03%2Fed&ref=s03-pg217&tree=published_page
place,gnd-4068038-1,Zürich,published_page,page,s03-pg217,http://rs4.ethz.ch/dts/document/?resource=https%3A%2F%2Fexample.org%2Fdts%2Fcollections%2Fhwgw%2Fs03%2Fed&ref=s03-pg217&tree=published_page
person,gnd-118512315,Bodmern,published_page,page,s03-pg218,http://rs4.ethz.ch/dts/document/?resource=https%3A%2F%2Fexample.org%2Fdts%2Fcollections%2Fhwgw%2Fs03%2Fed&ref=s03-pg218&tree=published_page
person,gnd-118512315,Bodmer,published_page,page,s03-pg218,http://rs4.ethz.ch/dts/document/?resource=https%3A%2F%2Fexample.org%2Fdts%2Fcollections%2Fhwgw%2Fs03%2Fed&ref=s03-pg218&tree=published_page
person,gnd-11855333X,Homer,published_page,page,s03-pg218,http://rs4.ethz.ch/dts/document/?resource=https%3A%2F%2Fexample.org%2Fdts%2Fcollections%2Fhwgw%2Fs03%2Fed&ref=s03-pg218&tree=published_page
person,gnd-118595741,Pops,published_page,page,s03-pg218,http://rs4.ethz.ch/dts/document/?resource=https%3A%2F%2Fexample.org%2Fdts%2Fcollections%2Fhwgw%2Fs03%2Fed&ref=s03-pg218&tree=published_page
person,gnd-11855333X,Homer,published_page,page,s03-pg218,http://rs4.ethz.ch/dts/document/?resource=https%3A%2F%2Fexample.org%2Fdts%2Fcollections%2Fhwgw%2Fs03%2Fed&ref=s03-pg218&tree=published_page
person,gnd-118595741,Alexander Pope,published_page,page,s03-pg218,http://rs4.ethz.ch/dts/document/?resource=https%3A%2F%2Fexample.org%2Fdts%2Fcollections%2Fhwgw%2Fs03%2Fed&ref=s03-pg218&tree=published_page
person,gnd-119023784,Langens,published_page,page,s03-pg218,http://rs4.ethz.ch/dts/document/?resource=https%3A%2F%2Fexample.org%2Fdts%2Fcollections%2Fhwgw%2Fs03%2Fed&ref=s03-pg218&tree=published_page
person,gnd-118553569,Horatz,published_page,page,s03-pg218,http://rs4.ethz.ch/dts/document/?resource=https%3A%2F%2Fexample.org%2Fdts%2Fcollections%2Fhwgw%2Fs03%2Fed&ref=s03-pg218&tree=published_page
person,gnd-119023784,Samuel Gotthold Lange,published_page,page,s03-pg218,http://rs4.ethz.ch/dts/document/?resource=https%3A%2F%2Fexample.org%2Fdts%2Fcollections%2Fhwgw%2Fs03%2Fed&ref=s03-pg218&tree=published_page
person,gnd-119020890,Hirzel,published_page,page,s03-pg218,http://rs4.ethz.ch/dts/document/?resource=https%3A%2F%2Fexample.org%2Fdts%2Fcollections%2Fhwgw%2Fs03%2Fed&ref=s03-pg218&tree=published_page
place,gnd-4004164-5,Baden,published_page,page,s03-pg218,http://rs4.ethz.ch/dts/document/?resource=https%3A%2F%2Fexample.org%2Fdts%2Fcollections%2Fhwgw%2Fs03%2Fed&ref=s03-pg218&tree=published_page
person,gnd-118632477,Wieland,published_page,page,s03-pg218,http://rs4.ethz.ch/dts/document/?resource=https%3A%2F%2Fexample.org%2Fdts%2Fcollections%2Fhwgw%2Fs03%2Fed&ref=s03-pg218&tree=published_page
place,gnd-4068038-1,Zürich,published_page,page,s03-pg218,http://rs4.ethz.ch/dts/document/?resource=https%3A%2F%2Fexample.org%2Fdts%2Fcollections%2Fhwgw%2Fs03%2Fed&ref=s03-pg218&tree=published_page
place,gnd-4006424-4,Biberach,published_page,page,s03-pg218,http://rs4.ethz.ch/dts/document/?resource=https%3A%2F%2Fexample.org%2Fdts%2Fcollections%2Fhwgw%2Fs03%2Fed&ref=s03-pg218&tree=published_page
person,gnd-121093107,Vater,published_page,page,s03-pg218,http://rs4.ethz.ch/dts/document/?resource=https%3A%2F%2Fexample.org%2Fdts%2Fcollections%2Fhwgw%2Fs03%2Fed&ref=s03-pg218&tree=published_page
person,gnd-1062499549,Schintz,published_page,page,s03-pg218,http://rs4.ethz.ch/dts/document/?resource=https%3A%2F%2Fexample.org%2Fdts%2Fcollections%2Fhwgw%2Fs03%2Fed&ref=s03-pg218&tree=published_page
person,gnd-118669478,Clarck,published_page,page,s03-pg218,http://rs4.ethz.ch/dts/document/?resource=https%3A%2F%2Fexample.org%2Fdts%2Fcollections%2Fhwgw%2Fs03%2Fed&ref=s03-pg218&tree=published_page
person,gnd-123714141,Fosters,published_page,page,s03-pg218,http://rs4.ethz.ch/dts/document/?resource=https%3A%2F%2Fexample.org%2Fdts%2Fcollections%2Fhwgw%2Fs03%2Fed&ref=s03-pg218&tree=published_page
person,gnd-118669478,Samuel Clarke,published_page,page,s03-pg218,http://rs4.ethz.ch/dts/document/?resource=https%3A%2F%2Fexample.org%2Fdts%2Fcollections%2Fhwgw%2Fs03%2Fed&ref=s03-pg218&tree=published_page
person,gnd-123714141,James Foster,published_page,page,s03-pg218,http://rs4.ethz.ch/dts/document/?resource=https%3A%2F%2Fexample.org%2Fdts%2Fcollections%2Fhwgw%2Fs03%2Fed&ref=s03-pg218&tree=published_page
person,gnd-118538969,S. Geßner,published_page,page,s03-pg218,http://rs4.ethz.ch/dts/document/?resource=https%3A%2F%2Fexample.org%2Fdts%2Fcollections%2Fhwgw%2Fs03%2Fed&ref=s03-pg218&tree=published_page
place,gnd-4068038-1,Zürich,published_page,page,s03-pg218,http://rs4.ethz.ch/dts/document/?resource=https%3A%2F%2Fexample.org%2Fdts%2Fcollections%2Fhwgw%2Fs03%2Fed&ref=s03-pg218&tree=published_page
person,gnd-118632477,Wieland’s,published_page,page,s03-pg219,http://rs4.ethz.ch/dts/document/?resource=https%3A%2F%2Fexample.org%2Fdts%2Fcollections%2Fhwgw%2Fs03%2Fed&ref=s03-pg219&tree=published_page
person,gnd-118632477,Wieland,published_page,page,s03-pg219,http://rs4.ethz.ch/dts/document/?resource=https%3A%2F%2Fexample.org%2Fdts%2Fcollections%2Fhwgw%2Fs03%2Fed&ref=s03-pg219&tree=published_page
person,gnd-118700421,Hagedorns,published_page,page,s03-pg219,http://rs4.ethz.ch/dts/document/?resource=https%3A%2F%2Fexample.org%2Fdts%2Fcollections%2Fhwgw%2Fs03%2Fed&ref=s03-pg219&tree=published_page
person,gnd-116137258,Bernays,published_page,page,s03-pg219,http://rs4.ethz.ch/dts/document/?resource=https%3A%2F%2Fexample.org%2Fdts%2Fcollections%2Fhwgw%2Fs03%2Fed&ref=s03-pg219&tree=published_page
person,gnd-116137258,Michael Bernays,published_page,page,s03-pg219,http://rs4.ethz.ch/dts/document/?resource=https%3A%2F%2Fexample.org%2Fdts%2Fcollections%2Fhwgw%2Fs03%2Fed&ref=s03-pg219&tree=published_page
organisation,gnd-1012546-2,ZB ZH,published_page,page,s03-pg219,http://rs4.ethz.ch/dts/document/?resource=https%3A%2F%2Fexample.org%2Fdts%2Fcollections%2Fhwgw%2Fs03%2Fed&ref=s03-pg219&tree=published_page
person,gnd-118634496,Wölfflin,published_page,page,s03-pg219,http://rs4.ethz.ch/dts/document/?resource=https%3A%2F%2Fexample.org%2Fdts%2Fcollections%2Fhwgw%2Fs03%2Fed&ref=s03-pg219&tree=published_page
organisation,gnd-1012546-2,ZB ZH,published_page,page,s03-pg219,http://rs4.ethz.ch/dts/document/?resource=https%3A%2F%2Fexample.org%2Fdts%2Fcollections%2Fhwgw%2Fs03%2Fed&ref=s03-pg219&tree=published_page
person,gnd-118632477,Wieland,published_page,page,s03-pg219,http://rs4.ethz.ch/dts/document/?resource=https%3A%2F%2Fexample.org%2Fdts%2Fcollections%2Fhwgw%2Fs03%2Fed&ref=s03-pg219&tree=published_page
person,gnd-118723499,Kleist,published_page,page,s03-pg219,http://rs4.ethz.ch/dts/document/?resource=https%3A%2F%2Fexample.org%2Fdts%2Fcollections%2Fhwgw%2Fs03%2Fed&ref=s03-pg219&tree=published_page
person,gnd-118723499,Kleist,published_page,page,s03-pg219,http://rs4.ethz.ch/dts/document/?resource=https%3A%2F%2Fexample.org%2Fdts%2Fcollections%2Fhwgw%2Fs03%2Fed&ref=s03-pg219&tree=published_page
person,gnd-118632477,Wieland,published_page,page,s03-pg219,http://rs4.ethz.ch/dts/document/?resource=https%3A%2F%2Fexample.org%2Fdts%2Fcollections%2Fhwgw%2Fs03%2Fed&ref=s03-pg219&tree=published_page
person,gnd-118632477,Wieland,published_page,page,s03-pg219,http://rs4.ethz.ch/dts/document/?resource=https%3A%2F%2Fexample.org%2Fdts%2Fcollections%2Fhwgw%2Fs03%2Fed&ref=s03-pg219&tree=published_page
person,gnd-118634496,Wölfflin,published_page,page,s03-pg219,http://rs4.ethz.ch/dts/document/?resource=https%3A%2F%2Fexample.org%2Fdts%2Fcollections%2Fhwgw%2Fs03%2Fed&ref=s03-pg219&tree=published_page
person,gnd-118512315,Bodmern,published_page,page,s03-pg219,http://rs4.ethz.ch/dts/document/?resource=https%3A%2F%2Fexample.org%2Fdts%2Fcollections%2Fhwgw%2Fs03%2Fed&ref=s03-pg219&tree=published_page
person,gnd-118512315,Bodmern,published_page,page,s03-pg219,http://rs4.ethz.ch/dts/document/?resource=https%3A%2F%2Fexample.org%2Fdts%2Fcollections%2Fhwgw%2Fs03%2Fed&ref=s03-pg219&tree=published_page
person,gnd-1062499549,Schinzen,published_page,page,s03-pg219,http://rs4.ethz.ch/dts/document/?resource=https%3A%2F%2Fexample.org%2Fdts%2Fcollections%2Fhwgw%2Fs03%2Fed&ref=s03-pg219&tree=published_page
person,gnd-118632477,Wieland,published_page,page,s03-pg219,http://rs4.ethz.ch/dts/document/?resource=https%3A%2F%2Fexample.org%2Fdts%2Fcollections%2Fhwgw%2Fs03%2Fed&ref=s03-pg219&tree=published_page
person,gnd-118512315,Bodmer,published_page,page,s03-pg219,http://rs4.ethz.ch/dts/document/?resource=https%3A%2F%2Fexample.org%2Fdts%2Fcollections%2Fhwgw%2Fs03%2Fed&ref=s03-pg219&tree=published_page
person,gnd-118632477,Wielanden,published_page,page,s03-pg219,http://rs4.ethz.ch/dts/document/?resource=https%3A%2F%2Fexample.org%2Fdts%2Fcollections%2Fhwgw%2Fs03%2Fed&ref=s03-pg219&tree=published_page
person,gnd-1062499549,Schinz,published_page,page,s03-pg219,http://rs4.ethz.ch/dts/document/?resource=https%3A%2F%2Fexample.org%2Fdts%2Fcollections%2Fhwgw%2Fs03%2Fed&ref=s03-pg219&tree=published_page
person,gnd-1062499549,Schinz,published_page,page,s03-pg220,http://rs4.ethz.ch/dts/document/?resource=https%3A%2F%2Fexample.org%2Fdts%2Fcollections%2Fhwgw%2Fs03%2Fed&ref=s03-pg220&tree=published_page
person,gnd-119020890,Doktor,published_page,page,s03-pg220,http://rs4.ethz.ch/dts/document/?resource=https%3A%2F%2Fexample.org%2Fdts%2Fcollections%2Fhwgw%2Fs03%2Fed&ref=s03-pg220&tree=published_page
person,gnd-119020890,C. Hirzel,published_page,page,s03-pg220,http://rs4.ethz.ch/dts/document/?resource=https%3A%2F%2Fexample.org%2Fdts%2Fcollections%2Fhwgw%2Fs03%2Fed&ref=s03-pg220&tree=published_page
person,gnd-119020890,Hans Caspar Hirzel,published_page,page,s03-pg220,http://rs4.ethz.ch/dts/document/?resource=https%3A%2F%2Fexample.org%2Fdts%2Fcollections%2Fhwgw%2Fs03%2Fed&ref=s03-pg220&tree=published_page
person,gnd-118723499,Kleisten,published_page,page,s03-pg220,http://rs4.ethz.ch/dts/document/?resource=https%3A%2F%2Fexample.org%2Fdts%2Fcollections%2Fhwgw%2Fs03%2Fed&ref=s03-pg220&tree=published_page
person,gnd-118538969,Geßner,published_page,page,s03-pg220,http://rs4.ethz.ch/dts/document/?resource=https%3A%2F%2Fexample.org%2Fdts%2Fcollections%2Fhwgw%2Fs03%2Fed&ref=s03-pg220&tree=published_page
place,gnd-4068038-1,Zürich,published_page,page,s03-pg220,http://rs4.ethz.ch/dts/document/?resource=https%3A%2F%2Fexample.org%2Fdts%2Fcollections%2Fhwgw%2Fs03%2Fed&ref=s03-pg220&tree=published_page
person,gnd-118723499,Kleist,published_page,page,s03-pg220,http://rs4.ethz.ch/dts/document/?resource=https%3A%2F%2Fexample.org%2Fdts%2Fcollections%2Fhwgw%2Fs03%2Fed&ref=s03-pg220&tree=published_page
place,gnd-4046948-7,Potsdam,published_page,page,s03-pg220,http://rs4.ethz.ch/dts/document/?resource=https%3A%2F%2Fexample.org%2Fdts%2Fcollections%2Fhwgw%2Fs03%2Fed&ref=s03-pg220&tree=published_page
organisation,gnd-1012546-2,ZB ZH,published_page,page,s03-pg220,http://rs4.ethz.ch/dts/document/?resource=https%3A%2F%2Fexample.org%2Fdts%2Fcollections%2Fhwgw%2Fs03%2Fed&ref=s03-pg220&tree=published_page
person,gnd-118723499,Kleisten,published_page,page,s03-pg221,http://rs4.ethz.ch/dts/document/?resource=https%3A%2F%2Fexample.org%2Fdts%2Fcollections%2Fhwgw%2Fs03%2Fed&ref=s03-pg221&tree=published_page
person,gnd-118717758,Gleimen,published_page,page,s03-pg221,http://rs4.ethz.ch/dts/document/?resource=https%3A%2F%2Fexample.org%2Fdts%2Fcollections%2Fhwgw%2Fs03%2Fed&ref=s03-pg221&tree=published_page
person,gnd-118538969,Geßner,published_page,page,s03-pg221,http://rs4.ethz.ch/dts/document/?resource=https%3A%2F%2Fexample.org%2Fdts%2Fcollections%2Fhwgw%2Fs03%2Fed&ref=s03-pg221&tree=published_page
person,gnd-1299578438,Geßner,published_page,page,s03-pg221,http://rs4.ethz.ch/dts/document/?resource=https%3A%2F%2Fexample.org%2Fdts%2Fcollections%2Fhwgw%2Fs03%2Fed&ref=s03-pg221&tree=published_page
place,gnd-4051993-4,Schaffhausen,published_page,page,s03-pg221,http://rs4.ethz.ch/dts/document/?resource=https%3A%2F%2Fexample.org%2Fdts%2Fcollections%2Fhwgw%2Fs03%2Fed&ref=s03-pg221&tree=published_page
organisation,gnd-1012546-2,ZB ZH,published_page,page,s03-pg221,http://rs4.ethz.ch/dts/document/?resource=https%3A%2F%2Fexample.org%2Fdts%2Fcollections%2Fhwgw%2Fs03%2Fed&ref=s03-pg221&tree=published_page
person,gnd-116431520,Gantner,published_page,page,s03-pg224,http://rs4.ethz.ch/dts/document/?resource=https%3A%2F%2Fexample.org%2Fdts%2Fcollections%2Fhwgw%2Fs03%2Fed&ref=s03-pg224&tree=published_page
object,object-Junger-Bacchus-u-54,Knabe ein Mädchen überwältigend,published_page,page,s03-pg224,http://rs4.ethz.ch/dts/document/?resource=https%3A%2F%2Fexample.org%2Fdts%2Fcollections%2Fhwgw%2Fs03%2Fed&ref=s03-pg224&tree=published_page
object,object-Idyllischer-Haus-55,Eingang eines Landhauses,published_page,page,s03-pg224,http://rs4.ethz.ch/dts/document/?resource=https%3A%2F%2Fexample.org%2Fdts%2Fcollections%2Fhwgw%2Fs03%2Fed&ref=s03-pg224&tree=published_page
object,object-Mit-Putten-kmpfe-43,Kampf zwischen See‑ und Landbuben,published_page,page,s03-pg224,http://rs4.ethz.ch/dts/document/?resource=https%3A%2F%2Fexample.org%2Fdts%2Fcollections%2Fhwgw%2Fs03%2Fed&ref=s03-pg224&tree=published_page
object,object-Blumen-Arrangeme-51,Blumen‑Vignette,published_page,page,s03-pg224,http://rs4.ethz.ch/dts/document/?resource=https%3A%2F%2Fexample.org%2Fdts%2Fcollections%2Fhwgw%2Fs03%2Fed&ref=s03-pg224&tree=published_page
object,object-Fruchte-mit-Rose-47,Blumen‑Vignette,published_page,page,s03-pg224,http://rs4.ethz.ch/dts/document/?resource=https%3A%2F%2Fexample.org%2Fdts%2Fcollections%2Fhwgw%2Fs03%2Fed&ref=s03-pg224&tree=published_page
object,object-Zwei-nach-einer-57,Kleine Seebuben im Schilf eine Ente haschend,published_page,page,s03-pg224,http://rs4.ethz.ch/dts/document/?resource=https%3A%2F%2Fexample.org%2Fdts%2Fcollections%2Fhwgw%2Fs03%2Fed&ref=s03-pg224&tree=published_page
object,object-Zwei-tanzende-Pu-48,Tanzende Kinder,published_page,page,s03-pg224,http://rs4.ethz.ch/dts/document/?resource=https%3A%2F%2Fexample.org%2Fdts%2Fcollections%2Fhwgw%2Fs03%2Fed&ref=s03-pg224&tree=published_page
object,object-Putto-lsst-uber-49,"Kind an der Quellurne, die Hand sich netzend",published_page,page,s03-pg224,http://rs4.ethz.ch/dts/document/?resource=https%3A%2F%2Fexample.org%2Fdts%2Fcollections%2Fhwgw%2Fs03%2Fed&ref=s03-pg224&tree=published_page
object,object-Putto-lsst-uber-49,Vignette,published_page,page,s03-pg224,http://rs4.ethz.ch/dts/document/?resource=https%3A%2F%2Fexample.org%2Fdts%2Fcollections%2Fhwgw%2Fs03%2Fed&ref=s03-pg224&tree=published_page
object,object-Idyllen-von-dem-41,Idyllen von 1756,published_page,page,s03-pg224,http://rs4.ethz.ch/dts/document/?resource=https%3A%2F%2Fexample.org%2Fdts%2Fcollections%2Fhwgw%2Fs03%2Fed&ref=s03-pg224&tree=published_page
object,object-Waldige-Landscha-75,Landschaft,published_page,page,s03-pg224,http://rs4.ethz.ch/dts/document/?resource=https%3A%2F%2Fexample.org%2Fdts%2Fcollections%2Fhwgw%2Fs03%2Fed&ref=s03-pg224&tree=published_page
object,object-Baumreiche-Dorfl-76,Landschaft,published_page,page,s03-pg224,http://rs4.ethz.ch/dts/document/?resource=https%3A%2F%2Fexample.org%2Fdts%2Fcollections%2Fhwgw%2Fs03%2Fed&ref=s03-pg224&tree=published_page
object,object-Ein-Mdchen-bring-79,Mädchen am Wasser,published_page,page,s03-pg224,http://rs4.ethz.ch/dts/document/?resource=https%3A%2F%2Fexample.org%2Fdts%2Fcollections%2Fhwgw%2Fs03%2Fed&ref=s03-pg224&tree=published_page
object,object-La-promenade-sur-26,Die Wasserfahrt,published_page,page,s03-pg224,http://rs4.ethz.ch/dts/document/?resource=https%3A%2F%2Fexample.org%2Fdts%2Fcollections%2Fhwgw%2Fs03%2Fed&ref=s03-pg224&tree=published_page
object,object-Relief-mit-vier-52,Kinder in der Weinlaube,published_page,page,s03-pg224,http://rs4.ethz.ch/dts/document/?resource=https%3A%2F%2Fexample.org%2Fdts%2Fcollections%2Fhwgw%2Fs03%2Fed&ref=s03-pg224&tree=published_page
object,object-Im-Grase-sitzend-50,Kind im Gras hockend,published_page,page,s03-pg224,http://rs4.ethz.ch/dts/document/?resource=https%3A%2F%2Fexample.org%2Fdts%2Fcollections%2Fhwgw%2Fs03%2Fed&ref=s03-pg224&tree=published_page
